Variable 1,Variable 2,,Elec_2015_Median,Elec_2015_Mean,Elec_2015_N,Elec_2014_Median,Elec_2014_Mean,Elec_2014_N,Elec_2013_Median,Elec_2013_Mean,Elec_2013_N,Elec_2012_Median,Elec_2012_Mean,Elec_2012_N,Elec_2011_Median,Elec_2011_Mean,Elec_2011_N,Elec_2010_Median,Elec_2010_Mean,Elec_2010_N,Elec_2009_Median,Elec_2009_Mean,Elec_2009_N,Elec_2008_Median,Elec_2008_Mean,Elec_2008_N,Elec_2007_Median,Elec_2007_Mean,Elec_2007_N,Elec_2006_Median,Elec_2006_Mean,Elec_2006_N,Elec_2005_Median,Elec_2005_Mean,Elec_2005_N,Gas_2015_Median,Gas_2015_Mean,Gas_2015_N,Gas_2014_Median,Gas_2014_Mean,Gas_2014_N,Gas_2013_Median,Gas_2013_Mean,Gas_2013_N,Gas_2012_Median,Gas_2012_Mean,Gas_2012_N,Gas_2011_Median,Gas_2011_Mean,Gas_2011_N,Gas_2010_Median,Gas_2010_Mean,Gas_2010_N,Gas_2009_Median,Gas_2009_Mean,Gas_2009_N,Gas_2008_Median,Gas_2008_Mean,Gas_2008_N,Gas_2007_Median,Gas_2007_Mean,Gas_2007_N,Gas_2006_Median,Gas_2006_Mean,Gas_2006_N,Gas_2005_Median,Gas_2005_Mean,Gas_2005_N
Pre 1919,Detached,Pre 1919Detached," 5,200 "," 6,500 "," 70,190 ","5,500","7,700","78,360","5,500","6,900","84,710","5,600","7,100","79,770","5,800","7,200","80,970","5,900","7,300","70,590","5,900","7,300","69,770","5,900","7,300","69,320","6,200","7,500","69,020","6,300","7,600","69,770","6,500","7,800","60,030"," 22,700 "," 23,800 "," 36,770 ","22,600","23,700","37,280","23,200","24,100","34,490","23,900","24,800","32,050","23,700","24,600","33,800","25,400","26,100","30,660","25,300","26,000","33,060","27,300","27,500","28,030","28,100","28,100","27,080","28,700","28,500","26,170","29,500","29,300","24,890"
1919-44,Detached,1919-44Detached," 4,600 "," 5,500 "," 66,480 ","4,700","5,900","68,410","4,700","5,600","69,910","4,800","5,700","62,550","4,900","5,800","63,150","5,000","5,900","64,140","5,000","5,900","63,440","5,000","6,000","63,290","5,300","6,200","63,150","5,300","6,300","63,670","5,500","6,400","57,190"," 22,100 "," 23,200 "," 61,450 ","22,000","23,100","61,760","22,600","23,600","57,530","23,500","24,400","50,770","23,000","24,100","53,300","24,800","25,600","52,230","24,800","25,600","55,490","27,000","27,500","48,900","27,600","28,000","47,700","28,500","28,700","46,530","29,600","29,600","44,470"
1945-64,Detached,1945-64Detached," 4,200 "," 5,000 "," 64,680 ","4,200","5,200","66,530","4,300","5,100","68,230","4,300","5,200","60,270","4,400","5,300","60,760","4,500","5,300","61,450","4,500","5,300","60,960","4,500","5,300","60,600","4,700","5,600","60,630","4,800","5,700","61,150","4,900","5,800","54,030"," 19,400 "," 20,500 "," 61,110 ","19,300","20,500","61,240","19,900","21,000","57,570","20,600","21,700","50,340","20,300","21,500","52,690","21,800","22,800","52,040","21,900","23,000","54,930","24,000","24,900","49,480","24,700","25,500","48,500","25,600","26,200","47,750","26,700","27,300","46,290"
1965-82,Detached,1965-82Detached," 3,900 "," 4,500 "," 152,850 ","3,900","4,600","157,370","4,000","4,600","160,580","4,000","4,700","139,670","4,200","4,800","140,410","4,200","4,900","140,500","4,200","4,900","139,570","4,200","4,900","138,640","4,500","5,200","139,060","4,600","5,300","139,810","4,700","5,400","122,960"," 16,400 "," 17,500 "," 145,190 ","16,500","17,500","145,430","17,000","18,000","137,180","17,600","18,700","118,100","17,400","18,500","123,210","18,600","19,800","120,620","18,900","20,000","126,860","20,900","21,900","116,310","21,500","22,600","114,530","22,400","23,300","112,380","23,400","24,300","109,600"
1983-92,Detached,1983-92Detached," 4,000 "," 4,600 "," 89,170 ","4,000","4,700","91,910","4,100","4,700","94,230","4,100","4,800","83,110","4,300","4,900","83,430","4,400","5,000","84,480","4,300","5,000","84,030","4,400","5,100","83,290","4,700","5,300","83,600","4,800","5,400","84,080","4,800","5,500","74,210"," 15,400 "," 16,300 "," 86,550 ","15,400","16,300","86,660","15,900","16,800","82,680","16,500","17,400","72,710","16,300","17,300","75,620","17,500","18,400","75,820","17,700","18,600","78,390","19,400","20,400","73,620","20,000","20,900","73,040","20,700","21,600","72,240","21,400","22,400","70,840"
1993-99,Detached,1993-99Detached," 4,100 "," 4,700 "," 70,110 ","4,200","4,800","72,710","4,200","4,800","75,670","4,200","4,900","71,210","4,400","5,000","71,410","4,500","5,100","71,550","4,500","5,100","71,220","4,500","5,100","70,500","4,700","5,400","70,840","4,800","5,500","71,150","4,900","5,500","62,970"," 15,400 "," 16,300 "," 68,270 ","15,400","16,400","68,380","15,900","16,800","63,550","16,400","17,400","60,690","16,300","17,300","63,280","17,300","18,300","60,730","17,300","18,400","62,940","18,700","19,800","61,520","19,200","20,200","59,510","19,800","20,800","54,320","20,200","21,200","60,180"
Post 1999,Detached,Post 1999Detached," 4,200 "," 4,900 "," 56,500 ","4,300","5,000","59,260","4,300","4,900","63,670","4,400","5,100","55,370","4,600","5,300","55,520","4,600","5,300","48,410","4,500","5,200","48,020","4,500","5,200","47,300","4,600","5,300","45,890","4,700","5,400","42,830","4,600","5,400","35,000"," 15,500 "," 16,700 "," 48,530 ","15,700","16,800","48,500","16,100","17,300","38,790","16,600","17,900","38,000","16,600","17,900","43,020","17,300","18,700","29,750","17,200","18,600","31,370","18,400","19,600","36,000","19,300","20,400","29,720","20,100","21,300","20,660","21,500","22,000","30,320"
Pre 1919,Semi detached,Pre 1919Semi detached," 3,900 "," 4,800 "," 106,510 ","4,000","5,100","110,200","4,000","4,900","115,090","4,100","5,100","103,910","4,200","5,100","105,130","4,300","5,200","99,740","4,300","5,300","98,520","4,300","5,300","97,900","4,500","5,500","97,920","4,600","5,600","98,710","4,800","5,800","87,810"," 17,200 "," 18,500 "," 92,320 ","17,100","18,500","92,840","17,700","19,000","86,350","18,400","19,700","76,780","18,200","19,500","80,550","19,700","20,900","74,850","19,800","21,000","80,230","21,600","22,600","71,130","22,200","23,200","69,700","22,900","23,800","67,970","23,900","24,600","65,990"
1919-44,Semi detached,1919-44Semi detached," 3,500 "," 4,100 "," 339,700 ","3,600","4,100","350,590","3,600","4,100","353,820","3,600","4,100","306,420","3,700","4,200","308,800","3,700","4,300","313,810","3,700","4,300","311,030","3,700","4,300","309,110","3,900","4,500","310,180","4,000","4,600","311,280","4,000","4,700","269,030"," 14,200 "," 15,000 "," 345,130 ","14,300","15,000","345,860","14,800","15,500","325,480","15,400","16,100","277,410","15,300","16,100","289,490","16,600","17,300","285,880","16,800","17,500","303,310","18,600","19,200","277,080","19,100","19,800","273,640","20,000","20,500","269,100","20,900","21,400","263,320"
1945-64,Semi detached,1945-64Semi detached," 3,400 "," 4,000 "," 297,210 ","3,400","4,000","305,700","3,500","4,000","308,970","3,500","4,000","264,530","3,600","4,100","266,480","3,600","4,100","265,410","3,500","4,100","263,360","3,600","4,200","261,710","3,700","4,400","262,390","3,800","4,400","263,520","3,800","4,600","232,460"," 12,600 "," 13,200 "," 294,500 ","12,700","13,200","295,060","13,100","13,600","278,890","13,700","14,200","234,520","13,700","14,200","244,590","14,800","15,300","237,230","15,000","15,500","251,090","16,600","17,100","230,560","17,200","17,800","227,840","17,900","18,400","224,360","18,900","19,300","219,420"
1965-82,Semi detached,1965-82Semi detached," 3,300 "," 3,900 "," 171,490 ","3,400","3,900","177,100","3,400","3,900","179,240","3,400","4,000","153,610","3,600","4,100","154,460","3,600","4,100","153,940","3,600","4,200","152,950","3,600","4,200","151,800","3,800","4,400","152,450","3,900","4,500","153,230","4,000","4,700","133,090"," 12,000 "," 12,600 "," 172,600 ","12,100","12,700","172,830","12,500","13,100","162,700","13,100","13,600","137,340","13,000","13,600","143,570","14,100","14,600","138,940","14,300","14,800","147,150","15,800","16,400","135,010","16,400","17,000","133,870","17,100","17,700","131,660","18,000","18,500","128,900"
1983-92,Semi detached,1983-92Semi detached," 3,100 "," 3,800 "," 43,440 ","3,100","3,800","44,860","3,200","3,800","45,600","3,200","3,900","39,830","3,300","4,000","40,000","3,300","4,000","40,040","3,300","4,000","39,780","3,300","4,100","39,440","3,500","4,300","39,570","3,500","4,300","39,770","3,600","4,500","35,460"," 9,600 "," 10,200 "," 42,150 ","9,600","10,200","42,240","9,900","10,500","40,190","10,300","10,900","34,780","10,400","11,000","36,100","11,100","11,600","35,470","11,200","11,800","37,080","12,400","13,000","34,520","12,800","13,400","34,380","13,200","13,800","34,210","13,800","14,400","33,480"
1993-99,Semi detached,1993-99Semi detached," 3,200 "," 3,800 "," 37,430 ","3,200","3,800","39,000","3,200","3,800","40,170","3,200","3,800","37,330","3,300","3,900","37,450","3,300","3,900","36,950","3,300","3,900","36,750","3,300","4,000","36,330","3,400","4,200","36,460","3,500","4,200","36,610","3,500","4,300","32,250"," 9,400 "," 10,000 "," 36,830 ","9,500","10,100","36,910","9,800","10,400","34,510","10,100","10,700","32,520","10,200","10,800","33,880","10,900","11,500","32,080","11,000","11,600","33,360","12,000","12,600","32,110","12,400","13,100","31,320","12,700","13,400","30,020","13,300","14,000","31,100"
Post 1999,Semi detached,Post 1999Semi detached," 3,200 "," 3,700 "," 28,850 ","3,200","3,800","30,380","3,200","3,700","32,330","3,200","3,700","25,990","3,300","3,800","26,060","3,300","3,800","22,750","3,300","3,800","22,550","3,200","3,700","22,200","3,300","3,800","20,950","3,300","3,900","18,540","3,300","3,800","14,380"," 10,100 "," 10,900 "," 23,930 ","10,200","11,000","23,880","10,400","11,200","19,410","10,700","11,600","17,380","10,800","11,700","19,790","11,300","12,200","13,370","11,200","12,200","14,110","12,200","13,100","16,340","13,400","14,100","14,100","13,900","14,500","9,500","14,500","15,100","12,670"
Pre 1919,End terrace,Pre 1919End terrace," 3,300 "," 4,000 "," 84,410 ","3,300","4,200","87,260","3,300","4,100","89,150","3,400","4,200","80,660","3,500","4,200","81,790","3,500","4,300","76,900","3,500","4,400","75,800","3,500","4,400","75,250","3,700","4,600","75,390","3,700","4,600","75,950","3,900","4,800","66,060"," 14,200 "," 15,200 "," 80,950 ","14,200","15,200","81,270","14,700","15,700","75,470","15,400","16,300","67,100","15,300","16,300","70,170","16,600","17,600","63,900","16,600","17,600","69,430","18,300","19,200","61,120","18,900","19,900","60,410","19,600","20,400","58,890","20,600","21,400","57,400"
1919-44,End terrace,1919-44End terrace," 3,400 "," 3,900 "," 70,660 ","3,400","4,000","72,080","3,400","3,900","72,480","3,400","4,000","62,840","3,500","4,000","63,400","3,500","4,100","65,590","3,500","4,100","64,970","3,500","4,100","64,600","3,600","4,200","64,660","3,700","4,300","64,890","3,800","4,400","58,720"," 12,500 "," 13,300 "," 72,040 ","12,500","13,200","72,080","12,900","13,600","67,820","13,500","14,200","57,830","13,600","14,300","60,360","14,600","15,300","60,310","14,800","15,400","64,510","16,300","17,000","58,680","16,900","17,600","57,720","17,600","18,200","57,020","18,600","19,100","55,640"
1945-64,End terrace,1945-64End terrace," 3,400 "," 3,900 "," 60,710 ","3,400","4,000","62,180","3,400","3,900","62,670","3,400","3,900","53,530","3,500","4,000","53,910","3,500","4,100","53,880","3,400","4,100","53,330","3,500","4,100","53,020","3,600","4,300","53,110","3,700","4,300","53,280","3,700","4,400","48,140"," 11,300 "," 11,800 "," 60,870 ","11,400","11,800","60,880","11,700","12,200","57,400","12,300","12,800","48,300","12,400","12,900","50,430","13,400","13,900","48,660","13,600","14,100","51,790","15,000","15,500","47,080","15,600","16,200","46,560","16,300","16,700","45,980","17,200","17,600","44,970"
1965-82,End terrace,1965-82End terrace," 3,300 "," 3,900 "," 73,550 ","3,400","4,000","75,210","3,400","4,000","75,830","3,400","4,000","65,090","3,500","4,100","65,560","3,500","4,200","66,730","3,500","4,200","66,140","3,600","4,300","65,760","3,700","4,500","65,630","3,800","4,500","65,970","3,900","4,700","60,000"," 10,800 "," 11,400 "," 72,090 ","10,800","11,400","72,170","11,200","11,700","67,790","11,700","12,200","57,240","11,700","12,300","59,810","12,700","13,200","58,770","12,800","13,400","62,830","14,200","14,700","56,850","14,800","15,400","56,070","15,400","16,000","55,290","16,300","16,800","53,840"
1983-92,End terrace,1983-92End terrace," 3,000 "," 3,800 "," 22,360 ","3,000","3,900","22,870","3,000","3,800","23,280","3,000","4,000","20,470","3,100","4,000","20,590","3,200","4,100","20,620","3,200","4,100","20,500","3,200","4,200","20,350","3,300","4,400","20,360","3,400","4,400","20,460","3,400","4,500","18,850"," 8,800 "," 9,400 "," 20,260 ","8,900","9,500","20,280","9,100","9,700","19,240","9,500","10,100","16,760","9,500","10,100","17,450","10,200","10,800","17,110","10,300","11,000","17,980","11,200","11,900","16,620","11,700","12,400","16,490","12,100","12,800","16,370","12,600","13,300","15,970"
1993-99,End terrace,1993-99End terrace," 3,000 "," 3,800 "," 18,420 ","3,100","3,800","18,940","3,100","3,700","19,580","3,100","3,800","18,160","3,200","3,900","18,200","3,200","3,900","18,510","3,200","3,900","18,370","3,200","4,000","18,260","3,300","4,100","18,220","3,400","4,200","18,350","3,400","4,300","16,590"," 9,100 "," 9,800 "," 17,600 ","9,200","9,800","17,580","9,400","10,000","16,370","9,800","10,400","15,370","9,800","10,500","16,040","10,500","11,300","15,600","10,500","11,300","16,320","11,500","12,300","15,630","11,900","12,700","15,160","12,200","13,000","14,370","12,600","13,500","15,150"
Post 1999,End terrace,Post 1999End terrace," 3,100 "," 3,700 "," 23,830 ","3,200","3,700","24,890","3,200","3,700","26,530","3,100","3,600","20,990","3,200","3,700","21,070","3,200","3,700","18,690","3,200","3,700","18,480","3,100","3,700","18,150","3,200","3,700","16,910","3,300","3,800","14,740","3,200","3,800","11,440"," 10,300 "," 11,100 "," 20,060 ","10,400","11,200","19,930","10,500","11,300","16,280","10,900","11,700","14,340","11,000","11,900","15,970","11,500","12,400","10,820","11,400","12,400","11,440","12,200","13,200","13,320","13,500","14,300","11,490","13,900","14,700","7,240","14,100","15,100","10,320"
Pre 1919,Mid terrace,Pre 1919Mid terrace," 2,900 "," 3,600 "," 356,740 ","3,000","3,700","367,180","3,000","3,600","371,650","3,000","3,700","325,490","3,100","3,700","329,840","3,100","3,800","317,800","3,100","3,800","313,360","3,100","3,800","311,700","3,300","4,000","312,270","3,300","4,100","314,410","3,500","4,300","273,980"," 11,600 "," 12,600 "," 361,770 ","11,600","12,700","363,160","12,100","13,100","336,250","12,600","13,700","288,540","12,700","13,700","301,440","13,600","14,700","279,750","13,600","14,800","305,230","15,100","16,200","269,960","15,700","16,800","266,350","16,300","17,200","261,840","17,100","18,100","255,200"
1919-44,Mid terrace,1919-44Mid terrace," 3,200 "," 3,700 "," 111,280 ","3,200","3,700","113,310","3,200","3,700","113,810","3,200","3,700","98,330","3,300","3,700","99,280","3,300","3,800","102,710","3,300","3,800","101,580","3,300","3,800","101,000","3,400","4,000","101,240","3,500","4,100","101,690","3,500","4,200","92,810"," 11,100 "," 11,700 "," 113,370 ","11,100","11,700","113,480","11,500","12,100","106,780","11,900","12,500","90,750","12,000","12,600","94,410","13,000","13,500","94,400","13,100","13,700","101,040","14,400","15,000","91,750","15,000","15,600","90,690","15,600","16,100","89,440","16,400","16,900","87,410"
1945-64,Mid terrace,1945-64Mid terrace," 3,300 "," 3,800 "," 91,390 ","3,300","3,900","93,440","3,300","3,800","94,120","3,300","3,900","80,090","3,400","4,000","80,780","3,400","4,000","80,280","3,400","3,900","79,520","3,400","4,000","79,030","3,500","4,200","79,160","3,600","4,200","79,440","3,600","4,300","72,410"," 10,600 "," 11,000 "," 91,760 ","10,700","11,100","91,720","11,100","11,500","86,740","11,600","11,900","72,790","11,600","12,000","75,520","12,600","13,000","72,850","12,700","13,200","77,630","14,100","14,500","70,930","14,700","15,200","70,070","15,200","15,600","69,120","16,000","16,400","67,280"
1965-82,Mid terrace,1965-82Mid terrace," 3,200 "," 3,800 "," 127,760 ","3,200","3,800","130,120","3,300","3,800","131,200","3,300","3,800","112,510","3,400","3,900","113,370","3,400","4,000","115,000","3,400","4,000","113,930","3,400","4,100","113,190","3,600","4,300","113,270","3,700","4,400","113,690","3,700","4,500","103,580"," 9,600 "," 10,100 "," 124,460 ","9,700","10,200","124,690","9,900","10,400","116,860","10,400","10,800","98,650","10,500","11,000","102,880","11,300","11,800","100,510","11,500","12,000","107,790","12,600","13,200","97,460","13,200","13,800","96,150","13,700","14,300","94,910","14,500","15,000","91,970"
1983-92,Mid terrace,1983-92Mid terrace," 2,800 "," 3,600 "," 34,890 ","2,800","3,700","35,390","2,900","3,600","35,940","2,900","3,800","31,710","3,000","3,800","31,880","3,000","3,900","32,410","3,000","4,000","32,140","3,100","4,000","31,920","3,200","4,200","31,960","3,300","4,200","32,150","3,400","4,400","29,770"," 7,700 "," 8,400 "," 30,370 ","7,800","8,400","30,380","8,000","8,700","28,710","8,300","8,900","25,070","8,300","9,000","26,030","9,100","9,700","25,500","9,100","9,800","27,090","10,000","10,700","24,780","10,500","11,200","24,510","10,700","11,500","24,480","11,300","12,100","23,860"
1993-99,Mid terrace,1993-99Mid terrace," 2,800 "," 3,600 "," 24,430 ","2,900","3,600","25,030","2,900","3,600","25,980","2,800","3,600","23,920","3,000","3,600","24,030","3,000","3,700","24,690","3,000","3,700","24,470","3,000","3,800","24,300","3,100","3,900","24,330","3,200","3,900","24,430","3,200","4,100","22,200"," 8,200 "," 8,900 "," 22,890 ","8,200","8,900","22,910","8,400","9,100","21,390","8,700","9,500","19,960","8,900","9,600","20,880","9,400","10,200","20,440","9,400","10,300","21,440","10,300","11,100","20,330","10,700","11,600","19,730","10,900","11,900","18,890","11,400","12,300","19,800"
Post 1999,Mid terrace,Post 1999Mid terrace," 3,000 "," 3,600 "," 31,310 ","3,100","3,600","32,630","3,100","3,500","34,750","3,000","3,500","27,800","3,100","3,600","27,890","3,100","3,600","25,000","3,100","3,600","24,740","3,000","3,500","24,360","3,100","3,600","22,810","3,100","3,600","20,050","3,100","3,600","15,590"," 9,800 "," 10,700 "," 26,520 ","9,800","10,700","26,370","10,100","10,900","21,240","10,300","11,100","18,870","10,400","11,300","21,140","11,000","11,900","14,400","10,900","11,800","15,370","11,600","12,500","17,680","12,700","13,600","15,200","13,100","14,000","9,830","13,200","14,200","13,830"
Pre 1919,Bungalow,Pre 1919Bungalow," 3,500 "," 4,700 "," 7,780 ","3,600","5,100","8,210","3,700","4,900","9,140","3,800","5,200","8,460","3,800","5,100","8,610","3,800","5,200","7,240","3,800","5,200","7,170","3,900","5,200","7,160","4,000","5,400","7,110","4,100","5,500","7,160","4,000","5,500","6,490"," 14,300 "," 15,600 "," 4,930 ","14,400","15,600","5,000","15,000","16,200","4,650","15,600","16,800","4,400","15,400","16,700","4,610","16,800","17,700","4,170","16,800","17,900","4,490","18,500","19,600","3,970","19,200","20,200","3,860","19,400","20,500","3,840","20,600","21,500","3,680"
1919-44,Bungalow,1919-44Bungalow," 3,300 "," 4,200 "," 51,060 ","3,400","4,300","52,800","3,400","4,200","54,110","3,400","4,300","48,140","3,500","4,400","48,550","3,500","4,400","48,890","3,500","4,400","48,510","3,500","4,500","48,320","3,700","4,700","48,300","3,700","4,700","48,580","3,800","4,800","45,340"," 14,700 "," 15,700 "," 47,220 ","14,600","15,600","47,670","15,100","16,000","45,250","15,700","16,600","39,460","15,500","16,500","41,340","16,800","17,700","41,150","16,900","17,800","43,240","18,600","19,500","39,780","19,300","20,200","39,130","19,900","20,800","38,640","20,800","21,700","37,790"
1945-64,Bungalow,1945-64Bungalow," 2,900 "," 3,700 "," 129,920 ","2,900","3,800","135,480","2,900","3,700","138,560","2,900","3,800","120,400","3,000","3,900","121,220","3,000","3,900","122,260","3,000","3,900","121,480","3,000","3,900","120,820","3,100","4,100","120,790","3,200","4,200","121,610","3,200","4,300","108,630"," 12,800 "," 13,900 "," 122,470 ","12,800","13,800","123,080","13,200","14,200","117,300","13,700","14,700","100,010","13,600","14,700","104,270","14,600","15,600","103,660","14,800","15,800","108,170","16,300","17,400","100,190","17,000","18,000","99,040","17,600","18,600","97,510","18,400","19,400","95,210"
1965-82,Bungalow,1965-82Bungalow," 2,800 "," 3,700 "," 139,820 ","2,900","3,800","146,440","2,900","3,700","149,680","2,900","3,800","129,660","3,000","3,800","130,200","3,000","3,900","126,340","2,900","3,900","125,710","2,900","4,000","125,080","3,100","4,200","125,210","3,200","4,200","125,870","3,200","4,300","111,600"," 11,800 "," 12,800 "," 122,010 ","11,700","12,800","122,270","12,100","13,100","116,470","12,700","13,700","98,920","12,600","13,700","103,020","13,500","14,500","99,370","13,600","14,700","103,590","15,100","16,200","96,140","15,800","16,900","95,260","16,300","17,400","93,740","17,200","18,200","90,980"
1983-92,Bungalow,1983-92Bungalow," 2,800 "," 3,800 "," 38,880 ","2,800","3,800","40,840","2,800","3,800","42,080","2,800","3,900","36,830","2,900","3,900","36,930","2,900","3,900","35,580","2,900","3,900","35,450","2,900","4,000","35,190","3,000","4,200","35,340","3,100","4,200","35,480","3,100","4,300","31,960"," 11,100 "," 12,100 "," 33,610 ","11,000","12,100","33,700","11,400","12,400","32,410","11,800","12,900","28,230","11,800","12,900","29,300","12,600","13,800","28,570","12,800","14,000","29,380","14,100","15,300","27,730","14,700","16,000","27,740","15,200","16,400","27,320","15,900","17,100","26,690"
1993-99,Bungalow,1993-99Bungalow," 2,900 "," 3,900 "," 12,350 ","3,000","4,000","13,030","3,000","3,900","13,710","3,000","4,100","12,850","3,100","4,100","12,920","3,100","4,100","12,450","3,100","4,100","12,370","3,100","4,100","12,280","3,200","4,300","12,350","3,300","4,400","12,400","3,300","4,500","11,300"," 11,000 "," 12,200 "," 10,160 ","11,000","12,200","10,170","11,300","12,500","9,730","11,700","13,000","9,340","11,700","13,000","9,690","12,400","13,800","9,500","12,600","13,900","9,800","13,700","15,100","9,350","14,200","15,600","9,260","14,500","15,900","9,000","15,200","16,500","8,940"
Post 1999,Bungalow,Post 1999Bungalow," 3,000 "," 3,800 "," 9,090 ","3,000","4,000","9,630","3,100","3,900","10,520","3,100","4,100","9,330","3,200","4,200","9,370","3,200","4,100","7,520","3,100","4,000","7,450","3,100","4,000","7,360","3,200","4,100","7,080","3,300","4,200","6,530","3,300","4,200","5,330"," 10,700 "," 12,000 "," 5,990 ","10,500","11,900","6,000","10,800","12,300","5,080","11,600","13,000","5,230","11,400","12,900","5,940","12,300","13,700","4,410","12,200","13,700","4,580","13,000","14,500","4,730","13,900","15,200","4,300","14,400","15,800","3,470","15,200","16,500","3,660"
Pre 1919,Converted flat,Pre 1919Converted flat," 2,600 "," 4,000 "," 49,540 ","2,700","4,400","52,530","2,400","3,400","94,410","2,600","3,800","89,450","2,600","3,800","90,760","2,700","3,800","64,790","2,700","3,800","63,880","2,700","3,900","63,520","2,800","4,000","62,490","2,800","4,000","62,210","2,900","4,200","56,720"," 8,300 "," 9,800 "," 55,560 ","8,300","9,800","56,820","8,600","10,200","51,920","9,000","10,800","63,510","9,100","10,900","66,530","10,000","11,700","43,080","10,000","11,700","48,400","10,900","12,700","41,210","11,400","13,200","40,290","11,800","13,600","39,300","12,500","14,400","38,400"
1919-44,Converted flat,1919-44Converted flat," 2,400 "," 3,500 "," 5,770 ","2,400","3,600","6,000","2,400","3,300","7,530","2,500","3,800","7,400","2,600","3,800","7,530","2,500","3,600","6,180","2,500","3,600","6,050","2,600","3,700","6,040","2,700","3,900","5,930","2,700","3,900","5,890","2,800","4,000","5,390"," 7,700 "," 9,000 "," 5,320 ","7,800","9,200","5,470","8,100","9,500","5,050","8,700","10,500","5,740","8,600","10,500","5,960","9,400","10,800","4,710","9,300","10,700","5,230","10,400","11,900","4,510","10,800","12,500","4,410","11,200","12,800","4,310","12,100","13,700","4,100"
1945-64,Converted flat,1945-64Converted flat," 2,700 "," 3,800 "," 2,110 ","2,700","4,000","2,220","2,700","3,800","2,610","2,900","4,400","2,620","3,000","4,300","2,630","2,900","4,100","1,900","2,800","4,100","1,870","2,900","4,100","1,850","3,100","4,300","1,820","3,100","4,400","1,800","3,100","4,500","1,660"," 7,300 "," 8,600 "," 1,630 ","7,500","8,800","1,640","7,900","9,100","1,510","8,500","10,300","1,680","8,700","10,400","1,770","9,100","10,600","1,200","9,200","10,900","1,330","9,900","11,600","1,130","10,500","12,300","1,070","10,900","12,500","1,050","11,800","13,400","1,020"
1965-82,Converted flat,1965-82Converted flat," 2,500 "," 3,800 "," 1,800 ","2,600","4,000","1,880","2,500","3,700","2,240","2,600","4,100","2,070","2,800","4,100","2,110","2,800","4,200","1,640","2,700","4,200","1,590","2,800","4,300","1,610","2,900","4,400","1,550","3,000","4,400","1,530","3,000","4,500","1,360"," 6,800 "," 7,700 ", 980 ,"6,700","7,500",990,"7,100","7,900",920,"7,700","9,600",950,"7,800","9,700","1,010","8,800","10,200",680,"8,600","10,200",780,"9,300","11,300",660,"9,800","11,600",630,"10,300","11,800",620,"10,800","12,500",590
1983-92,Converted flat,1983-92Converted flat," 2,700 "," 4,200 "," 1,780 ","2,900","4,400","1,890","2,800","4,200","2,230","2,900","4,400","2,030","3,000","4,300","2,060","3,500","4,800","2,000","3,400","4,700","1,950","3,400","4,800","1,980","3,600","5,000","1,970","3,500","4,900","1,960","3,500","4,900","1,710"," 6,900 "," 7,900 ", 820 ,"6,900","7,900",830,"7,100","8,200",750,"7,000","8,600",770,"7,200","8,500",810,"7,500","8,700",730,"7,800","8,900",790,"8,400","9,600",700,"8,900","10,100",690,"9,100","10,300",680,"9,800","10,900",670
1993-99,Converted flat,1993-99Converted flat," 3,300 "," 4,800 "," 2,120 ","3,300","4,800","2,260","3,100","4,500","2,800","3,300","4,700","2,840","3,400","4,700","2,860","3,500","4,800","2,690","3,400","4,800","2,650","3,600","5,000","2,630","3,800","5,100","2,620","3,700","5,000","2,630","3,800","5,400","2,240"," 6,300 "," 7,600 "," 1,030 ","6,500","7,600","1,060","6,300","7,800",960,"6,900","8,200","1,100","6,900","8,400","1,140","7,400","9,100","1,030","7,200","8,900","1,140","8,200","9,900",970,"8,700","10,400",950,"8,700","10,600",940,"9,400","11,300",930
Post 1999,Converted flat,Post 1999Converted flat," 3,700 "," 4,800 "," 5,340 ","3,800","5,100","5,600","3,600","4,700","6,890","3,900","5,100","5,990","3,800","4,900","6,080","3,900","5,200","4,790","3,800","5,200","4,710","3,700","5,100","4,670","3,800","5,200","4,430","3,700","5,100","3,970","3,700","5,200","3,020"," 6,700 "," 8,100 "," 1,560 ","6,700","8,000","1,600","6,900","8,300","1,380","7,100","8,500","1,670","7,000","8,700","1,840","7,700","9,500","1,350","7,800","9,600","1,500","8,200","10,000","1,260","8,900","10,700","1,210","9,300","11,000","1,040","10,500","11,600","1,060"
Pre 1919,Purpose built flat,Pre 1919Purpose built flat," 2,300 "," 3,000 "," 21,250 ","2,300","3,200","21,190","2,300","3,000","23,380","2,400","3,300","21,330","2,500","3,300","21,690","2,500","3,200","21,820","2,500","3,200","21,370","2,500","3,300","21,300","2,600","3,400","21,290","2,600","3,400","21,320","2,700","3,500","20,900"," 8,900 "," 9,800 "," 20,310 ","8,900","9,900","20,510","9,400","10,200","18,520","9,800","10,800","17,700","9,700","10,800","18,530","10,500","11,400","17,400","10,600","11,500","19,960","11,700","12,700","16,790","12,200","13,100","16,540","12,600","13,500","16,350","13,400","14,300","15,900"
1919-44,Purpose built flat,1919-44Purpose built flat," 2,200 "," 2,800 "," 35,470 ","2,300","2,900","35,270","2,300","2,800","36,450","2,300","3,000","32,760","2,300","3,000","33,350","2,300","3,000","34,890","2,300","3,000","34,370","2,300","3,000","34,220","2,400","3,100","34,130","2,500","3,200","34,150","2,500","3,300","32,940"," 8,000 "," 8,700 "," 31,080 ","8,000","8,700","31,300","8,300","9,000","28,710","8,500","9,200","26,010","8,600","9,400","27,130","9,400","10,000","26,310","9,400","10,100","29,990","10,300","11,000","25,430","10,800","11,600","25,010","11,200","11,900","24,620","11,900","12,600","23,920"
1945-64,Purpose built flat,1945-64Purpose built flat," 2,300 "," 3,000 "," 121,350 ","2,300","3,200","123,020","2,300","3,000","127,550","2,300","3,100","110,280","2,400","3,100","112,180","2,400","3,200","114,560","2,400","3,200","113,020","2,400","3,300","112,510","2,500","3,400","112,050","2,500","3,400","112,320","2,600","3,500","102,330"," 7,100 "," 7,700 "," 109,270 ","7,000","7,600","110,010","7,300","7,900","102,050","7,600","8,200","87,240","7,800","8,400","90,910","8,600","9,100","87,090","8,600","9,200","98,120","9,500","10,200","84,130","10,100","10,700","83,380","10,400","11,000","81,740","11,100","11,700","78,910"
1965-82,Purpose built flat,1965-82Purpose built flat," 2,200 "," 3,200 "," 178,040 ","2,300","3,300","183,590","2,200","3,100","194,230","2,200","3,300","169,890","2,300","3,300","172,410","2,300","3,400","176,680","2,300","3,400","175,120","2,400","3,500","174,330","2,500","3,600","174,190","2,500","3,600","174,940","2,500","3,700","155,120"," 6,100 "," 6,700 "," 124,400 ","6,100","6,700","125,380","6,300","7,000","116,030","6,600","7,200","99,690","6,700","7,300","104,470","7,300","7,900","99,750","7,300","8,000","112,730","8,100","8,800","97,090","8,500","9,300","96,540","8,800","9,500","94,820","9,500","10,200","90,720"
1983-92,Purpose built flat,1983-92Purpose built flat," 2,700 "," 3,800 "," 65,480 ","2,800","3,800","67,820","2,700","3,600","73,060","2,800","3,900","65,140","2,800","3,800","65,510","3,000","4,000","67,170","2,900","4,000","66,900","3,000","4,100","66,580","3,100","4,200","66,840","3,100","4,100","67,130","3,300","4,400","60,760"," 5,600 "," 6,300 "," 29,770 ","5,700","6,300","29,990","5,800","6,500","28,030","6,000","6,800","25,100","6,100","6,900","26,160","6,600","7,400","25,410","6,700","7,500","27,600","7,400","8,200","24,760","7,800","8,600","24,660","8,000","8,800","24,670","8,500","9,300","23,940"
1993-99,Purpose built flat,1993-99Purpose built flat," 3,100 "," 4,500 "," 29,150 ","3,100","4,300","30,220","3,000","4,000","32,840","3,200","4,300","30,570","3,200","4,200","30,870","3,300","4,400","31,790","3,300","4,400","31,500","3,400","4,500","31,320","3,500","4,600","31,350","3,500","4,500","31,540","3,600","4,700","28,420"," 5,700 "," 6,500 "," 14,440 ","5,800","6,500","14,560","5,900","6,700","13,510","6,100","6,900","13,010","6,200","7,000","13,470","6,700","7,600","13,100","6,800","7,700","14,360","7,400","8,300","12,690","7,700","8,700","12,460","7,900","8,900","12,170","8,600","9,400","12,180"
Post 1999,Purpose built flat,Post 1999Purpose built flat," 2,800 "," 4,000 "," 89,940 ","2,900","4,100","93,390","2,900","3,900","104,960","3,000","4,200","84,960","3,000","4,100","85,320","3,100","4,300","68,630","3,100","4,300","67,830","3,000","4,300","66,760","3,100","4,300","61,780","3,100","4,300","51,450","3,100","4,500","37,340"," 5,800 "," 6,700 "," 32,090 ","5,900","6,700","31,840","6,000","6,800","26,140","6,100","6,900","23,570","6,200","7,100","25,900","6,600","7,500","19,030","6,600","7,700","20,820","7,200","8,100","20,050","8,800","9,200","19,020","9,200","9,600","13,160","11,100","10,400","15,260"
Pre 1919,1 bedroom,Pre 19191 bedroom," 2,200 "," 3,400 "," 42,850 ","2,300","3,700","44,940","2,200","3,100","70,960","2,200","3,300","65,320","2,300","3,300","66,340","2,300","3,400","50,400","2,300","3,400","49,600","2,400","3,500","49,380","2,500","3,600","48,700","2,500","3,600","48,650","2,600","3,800","44,250"," 7,100 "," 8,300 "," 42,800 ","7,100","8,300","43,790","7,300","8,600","39,880","7,600","9,000","44,060","7,700","9,100","46,090","8,600","9,900","32,550","8,500","9,900","36,810","9,400","10,800","31,270","9,900","11,400","30,730","10,200","11,600","30,070","10,900","12,400","29,130"
1919-44,1 bedroom,1919-441 bedroom," 1,900 "," 2,600 "," 18,610 ","1,900","2,700","19,040","1,900","2,600","20,540","1,900","2,700","18,420","2,000","2,700","18,740","1,900","2,700","18,440","1,900","2,700","18,200","1,900","2,800","18,100","2,000","2,900","18,010","2,000","2,900","18,000","2,000","3,000","16,760"," 6,900 "," 7,900 "," 15,600 ","6,900","7,900","15,850","7,300","8,200","14,700","7,500","8,500","13,610","7,600","8,700","14,130","8,400","9,400","13,130","8,400","9,500","14,750","9,500","10,500","12,770","10,100","11,100","12,630","10,300","11,300","12,410","11,100","12,100","11,900"
1945-64,1 bedroom,1945-641 bedroom," 1,800 "," 2,500 "," 57,510 ","1,900","2,600","58,990","1,900","2,500","61,080","1,800","2,600","52,570","1,900","2,600","53,420","1,900","2,600","53,910","1,900","2,700","53,150","1,900","2,700","52,880","1,900","2,800","52,760","2,000","2,800","52,940","2,000","2,900","47,200"," 6,300 "," 6,900 "," 50,830 ","6,300","6,900","51,180","6,600","7,200","47,660","6,900","7,400","40,350","7,000","7,600","42,010","7,800","8,300","39,990","7,800","8,400","44,700","8,800","9,400","38,820","9,300","9,900","38,760","9,600","10,200","37,940","10,400","10,900","36,560"
1965-82,1 bedroom,1965-821 bedroom," 1,800 "," 2,700 "," 107,700 ","1,900","2,800","111,610","1,900","2,600","117,250","1,800","2,700","102,010","1,900","2,800","103,500","1,900","2,800","105,300","1,900","2,900","104,420","1,900","2,900","104,020","2,000","3,100","103,930","2,000","3,000","104,430","2,000","3,100","91,130"," 5,500 "," 6,100 "," 72,300 ","5,600","6,100","72,780","5,800","6,300","67,660","6,000","6,500","57,130","6,100","6,700","59,800","6,600","7,100","57,030","6,700","7,300","63,810","7,500","8,000","55,550","7,900","8,500","55,200","8,100","8,700","54,320","8,800","9,300","51,790"
1983-92,1 bedroom,1983-921 bedroom," 2,400 "," 3,400 "," 55,950 ","2,400","3,400","57,770","2,300","3,300","61,550","2,500","3,600","54,530","2,500","3,500","54,870","2,600","3,600","55,240","2,600","3,600","54,960","2,600","3,700","54,650","2,700","3,800","54,860","2,800","3,800","55,120","3,000","4,000","49,780"," 5,400 "," 5,900 "," 26,160 ","5,400","5,900","26,410","5,600","6,100","24,860","5,800","6,300","21,700","5,800","6,400","22,650","6,300","6,800","21,690","6,400","7,000","23,350","7,100","7,600","21,160","7,400","8,100","21,040","7,700","8,200","21,030","8,200","8,700","20,400"
1993-99,1 bedroom,1993-991 bedroom," 2,700 "," 4,000 "," 18,300 ","2,700","3,800","19,040","2,700","3,600","20,790","2,800","3,800","19,340","2,800","3,800","19,480","3,000","3,900","19,530","3,000","4,000","19,320","3,100","4,100","19,230","3,200","4,200","19,240","3,200","4,100","19,380","3,300","4,300","16,970"," 5,200 "," 5,800 "," 8,840 ","5,200","5,800","8,890","5,400","6,000","8,310","5,500","6,200","7,910","5,600","6,300","8,140","6,200","6,900","7,700","6,200","7,000","8,330","6,900","7,700","7,480","7,300","8,100","7,380","7,500","8,300","7,270","8,000","8,700","7,170"
Post 1999,1 bedroom,Post 19991 bedroom," 2,400 "," 3,400 "," 30,370 ","2,500","3,500","31,410","2,500","3,300","35,940","2,600","3,600","28,970","2,700","3,500","29,170","2,800","3,700","22,320","2,700","3,700","22,050","2,700","3,700","21,840","2,700","3,700","20,060","2,700","3,700","16,840","2,800","3,900","12,370"," 4,800 "," 5,600 "," 9,270 ","4,800","5,600","9,230","4,900","5,700","7,730","5,000","5,900","7,130","5,200","6,100","7,810","5,600","6,400","5,620","5,600","6,800","6,210","6,100","7,200","5,790","7,300","8,100","5,390","7,500","8,400","4,130","9,200","9,200","4,380"
Pre 1919,2 bedrooms,Pre 19192 bedrooms," 2,700 "," 3,500 "," 248,470 ","2,800","3,600","259,280","2,800","3,500","279,520","2,800","3,600","248,470","2,900","3,700","252,120","2,900","3,700","238,290","2,900","3,700","234,710","2,900","3,700","233,390","3,000","3,900","233,250","3,100","3,900","234,900","3,200","4,100","200,550"," 10,500 "," 11,400 "," 242,360 ","10,600","11,400","245,240","11,000","11,800","226,130","11,500","12,300","202,240","11,500","12,400","211,590","12,400","13,200","194,050","12,500","13,300","213,630","13,800","14,700","187,010","14,400","15,300","184,610","14,900","15,700","180,800","15,700","16,500","176,400"
1919-44,2 bedrooms,1919-442 bedrooms," 2,900 "," 3,500 "," 127,950 ","2,900","3,600","132,960","2,900","3,500","135,450","2,900","3,600","118,310","3,000","3,600","119,530","3,000","3,700","122,440","3,000","3,700","121,200","3,000","3,700","120,510","3,100","3,900","120,510","3,200","3,900","121,130","3,200","4,000","109,150"," 11,200 "," 12,000 "," 126,380 ","11,200","12,100","128,700","11,600","12,500","120,890","12,100","12,900","104,430","12,100","12,900","108,680","13,100","13,900","107,900","13,200","14,000","115,900","14,700","15,500","104,400","15,300","16,100","103,100","15,900","16,600","101,410","16,800","17,500","99,010"
1945-64,2 bedrooms,1945-642 bedrooms," 2,700 "," 3,400 "," 209,760 ","2,800","3,500","217,550","2,800","3,400","222,670","2,800","3,500","191,400","2,800","3,600","193,260","2,800","3,600","195,620","2,800","3,600","194,030","2,800","3,600","192,950","2,900","3,800","192,680","3,000","3,800","193,450","3,000","4,000","174,110"," 10,200 "," 10,900 "," 200,850 ","10,200","10,900","203,560","10,600","11,300","191,860","11,000","11,700","162,220","11,100","11,800","168,980","12,000","12,700","165,540","12,100","12,800","177,530","13,500","14,100","160,200","14,100","14,800","158,250","14,600","15,200","155,660","15,400","16,100","151,820"
1965-82,2 bedrooms,1965-822 bedrooms," 2,700 "," 3,600 "," 206,170 ","2,700","3,600","214,030","2,700","3,500","221,050","2,700","3,700","191,130","2,800","3,700","192,670","2,800","3,800","192,430","2,800","3,800","191,030","2,800","3,900","189,940","3,000","4,000","189,950","3,000","4,100","190,760","3,000","4,200","170,030"," 9,100 "," 9,700 "," 178,240 ","9,100","9,800","179,780","9,400","10,100","169,030","9,800","10,400","143,660","9,800","10,500","150,020","10,600","11,200","144,290","10,700","11,300","155,460","11,800","12,500","139,960","12,400","13,100","138,770","12,900","13,600","136,480","13,600","14,300","132,070"
1983-92,2 bedrooms,1983-922 bedrooms," 2,700 "," 3,800 "," 89,150 ","2,700","3,800","92,610","2,800","3,700","95,750","2,700","3,900","84,340","2,800","3,900","84,750","2,900","4,000","84,400","2,800","4,000","83,940","2,900","4,100","83,460","3,000","4,200","83,690","3,000","4,200","84,060","3,100","4,400","75,920"," 8,100 "," 8,700 "," 73,000 ","8,200","8,800","73,520","8,400","9,000","69,790","8,700","9,300","61,040","8,700","9,300","63,440","9,400","10,000","61,590","9,500","10,100","64,810","10,400","11,100","59,870","10,900","11,600","59,740","11,200","11,900","59,300","11,700","12,400","57,830"
1993-99,2 bedrooms,1993-992 bedrooms," 2,700 "," 3,800 "," 56,760 ","2,700","3,700","58,800","2,700","3,600","61,640","2,700","3,800","57,340","2,800","3,800","57,680","2,800","3,800","57,460","2,800","3,800","57,010","2,800","3,900","56,600","2,900","4,000","56,720","3,000","4,000","57,030","3,000","4,200","51,280"," 7,900 "," 8,400 "," 47,190 ","7,900","8,400","47,470","8,100","8,600","44,470","8,400","8,900","41,980","8,500","9,000","43,780","9,000","9,500","41,910","9,100","9,600","44,120","9,900","10,500","41,580","10,300","10,900","40,710","10,600","11,200","39,200","11,100","11,600","40,290"
Post 1999,2 bedrooms,Post 19992 bedrooms," 2,800 "," 3,900 "," 88,230 ","2,800","4,000","91,990","2,800","3,800","101,890","2,800","4,100","83,180","2,900","4,000","83,520","2,900","4,100","69,720","2,900","4,100","68,950","2,900","4,100","67,820","2,900","4,200","63,290","2,900","4,100","54,030","2,900","4,200","40,280"," 7,100 "," 7,800 "," 44,210 ","7,200","7,800","44,000","7,300","7,900","35,980","7,500","8,200","32,680","7,700","8,300","36,430","8,100","8,800","26,280","8,100","8,900","28,270","8,800","9,500","29,510","10,300","10,500","26,810","10,900","11,000","18,340","11,600","11,700","22,710"
Pre 1919,3 bedrooms,Pre 19193 bedrooms," 3,400 "," 4,100 "," 290,900 ","3,400","4,300","301,260","3,500","4,200","312,610","3,500","4,300","277,130","3,600","4,400","280,620","3,600","4,400","255,840","3,600","4,500","252,510","3,700","4,500","251,130","3,800","4,700","251,330","3,900","4,700","252,900","4,000","4,900","225,220"," 13,700 "," 14,700 "," 273,410 ","13,800","14,700","275,560","14,300","15,200","256,600","14,800","15,800","224,460","14,800","15,800","234,670","16,100","17,000","209,070","16,200","17,100","225,850","17,800","18,700","201,370","18,400","19,300","198,370","19,100","19,800","195,000","20,000","20,800","190,170"
1919-44,3 bedrooms,1919-443 bedrooms," 3,500 "," 4,100 "," 462,800 ","3,600","4,100","479,730","3,600","4,100","484,400","3,600","4,100","418,820","3,700","4,200","422,350","3,700","4,300","429,870","3,700","4,300","425,770","3,700","4,300","423,380","3,900","4,500","424,460","3,900","4,500","426,100","4,000","4,700","376,360"," 13,800 "," 14,600 "," 466,850 ","13,900","14,700","472,090","14,300","15,100","444,240","14,900","15,700","377,790","14,800","15,700","394,430","16,100","16,800","390,020","16,200","17,000","414,690","17,900","18,700","378,180","18,600","19,300","373,070","19,300","19,900","367,470","20,200","20,800","359,190"
1945-64,3 bedrooms,1945-643 bedrooms," 3,400 "," 4,000 "," 442,300 ","3,500","4,100","457,220","3,500","4,100","462,990","3,500","4,100","396,540","3,600","4,200","399,620","3,600","4,200","396,550","3,600","4,200","393,190","3,600","4,200","390,840","3,800","4,500","391,560","3,800","4,500","393,510","3,900","4,600","350,300"," 12,600 "," 13,400 "," 435,230 ","12,700","13,400","438,350","13,100","13,800","414,380","13,700","14,400","349,250","13,700","14,400","364,180","14,800","15,500","351,750","15,000","15,700","372,760","16,600","17,300","341,270","17,200","17,900","337,000","17,900","18,500","332,140","18,800","19,400","324,080"
1965-82,3 bedrooms,1965-823 bedrooms," 3,400 "," 3,900 "," 414,700 ","3,400","4,000","429,670","3,400","4,000","435,800","3,400","4,000","374,230","3,600","4,100","376,570","3,600","4,200","375,270","3,600","4,200","372,550","3,600","4,300","370,050","3,800","4,500","370,830","3,900","4,600","372,660","3,900","4,700","330,240"," 11,900 "," 12,600 "," 401,580 ","12,000","12,700","404,730","12,400","13,000","380,950","12,900","13,500","322,170","12,800","13,600","336,270","13,800","14,500","326,230","14,000","14,700","346,350","15,500","16,300","316,410","16,200","16,900","312,760","16,800","17,500","307,990","17,700","18,400","300,370"
1983-92,3 bedrooms,1983-923 bedrooms," 3,400 "," 4,100 "," 87,650 ","3,400","4,100","91,230","3,500","4,100","93,400","3,500","4,200","81,540","3,600","4,300","81,880","3,600","4,300","80,700","3,600","4,300","80,260","3,600","4,400","79,550","3,800","4,600","79,770","3,900","4,600","80,220","3,900","4,800","72,060"," 11,600 "," 12,400 "," 83,710 ","11,700","12,400","84,480","12,000","12,800","80,500","12,500","13,200","70,090","12,500","13,300","72,690","13,400","14,100","71,190","13,500","14,300","74,070","15,000","15,700","69,240","15,500","16,300","68,740","16,000","16,800","68,180","16,700","17,400","66,810"
1993-99,3 bedrooms,1993-993 bedrooms," 3,400 "," 4,000 "," 66,300 ","3,500","4,100","69,330","3,500","4,000","71,910","3,500","4,100","66,710","3,600","4,200","66,950","3,600","4,200","65,860","3,600","4,200","65,480","3,600","4,200","64,810","3,800","4,400","64,990","3,800","4,500","65,310","3,800","4,600","58,360"," 11,000 "," 11,600 "," 64,420 ","11,100","11,700","64,940","11,400","12,000","60,520","11,800","12,400","57,060","11,800","12,500","59,530","12,600","13,300","56,510","12,700","13,400","58,680","13,900","14,500","56,760","14,300","15,000","55,130","14,700","15,400","52,030","15,200","15,900","55,010"
Post 1999,3 bedrooms,Post 19993 bedrooms," 3,300 "," 3,800 "," 68,320 ","3,300","3,900","71,870","3,300","3,800","76,770","3,300","3,900","62,680","3,400","4,000","62,830","3,400","4,000","54,720","3,400","3,900","54,230","3,300","3,900","53,370","3,400","4,000","50,520","3,500","4,000","45,220","3,400","4,000","35,570"," 10,800 "," 11,400 "," 55,770 ","10,900","11,500","55,770","11,000","11,700","44,860","11,400","12,100","41,090","11,500","12,200","46,650","12,100","12,900","31,870","12,000","12,800","33,700","12,900","13,700","38,480","13,800","14,600","33,230","14,400","15,200","22,280","14,500","15,500","30,370"
Pre 1919,4 bedrooms,Pre 19194 bedrooms," 4,500 "," 5,500 "," 77,490 ","4,700","6,000","79,650","4,700","5,700","83,350","4,800","5,900","78,000","4,900","6,000","79,010","5,000","6,000","71,820","5,000","6,000","71,050","5,000","6,000","70,550","5,200","6,300","70,540","5,300","6,300","71,060","5,400","6,500","63,890"," 19,500 "," 20,600 "," 66,050 ","19,600","20,700","64,720","20,300","21,300","59,880","21,100","21,900","55,200","20,800","21,800","57,950","22,800","23,500","52,160","22,800","23,500","56,250","24,900","25,200","49,210","25,500","25,700","48,080","26,200","26,300","46,820","27,300","27,200","45,230"
1919-44,4 bedrooms,1919-444 bedrooms," 4,500 "," 5,300 "," 57,360 ","4,600","5,500","54,150","4,600","5,400","54,950","4,700","5,500","50,650","4,900","5,600","51,050","4,900","5,600","51,340","4,900","5,600","50,840","5,000","5,700","50,650","5,200","5,900","50,680","5,300","6,000","50,940","5,400","6,100","46,270"," 20,200 "," 21,300 "," 55,160 ","20,500","21,600","50,810","21,100","22,200","47,490","21,800","22,800","43,170","21,500","22,600","45,360","23,200","24,100","43,950","23,400","24,200","46,760","25,500","26,000","41,710","26,000","26,500","40,740","26,900","27,300","39,930","27,900","28,100","38,550"
1945-64,4 bedrooms,1945-644 bedrooms," 4,300 "," 5,000 "," 48,960 ","4,300","5,200","46,790","4,400","5,100","47,750","4,400","5,100","43,330","4,600","5,300","43,740","4,600","5,300","43,990","4,600","5,300","43,590","4,600","5,400","43,330","4,900","5,600","43,410","5,000","5,700","43,660","5,000","5,800","39,390"," 17,600 "," 18,800 "," 46,850 ","17,600","18,800","43,670","18,200","19,300","41,130","18,800","20,000","36,990","18,600","19,800","38,620","20,100","21,200","37,950","20,200","21,300","40,050","22,200","23,200","36,170","22,800","23,800","35,570","23,700","24,500","35,060","24,800","25,500","34,140"
1965-82,4 bedrooms,1965-824 bedrooms," 4,100 "," 4,700 "," 104,520 ","4,100","4,800","104,740","4,200","4,800","106,920","4,200","4,800","94,120","4,400","5,000","94,690","4,400","5,100","95,170","4,400","5,100","94,460","4,500","5,100","93,920","4,700","5,400","94,110","4,800","5,500","94,610","4,900","5,600","84,880"," 16,600 "," 17,600 "," 98,860 ","16,700","17,700","96,630","17,200","18,200","91,060","17,800","18,800","79,490","17,600","18,600","83,100","18,900","19,900","81,520","19,100","20,100","85,960","21,100","22,100","78,630","21,800","22,700","77,500","22,600","23,400","75,980","23,600","24,400","74,020"
1983-92,4 bedrooms,1983-924 bedrooms," 4,200 "," 4,800 "," 57,280 ","4,200","4,900","58,340","4,300","4,900","59,900","4,300","4,900","53,150","4,500","5,100","53,310","4,500","5,200","53,740","4,500","5,200","53,440","4,600","5,200","52,990","4,900","5,500","53,200","5,000","5,600","53,460","5,000","5,700","47,560"," 16,200 "," 17,100 "," 55,410 ","16,300","17,100","54,910","16,800","17,600","52,370","17,400","18,200","46,300","17,200","18,100","48,220","18,400","19,300","48,140","18,600","19,500","49,830","20,500","21,300","46,820","21,000","21,900","46,470","21,700","22,600","45,970","22,600","23,400","45,040"
1993-99,4 bedrooms,1993-994 bedrooms," 4,300 "," 4,900 "," 46,290 ","4,400","5,000","47,740","4,400","4,900","49,790","4,400","5,000","47,010","4,700","5,200","47,140","4,700","5,300","47,230","4,700","5,300","46,990","4,700","5,300","46,550","5,000","5,600","46,770","5,100","5,600","46,940","5,100","5,700","41,560"," 16,000 "," 16,800 "," 45,190 ","16,200","16,900","45,010","16,700","17,400","41,870","17,100","17,900","40,050","17,000","17,800","41,740","18,000","18,900","40,040","18,100","18,900","41,570","19,500","20,400","40,630","20,100","20,900","39,220","20,600","21,400","35,670","21,000","21,900","39,780"
Post 1999,4 bedrooms,Post 19994 bedrooms," 4,200 "," 4,800 "," 47,370 ","4,200","4,900","49,650","4,300","4,800","53,290","4,300","4,900","44,920","4,500","5,100","45,040","4,500","5,100","39,190","4,400","5,100","38,790","4,400","5,000","38,160","4,500","5,100","36,660","4,700","5,300","33,430","4,600","5,200","26,860"," 15,100 "," 15,900 "," 40,980 ","15,200","16,000","40,830","15,600","16,400","32,950","16,100","17,000","31,110","16,200","17,000","34,940","16,900","17,800","23,680","16,800","17,700","24,970","17,900","18,800","29,200","19,100","19,700","24,210","20,100","20,600","16,270","21,500","21,200","24,060"
Pre 1919,5 or more bedrooms,Pre 19195 or more bedrooms," 5,900 "," 7,200 "," 36,710 ","6,200","8,500","39,810","6,100","7,400","41,100","6,300","7,700","40,140","6,400","7,800","40,710","6,500","7,800","38,220","6,500","7,800","37,770","6,500","7,800","37,470","6,800","8,000","37,480","6,900","8,100","37,800","7,000","8,300","34,170"," 25,600 "," 25,900 "," 28,000 ","25,500","25,800","27,570","26,300","26,500","25,170","27,000","27,000","24,110","26,700","26,800","25,320","28,700","28,300","23,110","28,500","28,000","25,010","30,300","29,400","20,620","30,600","29,700","19,740","31,400","30,200","19,060","32,400","31,000","17,960"
1919-44,5 or more bedrooms,1919-445 or more bedrooms," 5,700 "," 6,800 "," 13,700 ","5,900","7,700","12,590","5,800","7,000","12,760","5,900","7,100","12,250","6,000","7,200","12,380","6,100","7,300","12,630","6,100","7,300","12,500","6,200","7,300","12,470","6,500","7,600","12,480","6,600","7,700","12,530","6,700","7,800","11,590"," 25,600 "," 26,200 "," 11,630 ","25,800","26,400","10,170","26,600","27,000","9,300","27,100","27,500","8,960","26,800","27,200","9,390","28,300","28,700","8,970","28,300","28,500","9,560","30,100","29,900","8,100","30,500","30,300","7,800","31,500","31,000","7,490","32,300","31,700","7,070"
1945-64,5 or more bedrooms,1945-645 or more bedrooms," 5,000 "," 6,000 "," 8,830 ","5,100","6,500","8,010","5,100","6,100","8,230","5,300","6,400","7,880","5,500","6,500","7,920","5,500","6,600","8,080","5,500","6,600","8,010","5,600","6,600","7,990","5,900","6,900","7,970","6,000","7,000","7,990","6,100","7,200","7,270"," 21,500 "," 22,900 "," 7,850 ","21,500","22,800","6,880","22,100","23,200","6,410","23,000","24,200","6,080","22,700","23,900","6,390","24,300","25,400","6,260","24,300","25,400","6,630","26,500","27,200","5,870","27,000","27,700","5,700","27,900","28,400","5,550","28,800","29,300","5,380"
1965-82,5 or more bedrooms,1965-825 or more bedrooms," 4,800 "," 5,700 "," 12,220 ","4,800","6,100","11,640","4,900","5,800","11,970","5,000","6,000","11,000","5,200","6,200","11,110","5,300","6,300","11,040","5,300","6,200","10,970","5,400","6,300","10,890","5,700","6,600","10,920","5,800","6,700","10,980","5,900","6,800","9,980"," 20,100 "," 21,500 "," 10,750 ","20,100","21,500","9,850","20,700","22,000","9,260","21,900","23,100","8,420","21,500","22,800","8,800","22,800","23,900","8,550","23,000","24,200","9,040","25,100","26,000","8,030","25,700","26,600","7,900","26,800","27,400","7,700","27,800","28,300","7,460"
1983-92,5 or more bedrooms,1983-925 or more bedrooms," 5,200 "," 6,100 "," 5,960 ","5,300","6,600","5,620","5,400","6,400","5,810","5,600","6,500","5,550","5,800","6,800","5,590","5,800","6,800","5,640","5,800","6,800","5,570","6,000","7,000","5,550","6,300","7,300","5,550","6,400","7,400","5,610","6,500","7,400","5,110"," 21,700 "," 22,800 "," 5,250 ","21,900","23,200","4,740","22,700","23,800","4,480","23,300","24,300","4,290","22,900","24,100","4,470","24,600","25,400","4,510","24,600","25,500","4,680","27,000","27,500","4,230","27,500","28,100","4,140","28,200","28,800","4,100","29,100","29,700","4,010"
1993-99,5 or more bedrooms,1993-995 or more bedrooms," 5,400 "," 6,400 "," 6,360 ","5,600","6,900","6,260","5,600","6,600","6,620","5,700","6,600","6,470","5,900","6,900","6,490","6,100","7,000","6,560","6,100","7,000","6,550","6,200","7,000","6,460","6,500","7,300","6,480","6,600","7,400","6,510","6,700","7,600","5,930"," 21,600 "," 22,900 "," 5,580 ","21,900","23,100","5,270","22,800","23,800","4,860","23,600","24,700","5,000","23,500","24,400","5,180","24,700","25,700","5,020","24,600","25,600","5,250","26,400","27,200","4,910","26,700","27,500","4,710","27,500","28,300","4,280","27,900","28,600","4,800"
Post 1999,5 or more bedrooms,Post 19995 or more bedrooms," 5,300 "," 6,200 "," 10,580 ","5,400","6,600","10,880","5,500","6,300","11,770","5,600","6,700","10,700","5,900","6,900","10,740","5,900","6,800","9,380","5,900","6,800","9,300","5,800","6,700","9,160","6,000","6,900","8,870","6,100","6,900","8,150","6,000","6,900","6,640"," 21,500 "," 22,500 "," 8,450 ","21,600","22,500","8,300","22,200","23,100","6,820","22,900","23,900","7,050","22,900","24,000","7,780","24,200","25,300","5,430","23,900","24,900","5,750","25,400","26,200","6,160","26,000","26,700","5,180","27,600","27,900","3,650","29,700","28,300","5,370"
Pre 1919,50 or less,Pre 191950 or less," 2,300 "," 3,600 "," 49,290 ","2,400","3,900","51,650","2,200","3,200","82,600","2,300","3,300","71,830","2,300","3,300","72,920","2,300","3,300","54,320","2,300","3,300","53,430","2,400","3,400","53,140","2,400","3,500","52,370","2,500","3,500","52,160","2,600","3,700","48,160"," 7,400 "," 8,800 "," 51,040 ","7,400","8,900","52,190","7,700","9,100","47,530","7,800","9,000","50,160","7,900","9,100","52,520","8,600","9,700","35,950","8,500","9,700","40,840","9,500","10,700","34,630","9,900","11,200","33,830","10,200","11,500","33,310","11,000","12,300","32,210"
1919-44,50 or less,1919-4450 or less," 2,100 "," 2,700 "," 32,750 ","2,100","2,800","33,000","2,100","2,700","35,070","2,100","2,800","30,800","2,200","2,900","31,330","2,100","2,800","31,210","2,100","2,900","30,780","2,200","2,900","30,630","2,200","3,000","30,490","2,200","3,000","30,510","2,300","3,100","29,100"," 7,600 "," 8,200 "," 28,770 ","7,500","8,200","29,120","7,800","8,500","26,860","8,000","8,600","24,190","8,100","8,800","25,180","8,900","9,400","23,600","8,900","9,500","26,640","9,800","10,500","22,860","10,300","11,000","22,530","10,600","11,300","22,110","11,400","12,000","21,350"
1945-64,50 or less,1945-6450 or less," 2,100 "," 2,800 "," 85,780 ","2,100","3,000","87,120","2,100","2,800","89,980","2,100","2,800","76,880","2,100","2,900","78,230","2,100","2,900","79,020","2,100","2,900","77,940","2,200","3,000","77,590","2,200","3,100","77,290","2,300","3,100","77,490","2,300","3,200","70,850"," 6,700 "," 7,200 "," 75,920 ","6,700","7,200","76,510","6,900","7,500","71,010","7,200","7,700","60,060","7,300","7,900","62,510","8,100","8,600","59,330","8,100","8,700","66,810","9,000","9,600","57,350","9,500","10,100","56,970","9,800","10,300","55,970","10,600","11,000","54,080"
1965-82,50 or less,1965-8250 or less," 2,000 "," 3,000 "," 129,300 ","2,100","3,100","133,430","2,000","2,900","140,500","2,000","3,000","121,460","2,100","3,000","123,260","2,100","3,100","124,980","2,100","3,200","123,910","2,100","3,200","123,390","2,200","3,400","123,260","2,200","3,400","123,730","2,300","3,500","109,620"," 5,600 "," 6,200 "," 86,130 ","5,600","6,200","86,720","5,800","6,400","80,250","6,100","6,500","67,740","6,100","6,700","71,000","6,700","7,200","67,070","6,700","7,300","75,760","7,500","8,000","65,290","7,800","8,400","64,920","8,100","8,700","63,840","8,800","9,300","60,950"
1983-92,50 or less,1983-9250 or less," 2,700 "," 3,800 "," 65,740 ","2,700","3,800","67,960","2,600","3,600","72,730","2,800","3,900","63,130","2,800","3,800","63,470","2,900","3,900","63,620","2,900","4,000","63,350","3,000","4,000","63,070","3,100","4,200","63,310","3,100","4,100","63,570","3,300","4,300","57,610"," 5,500 "," 6,100 "," 29,420 ","5,500","6,100","29,690","5,700","6,300","27,850","5,800","6,300","23,700","5,800","6,400","24,670","6,300","6,800","23,450","6,400","7,000","25,470","7,000","7,600","22,910","7,400","8,000","22,800","7,600","8,200","22,800","8,100","8,600","22,080"
1993-99,50 or less,1993-9950 or less," 3,100 "," 4,400 "," 26,350 ","3,100","4,200","27,390","3,000","4,000","29,850","3,100","4,200","26,520","3,100","4,100","26,760","3,300","4,300","26,920","3,300","4,300","26,630","3,400","4,400","26,520","3,500","4,600","26,520","3,500","4,500","26,720","3,600","4,700","23,840"," 5,600 "," 6,400 "," 12,620 ","5,600","6,400","12,780","5,800","6,600","11,880","5,800","6,300","10,530","5,900","6,500","10,880","6,400","7,000","10,340","6,500","7,200","11,280","7,100","7,800","10,040","7,400","8,200","9,840","7,600","8,400","9,640","8,200","8,900","9,590"
Post 1999,50 or less,Post 199950 or less," 2,700 "," 3,800 "," 65,540 ","2,700","3,800","68,020","2,700","3,600","76,990","2,800","3,900","62,110","2,900","3,800","62,430","3,000","4,100","49,280","2,900","4,100","48,650","2,900","4,100","47,950","2,900","4,100","44,080","2,900","4,100","36,410","3,000","4,200","26,120"," 5,500 "," 6,200 "," 22,950 ","5,500","6,200","22,780","5,600","6,300","18,730","5,700","6,300","16,730","5,700","6,500","18,430","6,100","6,900","12,940","6,200","7,100","14,220","6,700","7,600","13,790","8,200","8,700","13,050","8,600","9,100","9,010","10,400","9,900","10,210"
Pre 1919,51 to 100,Pre 191951 to 100," 2,700 "," 3,400 "," 322,000 ","2,800","3,500","334,140","2,800","3,400","353,020","2,800","3,600","312,030","2,900","3,600","316,440","2,900","3,600","299,780","2,900","3,600","295,480","2,900","3,700","293,870","3,000","3,800","293,930","3,100","3,900","295,920","3,200","4,100","257,960"," 10,600 "," 11,300 "," 316,880 ","10,700","11,300","320,930","11,100","11,700","296,290","11,600","12,200","260,930","11,600","12,300","272,720","12,500","13,100","250,210","12,500","13,200","274,710","13,900","14,600","241,640","14,400","15,200","238,480","15,000","15,600","233,790","15,800","16,400","228,090"
1919-44,51 to 100,1919-4451 to 100," 3,200 "," 3,800 "," 390,530 ","3,300","3,800","407,120","3,300","3,800","411,350","3,300","3,800","354,290","3,400","3,900","357,430","3,400","3,900","366,960","3,300","3,900","363,390","3,400","4,000","361,420","3,500","4,100","362,070","3,600","4,200","363,430","3,600","4,300","320,910"," 12,100 "," 12,700 "," 393,270 ","12,200","12,700","400,130","12,600","13,100","376,640","13,100","13,600","319,470","13,100","13,700","332,810","14,200","14,700","331,360","14,300","14,800","353,380","15,800","16,300","321,620","16,500","17,000","317,620","17,100","17,500","312,850","18,000","18,400","305,580"
1945-64,51 to 100,1945-6451 to 100," 3,100 "," 3,700 "," 449,630 ","3,100","3,700","467,610","3,100","3,700","474,710","3,100","3,700","404,580","3,200","3,800","407,920","3,200","3,800","409,010","3,200","3,800","405,660","3,200","3,900","403,270","3,300","4,100","403,620","3,400","4,100","405,380","3,400","4,200","361,960"," 11,200 "," 11,700 "," 442,280 ","11,300","11,800","448,060","11,700","12,200","423,740","12,200","12,600","354,540","12,200","12,700","369,290","13,200","13,600","360,020","13,300","13,800","382,500","14,800","15,200","349,510","15,400","15,900","345,410","16,000","16,400","339,990","16,900","17,300","332,050"
1965-82,51 to 100,1965-8251 to 100," 3,000 "," 3,700 "," 453,530 ","3,000","3,700","472,600","3,100","3,700","481,430","3,000","3,800","411,970","3,200","3,800","414,690","3,200","3,900","415,730","3,200","3,900","412,690","3,200","4,000","410,150","3,400","4,200","410,700","3,400","4,200","412,790","3,500","4,300","364,480"," 10,400 "," 10,900 "," 429,030 ","10,500","11,000","434,420","10,800","11,300","408,940","11,300","11,700","344,120","11,200","11,800","359,060","12,100","12,600","348,550","12,300","12,800","371,450","13,600","14,100","338,480","14,200","14,800","335,010","14,800","15,300","329,990","15,600","16,100","321,140"
1983-92,51 to 100,1983-9251 to 100," 2,900 "," 3,700 "," 136,850 ","2,900","3,700","142,520","2,900","3,700","145,600","2,900","3,800","127,080","3,000","3,800","127,640","3,000","3,900","127,760","3,000","3,900","127,000","3,100","4,000","126,000","3,200","4,200","126,410","3,300","4,200","127,050","3,300","4,300","114,390"," 9,300 "," 9,800 "," 126,630 ","9,400","9,900","128,080","9,600","10,200","121,880","10,000","10,500","105,550","10,000","10,500","109,610","10,700","11,300","107,530","10,800","11,400","112,400","11,900","12,500","104,600","12,500","13,000","104,120","12,900","13,400","103,450","13,400","14,000","101,210"
1993-99,51 to 100,1993-9951 to 100," 2,900 "," 3,700 "," 94,040 ","3,000","3,700","98,120","3,000","3,600","101,660","3,000","3,700","93,770","3,100","3,800","94,160","3,100","3,800","93,800","3,100","3,800","93,230","3,100","3,900","92,340","3,200","4,000","92,660","3,300","4,000","93,040","3,300","4,200","83,010"," 9,100 "," 9,600 "," 88,740 ","9,200","9,700","89,570","9,400","9,900","83,780","9,700","10,200","78,320","9,800","10,300","81,710","10,500","11,000","78,100","10,500","11,100","81,490","11,500","12,100","78,220","11,900","12,500","76,310","12,200","12,800","72,690","12,700","13,300","75,860"
Post 1999,51 to 100,Post 199951 to 100," 2,900 "," 3,700 "," 83,630 ","2,900","3,800","87,750","2,900","3,700","95,180","2,900","3,800","77,210","3,000","3,800","77,480","3,000","3,900","67,170","3,000","3,900","66,550","2,900","3,800","65,520","3,000","3,900","61,930","3,000","3,900","54,890","3,000","3,900","42,820"," 8,600 "," 9,100 "," 56,600 ","8,700","9,200","56,650","8,800","9,300","45,720","9,100","9,600","41,390","9,200","9,700","46,930","9,600","10,200","33,270","9,600","10,200","35,370","10,500","11,000","39,600","11,500","11,900","34,170","12,100","12,300","23,610","12,900","13,200","31,320"
Pre 1919,101 to 150,Pre 1919101 to 150," 3,600 "," 4,300 "," 224,950 ","3,600","4,500","232,020","3,700","4,400","239,350","3,700","4,500","213,370","3,800","4,500","216,010","3,900","4,600","197,740","3,900","4,700","195,160","3,900","4,700","194,020","4,100","4,900","194,220","4,100","4,900","195,670","4,200","5,100","172,360"," 15,200 "," 15,900 "," 210,220 ","15,200","16,000","210,470","15,800","16,500","196,380","16,400","17,100","172,050","16,300","17,100","180,070","17,800","18,400","161,650","17,900","18,600","173,980","19,700","20,300","155,540","20,300","20,900","153,440","21,100","21,500","150,720","22,100","22,500","147,220"
1919-44,101 to 150,1919-44101 to 150," 3,800 "," 4,400 "," 211,560 ","3,900","4,500","214,510","3,900","4,400","216,970","3,900","4,500","191,370","4,000","4,600","192,880","4,100","4,700","194,330","4,100","4,700","192,530","4,100","4,700","191,430","4,300","4,900","191,950","4,300","5,000","192,840","4,400","5,100","171,880"," 16,500 "," 17,200 "," 212,520 ","16,600","17,300","210,200","17,100","17,900","197,830","17,800","18,500","171,390","17,600","18,300","179,500","19,100","19,800","176,310","19,300","19,900","186,880","21,300","21,800","170,730","21,900","22,400","168,140","22,800","23,200","165,660","23,800","24,200","162,140"
1945-64,101 to 150,1945-64101 to 150," 3,700 "," 4,300 "," 203,080 ","3,700","4,400","206,490","3,800","4,400","209,740","3,800","4,400","183,130","3,900","4,500","184,410","3,900","4,500","183,420","3,900","4,500","181,880","3,900","4,600","180,840","4,100","4,800","181,180","4,200","4,900","182,170","4,200","5,000","161,610"," 14,700 "," 15,500 "," 198,020 ","14,800","15,600","196,000","15,200","16,000","185,200","15,900","16,600","159,550","15,700","16,600","166,650","17,100","17,800","161,690","17,200","18,000","170,730","19,100","19,800","156,550","19,800","20,500","154,550","20,500","21,200","152,500","21,500","22,200","148,710"
1965-82,101 to 150,1965-82101 to 150," 3,700 "," 4,200 "," 217,520 ","3,700","4,300","221,160","3,800","4,300","224,780","3,800","4,400","196,250","3,900","4,500","197,400","4,000","4,500","196,660","4,000","4,600","195,320","4,000","4,600","194,020","4,200","4,900","194,480","4,300","4,900","195,330","4,400","5,100","174,730"," 14,400 "," 15,000 "," 208,660 ","14,500","15,100","206,310","14,900","15,600","194,670","15,500","16,200","167,470","15,400","16,100","175,020","16,500","17,200","170,660","16,700","17,400","180,310","18,500","19,200","165,200","19,200","19,900","163,320","20,000","20,600","160,560","21,000","21,600","156,490"
1983-92,101 to 150,1983-92101 to 150," 3,800 "," 4,400 "," 68,710 ","3,900","4,500","70,320","4,000","4,500","72,150","4,000","4,600","63,760","4,100","4,700","63,990","4,200","4,800","64,010","4,200","4,800","63,700","4,200","4,800","63,160","4,500","5,100","63,360","4,600","5,200","63,700","4,600","5,300","56,690"," 14,800 "," 15,300 "," 66,490 ","14,900","15,400","66,060","15,400","15,900","63,090","15,900","16,400","55,660","15,800","16,300","57,860","16,900","17,500","57,540","17,100","17,700","59,560","18,900","19,400","56,040","19,400","20,100","55,680","20,100","20,700","55,040","20,900","21,500","53,980"
1993-99,101 to 150,1993-99101 to 150," 4,000 "," 4,500 "," 52,650 ","4,000","4,600","54,350","4,000","4,500","56,520","4,000","4,600","53,200","4,200","4,700","53,360","4,300","4,800","53,370","4,200","4,800","53,040","4,300","4,800","52,580","4,500","5,000","52,770","4,600","5,100","53,010","4,600","5,200","47,170"," 14,500 "," 14,900 "," 52,030 ","14,600","15,000","51,840","15,000","15,500","48,320","15,400","15,900","46,060","15,300","15,800","48,040","16,300","16,700","46,000","16,300","16,800","47,720","17,800","18,300","46,660","18,300","18,800","45,090","18,800","19,200","41,470","19,200","19,800","45,650"
Post 1999,101 to 150,Post 1999101 to 150," 3,700 "," 4,200 "," 64,260 ","3,700","4,200","67,460","3,700","4,200","71,930","3,700","4,200","58,930","3,800","4,300","59,050","3,800","4,300","51,550","3,800","4,300","51,090","3,800","4,300","50,230","3,900","4,400","47,780","4,000","4,500","42,670","3,900","4,500","33,670"," 12,900 "," 13,400 "," 55,220 ","13,000","13,500","55,110","13,300","13,800","44,350","13,700","14,100","40,780","13,700","14,300","45,960","14,400","14,900","30,950","14,300","14,800","32,700","15,400","15,900","37,850","15,900","16,800","32,410","16,800","17,500","21,250","18,600","18,200","30,320"
Pre 1919,151 to 200,Pre 1919151 to 200," 4,700 "," 5,700 "," 60,650 ","4,900","6,200","63,060","4,900","5,900","66,310","5,000","6,000","62,040","5,100","6,100","62,910","5,200","6,100","57,950","5,200","6,200","57,250","5,200","6,200","56,910","5,500","6,400","56,880","5,600","6,500","57,270","5,700","6,700","50,520"," 22,000 "," 22,600 "," 50,050 ","22,200","22,700","49,320","22,900","23,400","45,750","23,600","24,000","42,570","23,300","23,800","44,720","25,400","25,600","41,300","25,300","25,500","44,290","27,600","27,500","38,730","28,200","28,000","37,740","29,100","28,700","36,730","30,200","29,600","35,350"
1919-44,151 to 200,1919-44151 to 200," 4,800 "," 5,600 "," 33,140 ","4,900","5,900","31,830","4,900","5,700","32,440","5,000","5,800","29,630","5,200","6,000","29,900","5,300","6,000","30,220","5,300","6,000","29,960","5,300","6,100","29,810","5,600","6,300","29,820","5,600","6,400","30,000","5,800","6,600","27,260"," 24,000 "," 24,600 "," 31,530 ","24,300","24,900","29,540","25,100","25,600","27,490","25,800","26,300","24,940","25,500","26,000","26,140","27,200","27,600","25,530","27,400","27,600","27,020","29,800","29,700","23,830","30,300","30,200","23,280","31,300","31,000","22,650","32,300","32,000","21,740"
1945-64,151 to 200,1945-64151 to 200," 4,700 "," 5,500 "," 22,520 ","4,800","5,800","21,610","4,800","5,600","22,290","4,900","5,800","20,240","5,100","5,900","20,420","5,100","5,900","20,380","5,100","5,900","20,200","5,100","6,000","20,040","5,400","6,300","20,080","5,500","6,300","20,240","5,600","6,500","18,080"," 22,200 "," 23,100 "," 20,570 ","22,500","23,400","19,020","23,300","24,000","17,820","23,900","24,600","16,280","23,500","24,400","17,050","25,200","25,800","16,540","25,300","26,000","17,450","27,700","28,100","15,480","28,300","28,600","15,050","29,200","29,400","14,750","30,400","30,500","14,260"
1965-82,151 to 200,1965-82151 to 200," 4,400 "," 5,200 "," 35,460 ","4,500","5,400","35,190","4,500","5,300","36,410","4,600","5,300","32,450","4,700","5,500","32,690","4,800","5,600","31,940","4,800","5,600","31,690","4,900","5,600","31,500","5,100","5,900","31,580","5,300","6,000","31,780","5,300","6,100","28,570"," 20,700 "," 21,600 "," 31,010 ","20,800","21,700","29,920","21,500","22,300","28,170","22,100","23,000","25,070","21,800","22,700","26,190","23,500","24,300","25,210","23,700","24,500","26,520","26,000","26,700","24,060","26,800","27,400","23,530","27,700","28,200","23,020","28,900","29,200","22,280"
1983-92,151 to 200,1983-92151 to 200," 4,400 "," 5,200 "," 18,200 ","4,500","5,400","18,180","4,600","5,300","18,940","4,600","5,400","17,170","4,800","5,600","17,280","4,900","5,700","16,950","4,900","5,700","16,820","4,900","5,700","16,690","5,300","6,000","16,770","5,400","6,100","16,870","5,400","6,200","15,150"," 19,200 "," 20,000 "," 16,110 ","19,200","20,000","15,530","19,800","20,600","14,780","20,600","21,300","13,460","20,300","21,100","14,090","21,700","22,400","13,810","21,800","22,700","14,310","24,000","24,800","13,320","24,600","25,400","13,180","25,500","26,200","13,030","26,500","27,100","12,690"
1993-99,151 to 200,1993-99151 to 200," 4,600 "," 5,200 "," 14,730 ","4,700","5,500","14,910","4,700","5,400","15,830","4,800","5,500","15,240","5,000","5,700","15,290","5,100","5,800","14,860","5,100","5,800","14,800","5,100","5,800","14,660","5,500","6,100","14,670","5,600","6,200","14,790","5,600","6,300","13,230"," 18,600 "," 19,300 "," 13,230 ","18,800","19,400","12,890","19,400","20,000","11,930","20,100","20,800","11,820","19,800","20,500","12,310","21,000","21,700","11,780","20,900","21,700","12,270","22,800","23,500","11,740","23,100","23,900","11,360","23,900","24,500","10,390","23,800","24,800","11,480"
Post 1999,151 to 200,Post 1999151 to 200," 4,500 "," 5,100 "," 20,660 ","4,500","5,200","21,310","4,600","5,100","23,070","4,600","5,200","19,710","4,800","5,300","19,760","4,800","5,400","17,310","4,800","5,400","17,130","4,800","5,300","16,850","4,900","5,500","16,200","5,000","5,600","14,900","5,000","5,500","11,980"," 17,300 "," 18,100 "," 16,770 ","17,400","18,100","16,550","17,800","18,500","13,600","18,300","19,000","13,230","18,400","19,000","14,710","19,300","20,000","10,360","19,100","19,800","10,890","20,500","21,100","12,300","21,200","21,800","10,300","22,000","22,600","7,130","22,500","22,800","10,270"
Pre 1919,Over 200,Pre 1919Over 200," 6,300 "," 7,700 "," 39,530 ","6,800","9,200","44,060","6,600","8,000","46,250","6,800","8,200","45,550","7,000","8,300","46,170", n/a , n/a , n/a , n/a , n/a , n/a , n/a , n/a , n/a , n/a , n/a , n/a , n/a , n/a , n/a , n/a , n/a , n/a ," 29,200 "," 28,800 "," 24,420 ","29,200","28,800","23,960","29,900","29,400","21,700","30,600","29,700","21,090","30,100","29,500","22,190", n/a , n/a , n/a , n/a , n/a , n/a , n/a , n/a , n/a , n/a , n/a , n/a , n/a , n/a , n/a , n/a , n/a , n/a 
1919-44,Over 200,1919-44Over 200," 6,400 "," 7,600 "," 12,430 ","6,700","8,600","11,990","6,600","7,800","12,270","6,700","7,800","11,610","6,800","8,000","11,760", n/a , n/a , n/a , n/a , n/a , n/a , n/a , n/a , n/a , n/a , n/a , n/a , n/a , n/a , n/a , n/a , n/a , n/a ," 31,000 "," 30,500 "," 9,540 ","31,500","30,800","8,630","32,200","31,500","7,790","32,600","31,900","7,400","32,000","31,500","7,770", n/a , n/a , n/a , n/a , n/a , n/a , n/a , n/a , n/a , n/a , n/a , n/a , n/a , n/a , n/a , n/a , n/a , n/a 
1945-64,Over 200,1945-64Over 200," 6,200 "," 7,300 "," 6,350 ","6,400","8,200","5,740","6,400","7,500","6,000","6,600","7,700","5,960","6,700","7,900","6,020", n/a , n/a , n/a , n/a , n/a , n/a , n/a , n/a , n/a , n/a , n/a , n/a , n/a , n/a , n/a , n/a , n/a , n/a ," 28,700 "," 28,700 "," 4,810 ","29,100","29,000","4,040","29,700","29,500","3,680","30,300","30,300","3,740","29,700","29,800","3,920", n/a , n/a , n/a , n/a , n/a , n/a , n/a , n/a , n/a , n/a , n/a , n/a , n/a , n/a , n/a , n/a , n/a , n/a 
1965-82,Over 200,1965-82Over 200," 5,600 "," 6,800 "," 9,500 ","5,800","7,400","9,320","5,900","7,000","9,880","6,000","7,200","9,060","6,200","7,300","9,140", n/a , n/a , n/a , n/a , n/a , n/a , n/a , n/a , n/a , n/a , n/a , n/a , n/a , n/a , n/a , n/a , n/a , n/a ," 27,200 "," 27,400 "," 6,910 ","27,200","27,500","6,390","28,000","28,200","5,930","28,700","28,900","5,560","28,300","28,600","5,770", n/a , n/a , n/a , n/a , n/a , n/a , n/a , n/a , n/a , n/a , n/a , n/a , n/a , n/a , n/a , n/a , n/a , n/a 
1983-92,Over 200,1983-92Over 200," 5,500 "," 6,700 "," 6,480 ","5,700","7,400","6,600","5,800","6,900","6,980","5,900","7,000","6,470","6,100","7,200","6,510", n/a , n/a , n/a , n/a , n/a , n/a , n/a , n/a , n/a , n/a , n/a , n/a , n/a , n/a , n/a , n/a , n/a , n/a ," 25,200 "," 25,900 "," 4,870 ","25,300","25,900","4,700","26,000","26,700","4,420","26,800","27,300","4,190","26,300","27,000","4,350", n/a , n/a , n/a , n/a , n/a , n/a , n/a , n/a , n/a , n/a , n/a , n/a , n/a , n/a , n/a , n/a , n/a , n/a 
1993-99,Over 200,1993-99Over 200," 5,700 "," 6,700 "," 6,240 ","5,800","7,400","6,410","5,900","6,900","6,890","6,000","7,100","6,860","6,200","7,200","6,880", n/a , n/a , n/a , n/a , n/a , n/a , n/a , n/a , n/a , n/a , n/a , n/a , n/a , n/a , n/a , n/a , n/a , n/a ," 24,600 "," 25,600 "," 4,600 ","25,000","25,600","4,480","25,500","26,300","4,130","26,600","27,200","4,430","26,000","26,800","4,580", n/a , n/a , n/a , n/a , n/a , n/a , n/a , n/a , n/a , n/a , n/a , n/a , n/a , n/a , n/a , n/a , n/a , n/a 
Post 1999,Over 200,Post 1999Over 200," 5,700 "," 6,700 "," 10,770 ","5,800","7,200","11,250","5,900","6,800","12,480","6,100","7,200","12,040","6,300","7,400","12,140", n/a , n/a , n/a , n/a , n/a , n/a , n/a , n/a , n/a , n/a , n/a , n/a , n/a , n/a , n/a , n/a , n/a , n/a ," 23,300 "," 24,300 "," 7,130 ","23,400","24,300","7,030","23,900","24,800","5,940","24,700","25,500","6,710","24,400","25,400","7,340", n/a , n/a , n/a , n/a , n/a , n/a , n/a , n/a , n/a , n/a , n/a , n/a , n/a , n/a , n/a , n/a , n/a , n/a 
Pre 1919,Owner-occupied,Pre 1919Owner-occupied," 3,400 "," 4,300 "," 461,140 ","3,500","4,600","481,170","3,500","4,400","495,150","3,600","4,600","460,040","3,700","4,600","465,750","3,700","4,600","378,450","3,700","4,600","373,880","3,700","4,700","372,180","3,900","4,800","371,890","3,900","4,900","374,380","4,000","5,100","325,590"," 13,800 "," 15,300 "," 410,580 ","13,900","15,300","412,620","14,400","15,800","383,640","14,900","16,400","353,150","14,900","16,300","369,570","15,700","17,200","300,890","15,800","17,300","325,280","17,400","18,800","288,390","18,000","19,300","283,230","18,600","19,800","277,200","19,400","20,600","269,150"
1919-44,Owner-occupied,1919-44Owner-occupied," 3,500 "," 4,200 "," 488,460 ","3,600","4,300","507,810","3,600","4,200","512,750","3,700","4,300","437,910","3,800","4,400","441,740","3,900","4,500","404,190","3,900","4,500","400,740","3,900","4,600","398,820","4,100","4,800","399,260","4,100","4,800","400,860","4,200","5,000","355,690"," 14,900 "," 16,000 "," 484,330 ","14,900","15,900","491,800","15,400","16,400","461,970","16,100","17,100","387,470","16,000","17,000","405,530","17,200","18,200","362,490","17,400","18,400","384,400","19,200","20,100","350,410","19,700","20,600","344,940","20,500","21,300","339,560","21,400","22,200","331,400"
1945-64,Owner-occupied,1945-64Owner-occupied," 3,300 "," 4,000 "," 476,380 ","3,400","4,100","495,430","3,400","4,000","502,390","3,400","4,100","419,720","3,500","4,200","422,870","3,600","4,300","392,110","3,600","4,400","389,300","3,700","4,400","387,380","3,800","4,600","387,700","3,900","4,700","389,350","4,000","4,800","346,960"," 13,300 "," 14,200 "," 463,190 ","13,300","14,200","469,280","13,800","14,700","443,110","14,400","15,300","361,870","14,300","15,200","378,310","15,500","16,500","344,240","15,700","16,700","363,400","17,400","18,300","333,470","18,000","18,900","328,910","18,700","19,500","324,140","19,600","20,400","316,230"
1965-82,Owner-occupied,1965-82Owner-occupied," 3,300 "," 4,000 "," 555,810 ","3,400","4,100","580,920","3,400","4,000","590,920","3,400","4,100","523,650","3,500","4,200","526,700","3,700","4,400","466,030","3,700","4,400","463,210","3,700","4,400","460,670","3,900","4,700","461,220","4,000","4,700","463,410","4,000","4,800","411,330"," 12,600 "," 13,500 "," 521,880 ","12,600","13,500","530,140","13,000","13,900","499,350","13,500","14,400","432,580","13,400","14,300","452,140","14,600","15,600","396,910","14,800","15,800","419,960","16,400","17,400","384,650","17,000","18,000","380,010","17,700","18,600","373,980","18,600","19,400","364,400"
1983-92,Owner-occupied,1983-92Owner-occupied," 3,400 "," 4,200 "," 204,430 ","3,500","4,300","213,130","3,500","4,200","218,770","3,500","4,300","198,650","3,700","4,400","199,400","3,800","4,500","182,030","3,800","4,500","181,030","3,800","4,600","179,870","4,000","4,800","180,260","4,100","4,900","181,080","4,200","5,000","162,500"," 12,100 "," 13,000 "," 179,440 ","12,100","13,000","182,060","12,500","13,400","173,450","12,900","13,800","155,310","12,800","13,800","161,430","13,800","14,800","149,740","14,000","15,000","155,730","15,500","16,400","145,620","16,000","16,900","144,690","16,500","17,400","143,440","17,200","18,000","140,240"
1993-99,Owner-occupied,1993-99Owner-occupied," 3,600 "," 4,300 "," 128,840 ","3,600","4,300","134,700","3,700","4,300","140,220","3,700","4,300","141,490","3,800","4,500","141,930","3,800","4,500","134,300","3,800","4,500","133,560","3,900","4,600","132,390","4,000","4,800","132,850","4,100","4,800","133,500","4,100","4,900","118,850"," 12,500 "," 13,500 "," 119,180 ","12,600","13,500","120,310","13,000","13,900","112,140","13,200","14,200","114,180","13,100","14,100","119,160","13,900","14,900","110,060","14,000","15,000","114,300","15,200","16,300","111,090","15,700","16,700","107,660","16,000","17,000","100,240","16,700","17,600","108,350"
Post 1999,Owner-occupied,Post 1999Owner-occupied," 3,500 "," 4,200 "," 140,890 ","3,500","4,300","143,180","3,500","4,200","153,960","3,600","4,400","139,070","3,800","4,400","139,490","3,800","4,500","114,770","3,700","4,500","113,740","3,700","4,400","112,200","3,800","4,500","108,540","3,800","4,600","98,700","3,800","4,600","77,740"," 12,100 "," 13,100 "," 104,830 ","12,300","13,300","102,530","12,500","13,600","82,980","12,900","14,000","83,440","13,000","14,100","94,000","13,400","14,700","64,040","13,400","14,600","67,780","14,300","15,600","76,980","15,000","16,300","65,700","15,600","17,100","44,210","16,200","17,700","63,730"
Pre 1919,Privately rented,Pre 1919Privately rented," 2,900 "," 3,700 "," 188,840 ","2,900","4,000","197,500","2,900","3,700","205,810","3,000","3,900","163,550","3,000","3,900","166,230","3,000","3,800","69,700","2,900","3,800","68,720","3,000","3,900","68,250","3,100","4,000","67,640","3,200","4,100","68,060","3,300","4,300","58,580"," 11,000 "," 12,400 "," 177,240 ","11,000","12,300","181,260","11,400","12,700","166,110","11,600","12,900","130,480","11,600","13,100","136,550","12,200","13,400","55,380","12,100","13,400","61,740","13,400","14,600","53,160","14,000","15,200","51,990","14,600","15,700","50,730","15,700","16,800","49,360"
1919-44,Privately rented,1919-44Privately rented," 3,200 "," 3,800 "," 66,890 ","3,200","3,900","64,720","3,200","3,800","66,100","3,200","3,800","57,540","3,200","3,900","58,170","3,200","3,900","22,860","3,200","3,900","22,600","3,200","3,900","22,410","3,300","4,100","22,260","3,400","4,100","22,400","3,500","4,300","20,160"," 12,300 "," 13,400 "," 64,140 ","12,100","13,100","61,020","12,500","13,600","56,740","12,300","13,400","48,720","12,400","13,500","50,720","13,400","14,500","19,930","13,600","14,500","21,640","14,900","16,000","19,150","15,700","16,600","18,850","16,400","17,200","18,460","17,400","18,200","17,990"
1945-64,Privately rented,1945-64Privately rented," 3,200 "," 3,900 "," 61,580 ","3,200","3,900","60,330","3,200","3,800","62,370","3,000","3,800","64,600","3,100","3,800","65,390","3,200","3,900","24,640","3,200","4,000","24,290","3,200","4,000","24,160","3,300","4,100","23,960","3,300","4,100","24,160","3,400","4,300","21,820"," 10,900 "," 11,700 "," 56,980 ","10,600","11,500","54,650","11,100","11,900","51,020","10,700","11,400","52,220","10,700","11,500","54,400","12,400","13,000","20,080","12,400","13,100","21,830","13,700","14,400","19,330","14,400","15,000","19,220","15,000","15,500","18,770","15,900","16,600","18,240"
1965-82,Privately rented,1965-82Privately rented," 3,000 "," 3,900 "," 79,090 ","3,000","3,900","78,390","3,000","3,800","81,530","2,800","3,700","83,630","2,900","3,700","84,450","3,200","4,100","32,670","3,200","4,100","32,310","3,200","4,200","32,140","3,300","4,300","31,950","3,400","4,400","32,120","3,500","4,500","28,430"," 9,600 "," 10,500 "," 64,900 ","9,300","10,200","61,920","9,700","10,600","57,730","9,200","10,100","56,300","9,300","10,200","58,520","10,700","11,500","22,410","10,700","11,600","24,460","11,800","12,700","21,740","12,400","13,300","21,370","12,900","13,800","21,110","13,900","14,700","20,320"
1983-92,Privately rented,1983-92Privately rented," 3,100 "," 4,000 "," 43,730 ","3,100","4,000","44,680","3,100","3,900","46,530","2,900","4,000","41,040","3,000","3,900","41,320","3,300","4,200","18,470","3,300","4,200","18,310","3,400","4,300","18,200","3,500","4,500","18,110","3,600","4,400","18,220","3,800","4,700","16,340"," 8,100 "," 9,200 "," 28,470 ","7,900","8,900","27,890","8,100","9,200","26,240","8,000","9,000","22,380","8,000","9,100","23,320","8,800","9,800","10,360","8,800","9,800","11,070","9,600","10,700","9,990","10,000","11,200","9,950","10,500","11,500","9,970","11,000","12,200","9,620"
1993-99,Privately rented,1993-99Privately rented," 3,100 "," 4,200 "," 26,230 ","3,100","4,200","27,030","3,100","4,000","28,610","3,100","4,200","25,140","3,200","4,200","25,370","3,500","4,400","12,930","3,500","4,400","12,810","3,500","4,400","12,710","3,600","4,600","12,670","3,700","4,600","12,710","3,700","4,700","10,970"," 8,600 "," 9,800 "," 18,700 ","8,500","9,600","18,520","8,700","9,800","17,150","8,600","9,600","15,190","8,600","9,600","15,770","9,700","10,600","8,020","9,800","10,600","8,510","10,600","11,700","7,870","11,100","12,100","7,740","11,400","12,400","7,490","12,000","13,000","7,560"
Post 1999,Privately rented,Post 1999Privately rented," 3,200 "," 4,200 "," 68,240 ","3,200","4,200","75,360","3,200","4,100","83,320","3,200","4,200","60,280","3,200","4,200","60,570","3,300","4,300","21,530","3,300","4,300","21,260","3,200","4,300","20,980","3,200","4,300","19,790","3,200","4,200","16,870","3,200","4,300","11,880"," 8,400 "," 9,500 "," 30,600 ","8,300","9,400","32,410","8,500","9,600","26,730","8,200","9,300","20,530","8,300","9,500","22,600","8,400","9,600","7,310","8,500","9,700","7,920","9,500","10,700","8,280","10,900","11,500","7,620","11,100","11,700","5,180","12,100","12,900","6,270"
Pre 1919,Council/Housing Association,Pre 1919Council/Housing Association," 3,000 "," 3,700 "," 44,690 ","3,000","3,700","41,400","3,000","3,500","42,560","2,900","3,600","43,320","3,000","3,700","44,010","2,900","3,600","36,650","2,900","3,600","36,100","2,900","3,700","36,000","3,000","3,900","35,890","3,100","3,900","35,960","3,200","4,100","30,460"," 10,600 "," 11,700 "," 43,940 ","10,400","11,500","39,780","10,800","11,900","36,970","12,000","13,000","37,560","12,000","13,200","39,300","12,200","13,100","29,930","12,300","13,300","33,150","13,700","14,700","29,010","14,300","15,300","28,750","14,800","15,700","28,000","15,900","16,700","27,010"
1919-44,Council/Housing Association,1919-44Council/Housing Association," 3,200 "," 3,700 "," 124,370 ","3,200","3,700","124,560","3,200","3,700","125,890","3,100","3,600","119,400","3,200","3,700","120,430","3,300","3,700","103,200","3,200","3,700","102,150","3,200","3,800","101,540","3,400","3,900","101,510","3,400","4,000","101,600","3,500","4,100","87,610"," 10,200 "," 10,700 "," 125,630 ","10,100","10,600","122,640","10,500","11,000","115,930","11,400","11,800","109,300","11,500","12,100","113,140","12,400","12,900","93,990","12,600","13,100","100,510","13,900","14,500","90,710","14,600","15,200","89,460","15,200","15,700","87,630","16,200","16,700","84,920"
1945-64,Council/Housing Association,1945-64Council/Housing Association," 2,900 "," 3,500 "," 228,920 ","2,900","3,600","231,860","2,900","3,500","235,490","2,800","3,400","204,910","2,900","3,500","207,070","3,000","3,600","173,890","2,900","3,600","172,300","3,000","3,700","171,360","3,100","3,800","170,750","3,100","3,900","171,290","3,200","4,000","151,580"," 9,400 "," 9,800 "," 220,470 ","9,300","9,700","218,240","9,700","10,100","205,980","10,600","11,000","179,310","10,700","11,100","185,870","11,500","11,900","149,270","11,600","12,000","160,930","12,900","13,300","144,470","13,600","14,000","142,630","14,100","14,400","140,070","14,900","15,300","135,810"
1965-82,Council/Housing Association,1965-82Council/Housing Association," 2,600 "," 3,300 "," 209,890 ","2,600","3,400","211,310","2,600","3,200","217,370","2,600","3,400","162,030","2,700","3,400","163,880","2,800","3,600","158,630","2,700","3,600","157,380","2,800","3,700","156,530","2,900","3,800","156,160","3,000","3,900","156,530","3,000","4,000","135,780"," 7,900 "," 8,400 "," 173,850 ","7,900","8,400","170,060","8,200","8,600","159,370","8,900","9,300","120,330","8,900","9,400","125,410","9,700","10,100","113,920","9,700","10,300","123,790","10,800","11,300","110,230","11,400","12,000","109,140","11,800","12,400","106,790","12,600","13,200","102,380"
1983-92,Council/Housing Association,1983-92Council/Housing Association," 2,500 "," 3,400 "," 47,650 ","2,500","3,400","47,320","2,500","3,300","49,300","2,600","3,500","37,690","2,700","3,500","37,910","2,700","3,600","36,010","2,600","3,600","35,950","2,700","3,700","35,760","2,800","3,800","35,720","2,800","3,800","35,820","2,900","3,900","31,630"," 7,500 "," 8,200 "," 34,980 ","7,500","8,100","33,190","7,700","8,300","31,460","8,200","8,800","24,810","8,300","9,000","25,780","8,600","9,200","21,220","8,800","9,400","22,450","9,700","10,400","20,570","10,300","11,000","20,450","10,600","11,300","20,340","11,200","11,900","19,800"
1993-99,Council/Housing Association,1993-99Council/Housing Association," 3,200 "," 4,100 "," 38,790 ","3,300","4,000","39,110","3,200","3,900","40,690","3,200","3,900","28,940","3,300","4,000","29,100","3,300","4,100","22,580","3,300","4,100","22,410","3,400","4,200","22,210","3,500","4,400","22,220","3,600","4,400","22,300","3,600","4,500","19,700"," 8,200 "," 8,700 "," 32,980 ","8,300","8,700","32,160","8,500","8,900","30,210","8,800","9,200","21,970","9,000","9,400","22,750","9,500","10,000","15,960","9,600","10,100","16,860","10,500","11,100","15,620","11,000","11,700","15,280","11,400","11,900","14,970","11,900","12,500","14,760"
Post 1999,Council/Housing Association,Post 1999Council/Housing Association," 3,000 "," 3,700 "," 35,540 ","3,000","3,700","35,510","3,000","3,600","38,410","2,900","3,600","28,070","2,900","3,600","28,180","2,900","3,700","16,290","2,900","3,700","16,110","2,900","3,700","15,960","2,900","3,700","14,770","3,000","3,800","12,040","3,000","3,800","8,910"," 8,200 "," 9,000 "," 22,650 ","8,300","9,000","21,780","8,300","9,000","17,400","8,400","9,100","13,780","8,700","9,400","15,570","8,700","9,400","6,850","8,700","9,500","7,400","9,400","10,300","7,950","11,100","11,400","7,360","11,300","11,800","5,130","12,100","12,500","5,540"
Pre 1919,"Less than £15,000","Pre 1919Less than £15,000"," 2,600 "," 3,400 "," 80,650 ","2,700","3,600","98,710","2,700","3,500","102,050","2,700","3,600","100,020","2,700","3,600","101,730", n/a , n/a , n/a , n/a , n/a , n/a , n/a , n/a , n/a , n/a , n/a , n/a , n/a , n/a , n/a , n/a , n/a , n/a ," 11,200 "," 12,300 "," 75,570 ","11,200","12,400","88,430","11,600","12,800","82,250","11,900","13,100","79,060","12,000","13,200","82,720", n/a , n/a , n/a , n/a , n/a , n/a , n/a , n/a , n/a , n/a , n/a , n/a , n/a , n/a , n/a , n/a , n/a , n/a 
1919-44,"Less than £15,000","1919-44Less than £15,000"," 2,700 "," 3,300 "," 95,300 ","2,900","3,500","124,520","2,800","3,400","126,100","2,800","3,400","124,830","2,900","3,500","126,040", n/a , n/a , n/a , n/a , n/a , n/a , n/a , n/a , n/a , n/a , n/a , n/a , n/a , n/a , n/a , n/a , n/a , n/a ," 11,300 "," 12,100 "," 96,510 ","11,300","12,000","121,490","11,700","12,400","114,690","12,200","13,000","112,310","12,300","13,100","116,670", n/a , n/a , n/a , n/a , n/a , n/a , n/a , n/a , n/a , n/a , n/a , n/a , n/a , n/a , n/a , n/a , n/a , n/a 
1945-64,"Less than £15,000","1945-64Less than £15,000"," 2,500 "," 3,200 "," 144,300 ","2,600","3,300","192,960","2,600","3,200","196,770","2,600","3,300","187,600","2,600","3,300","189,670", n/a , n/a , n/a , n/a , n/a , n/a , n/a , n/a , n/a , n/a , n/a , n/a , n/a , n/a , n/a , n/a , n/a , n/a ," 10,000 "," 10,700 "," 140,490 ","10,200","10,700","181,950","10,600","11,100","171,970","11,100","11,600","161,900","11,200","11,800","168,210", n/a , n/a , n/a , n/a , n/a , n/a , n/a , n/a , n/a , n/a , n/a , n/a , n/a , n/a , n/a , n/a , n/a , n/a 
1965-82,"Less than £15,000","1965-82Less than £15,000"," 2,300 "," 3,100 "," 155,320 ","2,400","3,200","193,640","2,400","3,100","199,440","2,400","3,200","186,080","2,500","3,300","188,030", n/a , n/a , n/a , n/a , n/a , n/a , n/a , n/a , n/a , n/a , n/a , n/a , n/a , n/a , n/a , n/a , n/a , n/a ," 9,000 "," 9,800 "," 133,430 ","9,100","9,800","160,760","9,500","10,200","151,310","9,900","10,700","138,420","10,000","10,800","144,360", n/a , n/a , n/a , n/a , n/a , n/a , n/a , n/a , n/a , n/a , n/a , n/a , n/a , n/a , n/a , n/a , n/a , n/a 
1983-92,"Less than £15,000","1983-92Less than £15,000"," 2,300 "," 3,300 "," 44,440 ","2,400","3,400","53,750","2,400","3,300","56,160","2,500","3,400","55,610","2,500","3,400","55,960", n/a , n/a , n/a , n/a , n/a , n/a , n/a , n/a , n/a , n/a , n/a , n/a , n/a , n/a , n/a , n/a , n/a , n/a ," 8,400 "," 9,300 "," 33,420 ","8,500","9,300","37,880","8,800","9,600","36,090","9,300","10,300","35,930","9,400","10,400","37,300", n/a , n/a , n/a , n/a , n/a , n/a , n/a , n/a , n/a , n/a , n/a , n/a , n/a , n/a , n/a , n/a , n/a , n/a 
1993-99,"Less than £15,000","1993-99Less than £15,000"," 2,700 "," 3,600 "," 26,960 ","2,900","3,700","30,310","2,800","3,600","31,750","2,900","3,700","34,510","3,000","3,700","34,700", n/a , n/a , n/a , n/a , n/a , n/a , n/a , n/a , n/a , n/a , n/a , n/a , n/a , n/a , n/a , n/a , n/a , n/a ," 8,600 "," 9,300 "," 22,770 ","8,700","9,400","24,220","8,900","9,700","22,840","9,500","10,300","25,480","9,600","10,400","26,460", n/a , n/a , n/a , n/a , n/a , n/a , n/a , n/a , n/a , n/a , n/a , n/a , n/a , n/a , n/a , n/a , n/a , n/a 
Post 1999,"Less than £15,000","Post 1999Less than £15,000"," 2,700 "," 3,600 "," 24,180 ","2,900","3,700","26,170","2,800","3,600","28,680","2,900","3,700","29,540","3,000","3,700","29,690", n/a , n/a , n/a , n/a , n/a , n/a , n/a , n/a , n/a , n/a , n/a , n/a , n/a , n/a , n/a , n/a , n/a , n/a ," 8,700 "," 9,600 "," 14,560 ","8,800","9,700","14,540","8,900","9,900","11,840","9,500","10,500","13,780","9,600","10,600","15,720", n/a , n/a , n/a , n/a , n/a , n/a , n/a , n/a , n/a , n/a , n/a , n/a , n/a , n/a , n/a , n/a , n/a , n/a 
Pre 1919,"£15,000 - £19,999","Pre 1919£15,000 - £19,999"," 2,700 "," 3,600 "," 49,140 ","2,900","3,800","53,650","2,900","3,600","55,310","2,900","3,800","50,830","3,000","3,800","51,640", n/a , n/a , n/a , n/a , n/a , n/a , n/a , n/a , n/a , n/a , n/a , n/a , n/a , n/a , n/a , n/a , n/a , n/a ," 11,200 "," 12,400 "," 44,800 ","11,200","12,400","47,930","11,700","12,900","44,390","12,400","13,600","40,160","12,400","13,700","42,000", n/a , n/a , n/a , n/a , n/a , n/a , n/a , n/a , n/a , n/a , n/a , n/a , n/a , n/a , n/a , n/a , n/a , n/a 
1919-44,"£15,000 - £19,999","1919-44£15,000 - £19,999"," 2,900 "," 3,500 "," 49,940 ","3,000","3,600","56,420","3,000","3,500","57,060","3,000","3,600","49,330","3,000","3,700","49,720", n/a , n/a , n/a , n/a , n/a , n/a , n/a , n/a , n/a , n/a , n/a , n/a , n/a , n/a , n/a , n/a , n/a , n/a ," 12,000 "," 12,900 "," 49,480 ","12,100","12,900","54,730","12,500","13,300","51,780","13,300","14,200","43,930","13,300","14,300","45,680", n/a , n/a , n/a , n/a , n/a , n/a , n/a , n/a , n/a , n/a , n/a , n/a , n/a , n/a , n/a , n/a , n/a , n/a 
1945-64,"£15,000 - £19,999","1945-64£15,000 - £19,999"," 2,700 "," 3,400 "," 73,960 ","2,800","3,500","80,240","2,800","3,500","81,620","2,800","3,500","65,840","2,900","3,600","66,370", n/a , n/a , n/a , n/a , n/a , n/a , n/a , n/a , n/a , n/a , n/a , n/a , n/a , n/a , n/a , n/a , n/a , n/a ," 10,700 "," 11,300 "," 70,300 ","10,600","11,200","74,870","11,000","11,600","70,950","11,900","12,500","56,240","11,900","12,600","58,610", n/a , n/a , n/a , n/a , n/a , n/a , n/a , n/a , n/a , n/a , n/a , n/a , n/a , n/a , n/a , n/a , n/a , n/a 
1965-82,"£15,000 - £19,999","1965-82£15,000 - £19,999"," 2,500 "," 3,300 "," 80,520 ","2,700","3,400","81,090","2,700","3,400","83,370","2,700","3,400","68,620","2,800","3,500","69,140", n/a , n/a , n/a , n/a , n/a , n/a , n/a , n/a , n/a , n/a , n/a , n/a , n/a , n/a , n/a , n/a , n/a , n/a ," 9,700 "," 10,400 "," 68,790 ","9,600","10,300","67,460","9,900","10,600","63,550","10,800","11,500","51,650","10,800","11,600","53,950", n/a , n/a , n/a , n/a , n/a , n/a , n/a , n/a , n/a , n/a , n/a , n/a , n/a , n/a , n/a , n/a , n/a , n/a 
1983-92,"£15,000 - £19,999","1983-92£15,000 - £19,999"," 2,600 "," 3,600 "," 26,110 ","2,700","3,600","23,910","2,700","3,500","24,910","2,800","3,700","21,910","2,900","3,700","21,950", n/a , n/a , n/a , n/a , n/a , n/a , n/a , n/a , n/a , n/a , n/a , n/a , n/a , n/a , n/a , n/a , n/a , n/a ," 8,700 "," 9,500 "," 17,610 ","8,800","9,600","15,930","8,900","9,900","15,190","10,100","11,000","14,060","10,100","11,100","14,510", n/a , n/a , n/a , n/a , n/a , n/a , n/a , n/a , n/a , n/a , n/a , n/a , n/a , n/a , n/a , n/a , n/a , n/a 
1993-99,"£15,000 - £19,999","1993-99£15,000 - £19,999"," 2,800 "," 3,800 "," 12,960 ","3,000","3,800","12,770","2,900","3,700","13,380","3,100","3,900","12,570","3,200","3,900","12,630", n/a , n/a , n/a , n/a , n/a , n/a , n/a , n/a , n/a , n/a , n/a , n/a , n/a , n/a , n/a , n/a , n/a , n/a ," 8,900 "," 9,700 "," 10,440 ","9,000","9,800","9,820","9,300","10,100","9,240","10,600","11,600","9,110","10,700","11,600","9,520", n/a , n/a , n/a , n/a , n/a , n/a , n/a , n/a , n/a , n/a , n/a , n/a , n/a , n/a , n/a , n/a , n/a , n/a 
Post 1999,"£15,000 - £19,999","Post 1999£15,000 - £19,999"," 2,800 "," 3,700 "," 13,470 ","2,900","3,800","12,710","2,900","3,600","14,020","3,100","3,900","12,470","3,200","3,900","12,510", n/a , n/a , n/a , n/a , n/a , n/a , n/a , n/a , n/a , n/a , n/a , n/a , n/a , n/a , n/a , n/a , n/a , n/a ," 9,000 "," 9,900 "," 7,520 ","8,900","9,900","6,660","9,000","10,000","5,410","10,600","11,600","5,900","10,700","11,700","6,660", n/a , n/a , n/a , n/a , n/a , n/a , n/a , n/a , n/a , n/a , n/a , n/a , n/a , n/a , n/a , n/a , n/a , n/a 
Pre 1919,"£20,000 - £29,999","Pre 1919£20,000 - £29,999"," 2,800 "," 3,600 "," 158,780 ","2,900","3,800","166,280","2,900","3,600","170,780","3,000","3,800","150,250","3,000","3,800","152,220", n/a , n/a , n/a , n/a , n/a , n/a , n/a , n/a , n/a , n/a , n/a , n/a , n/a , n/a , n/a , n/a , n/a , n/a ," 11,000 "," 12,200 "," 149,540 ","11,200","12,300","150,110","11,600","12,700","138,560","12,300","13,500","120,940","12,300","13,500","126,110", n/a , n/a , n/a , n/a , n/a , n/a , n/a , n/a , n/a , n/a , n/a , n/a , n/a , n/a , n/a , n/a , n/a , n/a 
1919-44,"£20,000 - £29,999","1919-44£20,000 - £29,999"," 3,100 "," 3,700 "," 130,680 ","3,200","3,800","135,560","3,200","3,700","136,960","3,200","3,800","108,400","3,300","3,900","109,110", n/a , n/a , n/a , n/a , n/a , n/a , n/a , n/a , n/a , n/a , n/a , n/a , n/a , n/a , n/a , n/a , n/a , n/a ," 12,100 "," 12,900 "," 131,200 ","12,200","13,100","131,380","12,600","13,500","123,810","13,500","14,400","96,140","13,500","14,400","99,980", n/a , n/a , n/a , n/a , n/a , n/a , n/a , n/a , n/a , n/a , n/a , n/a , n/a , n/a , n/a , n/a , n/a , n/a 
1945-64,"£20,000 - £29,999","1945-64£20,000 - £29,999"," 3,000 "," 3,600 "," 176,700 ","3,100","3,700","183,150","3,100","3,700","185,780","3,100","3,700","141,960","3,200","3,800","143,060", n/a , n/a , n/a , n/a , n/a , n/a , n/a , n/a , n/a , n/a , n/a , n/a , n/a , n/a , n/a , n/a , n/a , n/a ," 11,100 "," 11,700 "," 171,190 ","11,300","11,900","172,560","11,700","12,300","163,150","12,500","13,100","121,890","12,400","13,200","126,950", n/a , n/a , n/a , n/a , n/a , n/a , n/a , n/a , n/a , n/a , n/a , n/a , n/a , n/a , n/a , n/a , n/a , n/a 
1965-82,"£20,000 - £29,999","1965-82£20,000 - £29,999"," 2,900 "," 3,600 "," 181,110 ","3,000","3,700","191,190","3,000","3,600","195,270","3,000","3,800","154,930","3,100","3,800","155,850", n/a , n/a , n/a , n/a , n/a , n/a , n/a , n/a , n/a , n/a , n/a , n/a , n/a , n/a , n/a , n/a , n/a , n/a ," 10,400 "," 11,100 "," 161,540 ","10,500","11,200","166,030","10,900","11,600","156,480","11,500","12,400","122,130","11,500","12,400","127,280", n/a , n/a , n/a , n/a , n/a , n/a , n/a , n/a , n/a , n/a , n/a , n/a , n/a , n/a , n/a , n/a , n/a , n/a 
1983-92,"£20,000 - £29,999","1983-92£20,000 - £29,999"," 2,900 "," 3,700 "," 55,430 ","2,900","3,700","59,390","2,900","3,700","61,280","3,000","3,900","52,070","3,100","3,900","52,260", n/a , n/a , n/a , n/a , n/a , n/a , n/a , n/a , n/a , n/a , n/a , n/a , n/a , n/a , n/a , n/a , n/a , n/a ," 9,000 "," 9,900 "," 43,100 ","9,200","10,100","45,710","9,400","10,400","43,500","10,200","11,300","37,160","10,200","11,200","38,660", n/a , n/a , n/a , n/a , n/a , n/a , n/a , n/a , n/a , n/a , n/a , n/a , n/a , n/a , n/a , n/a , n/a , n/a 
1993-99,"£20,000 - £29,999","1993-99£20,000 - £29,999"," 3,000 "," 3,900 "," 31,660 ","3,000","3,800","33,690","3,000","3,800","35,250","3,100","3,900","32,370","3,200","4,000","32,560", n/a , n/a , n/a , n/a , n/a , n/a , n/a , n/a , n/a , n/a , n/a , n/a , n/a , n/a , n/a , n/a , n/a , n/a ," 9,000 "," 9,900 "," 26,400 ","9,100","10,000","27,320","9,400","10,200","25,630","10,300","11,400","24,460","10,400","11,400","25,460", n/a , n/a , n/a , n/a , n/a , n/a , n/a , n/a , n/a , n/a , n/a , n/a , n/a , n/a , n/a , n/a , n/a , n/a 
Post 1999,"£20,000 - £29,999","Post 1999£20,000 - £29,999"," 2,900 "," 3,700 "," 41,110 ","2,900","3,700","44,120","2,900","3,600","48,320","3,000","3,900","40,280","3,100","3,900","40,450", n/a , n/a , n/a , n/a , n/a , n/a , n/a , n/a , n/a , n/a , n/a , n/a , n/a , n/a , n/a , n/a , n/a , n/a ," 8,600 "," 9,500 "," 24,210 ","8,700","9,600","24,990","8,800","9,700","20,280","9,600","10,800","19,500","9,800","10,900","22,050", n/a , n/a , n/a , n/a , n/a , n/a , n/a , n/a , n/a , n/a , n/a , n/a , n/a , n/a , n/a , n/a , n/a , n/a 
Pre 1919,"£30,000 - £39,999","Pre 1919£30,000 - £39,999"," 3,200 "," 3,900 "," 129,550 ","3,300","4,200","130,080","3,300","4,100","133,990","3,400","4,300","110,530","3,500","4,300","111,860", n/a , n/a , n/a , n/a , n/a , n/a , n/a , n/a , n/a , n/a , n/a , n/a , n/a , n/a , n/a , n/a , n/a , n/a ," 12,400 "," 13,500 "," 119,610 ","12,600","13,700","116,150","13,000","14,100","107,680","13,700","15,000","87,130","13,700","15,000","91,000", n/a , n/a , n/a , n/a , n/a , n/a , n/a , n/a , n/a , n/a , n/a , n/a , n/a , n/a , n/a , n/a , n/a , n/a 
1919-44,"£30,000 - £39,999","1919-44£30,000 - £39,999"," 3,400 "," 3,900 "," 123,640 ","3,500","4,100","123,960","3,500","4,000","125,180","3,500","4,100","103,580","3,600","4,200","104,390", n/a , n/a , n/a , n/a , n/a , n/a , n/a , n/a , n/a , n/a , n/a , n/a , n/a , n/a , n/a , n/a , n/a , n/a ," 13,100 "," 13,900 "," 123,320 ","13,500","14,300","120,810","14,000","14,800","113,450","14,600","15,500","92,270","14,600","15,500","96,300", n/a , n/a , n/a , n/a , n/a , n/a , n/a , n/a , n/a , n/a , n/a , n/a , n/a , n/a , n/a , n/a , n/a , n/a 
1945-64,"£30,000 - £39,999","1945-64£30,000 - £39,999"," 3,300 "," 3,900 "," 135,270 ","3,400","4,000","126,360","3,400","4,000","127,850","3,400","4,100","106,860","3,600","4,200","107,610", n/a , n/a , n/a , n/a , n/a , n/a , n/a , n/a , n/a , n/a , n/a , n/a , n/a , n/a , n/a , n/a , n/a , n/a ," 11,900 "," 12,500 "," 131,150 ","12,200","12,900","119,690","12,700","13,300","112,790","13,200","13,900","92,460","13,100","13,900","96,420", n/a , n/a , n/a , n/a , n/a , n/a , n/a , n/a , n/a , n/a , n/a , n/a , n/a , n/a , n/a , n/a , n/a , n/a 
1965-82,"£30,000 - £39,999","1965-82£30,000 - £39,999"," 3,200 "," 3,900 "," 150,330 ","3,300","4,000","147,900","3,300","3,900","150,330","3,400","4,000","125,780","3,500","4,100","126,520", n/a , n/a , n/a , n/a , n/a , n/a , n/a , n/a , n/a , n/a , n/a , n/a , n/a , n/a , n/a , n/a , n/a , n/a ," 11,200 "," 11,900 "," 138,480 ","11,500","12,200","133,450","11,900","12,500","125,340","12,400","13,200","102,810","12,400","13,200","107,360", n/a , n/a , n/a , n/a , n/a , n/a , n/a , n/a , n/a , n/a , n/a , n/a , n/a , n/a , n/a , n/a , n/a , n/a 
1983-92,"£30,000 - £39,999","1983-92£30,000 - £39,999"," 3,200 "," 3,900 "," 51,280 ","3,200","4,000","49,240","3,200","4,000","50,430","3,400","4,200","44,280","3,500","4,200","44,430", n/a , n/a , n/a , n/a , n/a , n/a , n/a , n/a , n/a , n/a , n/a , n/a , n/a , n/a , n/a , n/a , n/a , n/a ," 10,100 "," 11,000 "," 42,790 ","10,300","11,100","39,930","10,600","11,400","37,890","11,200","12,200","32,990","11,200","12,200","34,310", n/a , n/a , n/a , n/a , n/a , n/a , n/a , n/a , n/a , n/a , n/a , n/a , n/a , n/a , n/a , n/a , n/a , n/a 
1993-99,"£30,000 - £39,999","1993-99£30,000 - £39,999"," 3,100 "," 3,900 "," 29,650 ","3,200","3,900","28,620","3,200","3,800","29,840","3,300","4,100","28,450","3,400","4,100","28,500", n/a , n/a , n/a , n/a , n/a , n/a , n/a , n/a , n/a , n/a , n/a , n/a , n/a , n/a , n/a , n/a , n/a , n/a ," 9,900 "," 10,700 "," 25,980 ","10,000","10,800","24,240","10,300","11,100","22,640","11,000","12,100","21,940","11,000","12,100","22,870", n/a , n/a , n/a , n/a , n/a , n/a , n/a , n/a , n/a , n/a , n/a , n/a , n/a , n/a , n/a , n/a , n/a , n/a 
Post 1999,"£30,000 - £39,999","Post 1999£30,000 - £39,999"," 3,100 "," 3,900 "," 44,650 ","3,100","3,900","44,440","3,100","3,800","48,370","3,200","4,000","38,570","3,200","4,000","38,690", n/a , n/a , n/a , n/a , n/a , n/a , n/a , n/a , n/a , n/a , n/a , n/a , n/a , n/a , n/a , n/a , n/a , n/a ," 9,300 "," 10,200 "," 27,560 ","9,500","10,400","26,110","9,600","10,500","21,160","10,300","11,400","19,490","10,400","11,500","21,870", n/a , n/a , n/a , n/a , n/a , n/a , n/a , n/a , n/a , n/a , n/a , n/a , n/a , n/a , n/a , n/a , n/a , n/a 
Pre 1919,"£40,000 - £49,999","Pre 1919£40,000 - £49,999"," 3,500 "," 4,300 "," 94,280 ","3,600","4,600","95,880","3,600","4,300","99,100","3,600","4,500","86,420","3,700","4,600","87,450", n/a , n/a , n/a , n/a , n/a , n/a , n/a , n/a , n/a , n/a , n/a , n/a , n/a , n/a , n/a , n/a , n/a , n/a ," 13,400 "," 14,700 "," 86,530 ","13,400","14,600","85,360","13,900","15,200","79,300","14,400","15,700","68,610","14,400","15,700","71,850", n/a , n/a , n/a , n/a , n/a , n/a , n/a , n/a , n/a , n/a , n/a , n/a , n/a , n/a , n/a , n/a , n/a , n/a 
1919-44,"£40,000 - £49,999","1919-44£40,000 - £49,999"," 3,700 "," 4,200 "," 98,190 ","3,800","4,400","93,590","3,800","4,300","94,450","3,800","4,400","82,230","4,000","4,500","83,050", n/a , n/a , n/a , n/a , n/a , n/a , n/a , n/a , n/a , n/a , n/a , n/a , n/a , n/a , n/a , n/a , n/a , n/a ," 14,300 "," 15,200 "," 97,700 ","14,700","15,500","91,210","15,200","16,100","85,540","15,600","16,500","73,580","15,500","16,400","77,030", n/a , n/a , n/a , n/a , n/a , n/a , n/a , n/a , n/a , n/a , n/a , n/a , n/a , n/a , n/a , n/a , n/a , n/a 
1945-64,"£40,000 - £49,999","1945-64£40,000 - £49,999"," 3,600 "," 4,200 "," 93,580 ","3,800","4,400","84,410","3,800","4,300","85,470","3,700","4,400","73,410","3,900","4,500","74,000", n/a , n/a , n/a , n/a , n/a , n/a , n/a , n/a , n/a , n/a , n/a , n/a , n/a , n/a , n/a , n/a , n/a , n/a ," 13,000 "," 13,800 "," 91,230 ","13,500","14,300","80,480","14,000","14,700","75,890","14,200","15,000","64,130","14,100","15,000","66,950", n/a , n/a , n/a , n/a , n/a , n/a , n/a , n/a , n/a , n/a , n/a , n/a , n/a , n/a , n/a , n/a , n/a , n/a 
1965-82,"£40,000 - £49,999","1965-82£40,000 - £49,999"," 3,600 "," 4,200 "," 111,710 ","3,700","4,300","108,690","3,800","4,300","110,380","3,700","4,300","95,820","3,900","4,400","96,340", n/a , n/a , n/a , n/a , n/a , n/a , n/a , n/a , n/a , n/a , n/a , n/a , n/a , n/a , n/a , n/a , n/a , n/a ," 12,300 "," 13,000 "," 105,090 ","12,700","13,500","100,200","13,200","14,000","94,030","13,500","14,200","80,410","13,400","14,200","83,980", n/a , n/a , n/a , n/a , n/a , n/a , n/a , n/a , n/a , n/a , n/a , n/a , n/a , n/a , n/a , n/a , n/a , n/a 
1983-92,"£40,000 - £49,999","1983-92£40,000 - £49,999"," 3,600 "," 4,300 "," 40,020 ","3,600","4,300","40,630","3,700","4,300","41,630","3,700","4,500","34,970","3,900","4,500","35,120", n/a , n/a , n/a , n/a , n/a , n/a , n/a , n/a , n/a , n/a , n/a , n/a , n/a , n/a , n/a , n/a , n/a , n/a ," 11,500 "," 12,300 "," 35,010 ","11,800","12,500","34,840","12,100","12,900","33,190","12,600","13,400","27,540","12,600","13,300","28,580", n/a , n/a , n/a , n/a , n/a , n/a , n/a , n/a , n/a , n/a , n/a , n/a , n/a , n/a , n/a , n/a , n/a , n/a 
1993-99,"£40,000 - £49,999","1993-99£40,000 - £49,999"," 3,500 "," 4,200 "," 26,240 ","3,600","4,200","26,260","3,600","4,200","27,300","3,700","4,300","24,200","3,800","4,400","24,290", n/a , n/a , n/a , n/a , n/a , n/a , n/a , n/a , n/a , n/a , n/a , n/a , n/a , n/a , n/a , n/a , n/a , n/a ," 11,100 "," 12,000 "," 23,710 ","11,400","12,300","23,170","11,700","12,600","21,610","12,200","13,100","19,330","12,200","13,100","20,140", n/a , n/a , n/a , n/a , n/a , n/a , n/a , n/a , n/a , n/a , n/a , n/a , n/a , n/a , n/a , n/a , n/a , n/a 
Post 1999,"£40,000 - £49,999","Post 1999£40,000 - £49,999"," 3,300 "," 4,000 "," 39,790 ","3,400","4,100","38,850","3,400","4,000","41,790","3,400","4,200","30,670","3,600","4,200","30,730", n/a , n/a , n/a , n/a , n/a , n/a , n/a , n/a , n/a , n/a , n/a , n/a , n/a , n/a , n/a , n/a , n/a , n/a ," 10,800 "," 11,600 "," 27,350 ","10,900","11,600","24,730","11,100","11,900","20,000","11,500","12,500","16,100","11,600","12,600","18,120", n/a , n/a , n/a , n/a , n/a , n/a , n/a , n/a , n/a , n/a , n/a , n/a , n/a , n/a , n/a , n/a , n/a , n/a 
Pre 1919,"£50,000 - £59,999","Pre 1919£50,000 - £59,999"," 3,600 "," 4,500 "," 55,620 ","3,800","4,900","54,450","3,800","4,600","56,390","3,800","4,800","50,760","3,900","4,800","51,330", n/a , n/a , n/a , n/a , n/a , n/a , n/a , n/a , n/a , n/a , n/a , n/a , n/a , n/a , n/a , n/a , n/a , n/a ," 14,300 "," 15,700 "," 49,690 ","14,400","15,900","47,260","14,900","16,300","43,840","15,300","16,700","39,150","15,300","16,700","41,070", n/a , n/a , n/a , n/a , n/a , n/a , n/a , n/a , n/a , n/a , n/a , n/a , n/a , n/a , n/a , n/a , n/a , n/a 
1919-44,"£50,000 - £59,999","1919-44£50,000 - £59,999"," 3,900 "," 4,400 "," 58,740 ","4,000","4,600","54,240","4,000","4,500","54,810","4,000","4,700","47,800","4,200","4,800","48,290", n/a , n/a , n/a , n/a , n/a , n/a , n/a , n/a , n/a , n/a , n/a , n/a , n/a , n/a , n/a , n/a , n/a , n/a ," 15,300 "," 16,400 "," 57,930 ","15,700","16,800","52,570","16,300","17,300","49,210","16,700","17,700","42,460","16,500","17,600","44,450", n/a , n/a , n/a , n/a , n/a , n/a , n/a , n/a , n/a , n/a , n/a , n/a , n/a , n/a , n/a , n/a , n/a , n/a 
1945-64,"£50,000 - £59,999","1945-64£50,000 - £59,999"," 3,800 "," 4,400 "," 51,560 ","3,900","4,600","44,500","3,900","4,500","45,150","3,900","4,600","39,840","4,100","4,700","40,210", n/a , n/a , n/a , n/a , n/a , n/a , n/a , n/a , n/a , n/a , n/a , n/a , n/a , n/a , n/a , n/a , n/a , n/a ," 13,700 "," 14,700 "," 50,030 ","14,200","15,100","42,090","14,600","15,600","39,490","15,000","15,800","34,370","14,900","15,800","36,060", n/a , n/a , n/a , n/a , n/a , n/a , n/a , n/a , n/a , n/a , n/a , n/a , n/a , n/a , n/a , n/a , n/a , n/a 
1965-82,"£50,000 - £59,999","1965-82£50,000 - £59,999"," 3,700 "," 4,300 "," 60,630 ","3,800","4,500","55,950","3,900","4,400","56,910","3,800","4,500","50,580","4,000","4,600","50,970", n/a , n/a , n/a , n/a , n/a , n/a , n/a , n/a , n/a , n/a , n/a , n/a , n/a , n/a , n/a , n/a , n/a , n/a ," 13,100 "," 14,100 "," 56,760 ","13,300","14,300","51,200","13,800","14,700","48,000","14,000","14,800","42,190","13,900","14,800","44,090", n/a , n/a , n/a , n/a , n/a , n/a , n/a , n/a , n/a , n/a , n/a , n/a , n/a , n/a , n/a , n/a , n/a , n/a 
1983-92,"£50,000 - £59,999","1983-92£50,000 - £59,999"," 3,700 "," 4,400 "," 24,920 ","3,800","4,500","25,690","3,800","4,500","26,330","3,900","4,600","22,140","4,000","4,700","22,250", n/a , n/a , n/a , n/a , n/a , n/a , n/a , n/a , n/a , n/a , n/a , n/a , n/a , n/a , n/a , n/a , n/a , n/a ," 12,600 "," 13,500 "," 22,170 ","12,600","13,400","22,280","13,000","13,900","21,130","13,200","14,100","17,730","13,200","14,100","18,450", n/a , n/a , n/a , n/a , n/a , n/a , n/a , n/a , n/a , n/a , n/a , n/a , n/a , n/a , n/a , n/a , n/a , n/a 
1993-99,"£50,000 - £59,999","1993-99£50,000 - £59,999"," 3,700 "," 4,400 "," 18,010 ","3,700","4,400","19,280","3,800","4,400","20,090","3,800","4,500","18,390","4,000","4,600","18,460", n/a , n/a , n/a , n/a , n/a , n/a , n/a , n/a , n/a , n/a , n/a , n/a , n/a , n/a , n/a , n/a , n/a , n/a ," 12,500 "," 13,300 "," 16,710 ","12,300","13,100","17,280","12,700","13,500","16,030","13,000","13,900","14,960","12,900","13,900","15,620", n/a , n/a , n/a , n/a , n/a , n/a , n/a , n/a , n/a , n/a , n/a , n/a , n/a , n/a , n/a , n/a , n/a , n/a 
Post 1999,"£50,000 - £59,999","Post 1999£50,000 - £59,999"," 3,600 "," 4,200 "," 26,780 ","3,600","4,300","28,500","3,500","4,200","30,640","3,600","4,300","23,180","3,800","4,400","23,270", n/a , n/a , n/a , n/a , n/a , n/a , n/a , n/a , n/a , n/a , n/a , n/a , n/a , n/a , n/a , n/a , n/a , n/a ," 11,700 "," 12,600 "," 18,740 ","11,400","12,300","19,110","11,700","12,500","15,460","12,100","13,100","13,020","12,200","13,200","14,510", n/a , n/a , n/a , n/a , n/a , n/a , n/a , n/a , n/a , n/a , n/a , n/a , n/a , n/a , n/a , n/a , n/a , n/a 
Pre 1919,"£60,000 - £69,999","Pre 1919£60,000 - £69,999"," 3,800 "," 4,800 "," 33,830 ","4,000","5,200","32,330","4,000","4,900","33,670","4,000","5,100","30,770","4,200","5,100","31,150", n/a , n/a , n/a , n/a , n/a , n/a , n/a , n/a , n/a , n/a , n/a , n/a , n/a , n/a , n/a , n/a , n/a , n/a ," 15,100 "," 16,700 "," 29,370 ","15,300","16,900","27,210","15,900","17,400","25,320","16,300","17,800","23,200","16,200","17,700","24,260", n/a , n/a , n/a , n/a , n/a , n/a , n/a , n/a , n/a , n/a , n/a , n/a , n/a , n/a , n/a , n/a , n/a , n/a 
1919-44,"£60,000 - £69,999","1919-44£60,000 - £69,999"," 4,000 "," 4,600 "," 36,510 ","4,100","4,800","33,330","4,200","4,700","33,730","4,200","4,800","29,010","4,300","4,900","29,260", n/a , n/a , n/a , n/a , n/a , n/a , n/a , n/a , n/a , n/a , n/a , n/a , n/a , n/a , n/a , n/a , n/a , n/a ," 16,300 "," 17,300 "," 35,700 ","16,600","17,600","32,260","17,200","18,200","30,200","17,700","18,700","25,410","17,600","18,600","26,750", n/a , n/a , n/a , n/a , n/a , n/a , n/a , n/a , n/a , n/a , n/a , n/a , n/a , n/a , n/a , n/a , n/a , n/a 
1945-64,"£60,000 - £69,999","1945-64£60,000 - £69,999"," 3,800 "," 4,500 "," 30,600 ","4,000","4,700","25,610","4,000","4,600","26,060","4,000","4,700","24,480","4,200","4,800","24,680", n/a , n/a , n/a , n/a , n/a , n/a , n/a , n/a , n/a , n/a , n/a , n/a , n/a , n/a , n/a , n/a , n/a , n/a ," 14,300 "," 15,200 "," 29,290 ","14,800","15,800","24,130","15,300","16,300","22,620","15,600","16,600","21,030","15,400","16,500","22,070", n/a , n/a , n/a , n/a , n/a , n/a , n/a , n/a , n/a , n/a , n/a , n/a , n/a , n/a , n/a , n/a , n/a , n/a 
1965-82,"£60,000 - £69,999","1965-82£60,000 - £69,999"," 3,800 "," 4,400 "," 35,940 ","3,900","4,600","32,160","4,000","4,600","32,740","4,000","4,600","30,350","4,100","4,800","30,540", n/a , n/a , n/a , n/a , n/a , n/a , n/a , n/a , n/a , n/a , n/a , n/a , n/a , n/a , n/a , n/a , n/a , n/a ," 13,700 "," 14,700 "," 33,330 ","13,900","14,900","29,170","14,400","15,400","27,340","14,600","15,500","25,160","14,500","15,500","26,340", n/a , n/a , n/a , n/a , n/a , n/a , n/a , n/a , n/a , n/a , n/a , n/a , n/a , n/a , n/a , n/a , n/a , n/a 
1983-92,"£60,000 - £69,999","1983-92£60,000 - £69,999"," 3,900 "," 4,600 "," 16,520 ","4,000","4,700","16,830","4,000","4,700","17,270","4,100","4,800","14,720","4,200","4,900","14,800", n/a , n/a , n/a , n/a , n/a , n/a , n/a , n/a , n/a , n/a , n/a , n/a , n/a , n/a , n/a , n/a , n/a , n/a ," 13,700 "," 14,400 "," 14,850 ","13,400","14,200","14,750","13,800","14,700","14,050","14,100","14,900","11,730","13,900","14,800","12,250", n/a , n/a , n/a , n/a , n/a , n/a , n/a , n/a , n/a , n/a , n/a , n/a , n/a , n/a , n/a , n/a , n/a , n/a 
1993-99,"£60,000 - £69,999","1993-99£60,000 - £69,999"," 3,900 "," 4,500 "," 13,330 ","3,900","4,500","14,320","3,900","4,500","14,880","4,000","4,700","13,270","4,200","4,800","13,310", n/a , n/a , n/a , n/a , n/a , n/a , n/a , n/a , n/a , n/a , n/a , n/a , n/a , n/a , n/a , n/a , n/a , n/a ," 13,700 "," 14,300 "," 12,450 ","13,400","14,100","12,950","13,700","14,500","11,970","14,100","15,000","10,920","14,000","14,900","11,400", n/a , n/a , n/a , n/a , n/a , n/a , n/a , n/a , n/a , n/a , n/a , n/a , n/a , n/a , n/a , n/a , n/a , n/a 
Post 1999,"£60,000 - £69,999","Post 1999£60,000 - £69,999"," 3,700 "," 4,400 "," 17,690 ","3,700","4,400","19,460","3,700","4,400","20,880","3,800","4,500","16,270","3,900","4,600","16,280", n/a , n/a , n/a , n/a , n/a , n/a , n/a , n/a , n/a , n/a , n/a , n/a , n/a , n/a , n/a , n/a , n/a , n/a ," 12,700 "," 13,600 "," 12,190 ","12,200","13,100","13,200","12,300","13,300","10,700","12,800","13,800","9,290","12,900","13,900","10,290", n/a , n/a , n/a , n/a , n/a , n/a , n/a , n/a , n/a , n/a , n/a , n/a , n/a , n/a , n/a , n/a , n/a , n/a 
Pre 1919,"£70,000 - £99,999","Pre 1919£70,000 - £99,999"," 4,100 "," 5,100 "," 49,240 ","4,300","5,600","47,780","4,300","5,300","49,750","4,300","5,400","46,850","4,400","5,400","47,540", n/a , n/a , n/a , n/a , n/a , n/a , n/a , n/a , n/a , n/a , n/a , n/a , n/a , n/a , n/a , n/a , n/a , n/a ," 16,500 "," 18,100 "," 41,310 ","16,700","18,300","39,390","17,400","19,000","36,460","17,400","19,000","34,710","17,200","18,900","36,570", n/a , n/a , n/a , n/a , n/a , n/a , n/a , n/a , n/a , n/a , n/a , n/a , n/a , n/a , n/a , n/a , n/a , n/a 
1919-44,"£70,000 - £99,999","1919-44£70,000 - £99,999"," 4,300 "," 4,900 "," 52,260 ","4,500","5,200","47,150","4,500","5,100","47,670","4,400","5,100","42,540","4,600","5,200","43,010", n/a , n/a , n/a , n/a , n/a , n/a , n/a , n/a , n/a , n/a , n/a , n/a , n/a , n/a , n/a , n/a , n/a , n/a ," 17,900 "," 19,000 "," 50,390 ","18,300","19,400","45,280","18,900","20,000","42,190","18,800","19,800","36,930","18,600","19,700","38,820", n/a , n/a , n/a , n/a , n/a , n/a , n/a , n/a , n/a , n/a , n/a , n/a , n/a , n/a , n/a , n/a , n/a , n/a 
1945-64,"£70,000 - £99,999","1945-64£70,000 - £99,999"," 4,100 "," 4,800 "," 39,000 ","4,300","5,000","32,470","4,300","5,000","33,200","4,200","4,900","31,420","4,400","5,000","31,690", n/a , n/a , n/a , n/a , n/a , n/a , n/a , n/a , n/a , n/a , n/a , n/a , n/a , n/a , n/a , n/a , n/a , n/a ," 15,600 "," 16,800 "," 37,050 ","16,100","17,200","30,390","16,600","17,700","28,470","16,500","17,600","26,760","16,400","17,500","28,000", n/a , n/a , n/a , n/a , n/a , n/a , n/a , n/a , n/a , n/a , n/a , n/a , n/a , n/a , n/a , n/a , n/a , n/a 
1965-82,"£70,000 - £99,999","1965-82£70,000 - £99,999"," 4,100 "," 4,700 "," 45,790 ","4,200","4,900","40,550","4,300","4,900","41,350","4,200","4,800","37,700","4,300","5,000","38,020", n/a , n/a , n/a , n/a , n/a , n/a , n/a , n/a , n/a , n/a , n/a , n/a , n/a , n/a , n/a , n/a , n/a , n/a ," 15,100 "," 16,100 "," 42,180 ","15,300","16,300","36,700","15,900","16,800","34,410","15,500","16,500","30,850","15,400","16,400","32,370", n/a , n/a , n/a , n/a , n/a , n/a , n/a , n/a , n/a , n/a , n/a , n/a , n/a , n/a , n/a , n/a , n/a , n/a 
1983-92,"£70,000 - £99,999","1983-92£70,000 - £99,999"," 4,200 "," 4,900 "," 23,820 ","4,300","5,000","23,890","4,400","5,000","24,460","4,300","5,000","20,550","4,500","5,100","20,650", n/a , n/a , n/a , n/a , n/a , n/a , n/a , n/a , n/a , n/a , n/a , n/a , n/a , n/a , n/a , n/a , n/a , n/a ," 15,100 "," 15,800 "," 21,790 ","15,100","15,800","21,350","15,600","16,300","20,250","15,200","15,900","16,500","15,100","15,900","17,200", n/a , n/a , n/a , n/a , n/a , n/a , n/a , n/a , n/a , n/a , n/a , n/a , n/a , n/a , n/a , n/a , n/a , n/a 
1993-99,"£70,000 - £99,999","1993-99£70,000 - £99,999"," 4,300 "," 4,900 "," 21,620 ","4,300","4,900","22,160","4,300","4,900","23,060","4,300","5,000","19,390","4,500","5,100","19,460", n/a , n/a , n/a , n/a , n/a , n/a , n/a , n/a , n/a , n/a , n/a , n/a , n/a , n/a , n/a , n/a , n/a , n/a ," 15,100 "," 15,800 "," 20,150 ","15,000","15,600","20,190","15,500","16,100","18,690","15,400","16,200","15,480","15,300","16,100","16,160", n/a , n/a , n/a , n/a , n/a , n/a , n/a , n/a , n/a , n/a , n/a , n/a , n/a , n/a , n/a , n/a , n/a , n/a 
Post 1999,"£70,000 - £99,999","Post 1999£70,000 - £99,999"," 4,100 "," 4,800 "," 24,040 ","4,100","4,800","25,610","4,100","4,800","27,660","4,100","4,900","22,070","4,200","4,900","22,140", n/a , n/a , n/a , n/a , n/a , n/a , n/a , n/a , n/a , n/a , n/a , n/a , n/a , n/a , n/a , n/a , n/a , n/a ," 14,500 "," 15,300 "," 16,900 ","14,100","14,900","17,670","14,400","15,200","14,350","14,000","15,100","12,530","14,200","15,300","13,880", n/a , n/a , n/a , n/a , n/a , n/a , n/a , n/a , n/a , n/a , n/a , n/a , n/a , n/a , n/a , n/a , n/a , n/a 
Pre 1919,"£100,000 - £149,999","Pre 1919£100,000 - £149,999"," 4,900 "," 6,000 "," 28,390 ","5,200","6,800","27,380","5,200","6,300","28,600","5,100","6,300","27,900","5,200","6,400","28,290", n/a , n/a , n/a , n/a , n/a , n/a , n/a , n/a , n/a , n/a , n/a , n/a , n/a , n/a , n/a , n/a , n/a , n/a ," 20,000 "," 21,200 "," 22,930 ","20,300","21,700","21,220","21,000","22,300","19,330","20,600","21,900","19,520","20,300","21,800","20,630", n/a , n/a , n/a , n/a , n/a , n/a , n/a , n/a , n/a , n/a , n/a , n/a , n/a , n/a , n/a , n/a , n/a , n/a 
1919-44,"£100,000 - £149,999","1919-44£100,000 - £149,999"," 4,800 "," 5,600 "," 25,920 ","5,000","6,000","21,550","5,000","5,800","21,900","5,000","5,800","20,200","5,100","5,900","20,450", n/a , n/a , n/a , n/a , n/a , n/a , n/a , n/a , n/a , n/a , n/a , n/a , n/a , n/a , n/a , n/a , n/a , n/a ," 20,300 "," 21,500 "," 24,490 ","20,900","22,100","19,990","21,600","22,700","18,460","21,400","22,400","16,910","21,100","22,100","17,850", n/a , n/a , n/a , n/a , n/a , n/a , n/a , n/a , n/a , n/a , n/a , n/a , n/a , n/a , n/a , n/a , n/a , n/a 
1945-64,"£100,000 - £149,999","1945-64£100,000 - £149,999"," 4,700 "," 5,500 "," 16,450 ","5,000","6,000","13,650","5,100","5,900","14,000","4,800","5,700","13,690","5,000","5,800","13,850", n/a , n/a , n/a , n/a , n/a , n/a , n/a , n/a , n/a , n/a , n/a , n/a , n/a , n/a , n/a , n/a , n/a , n/a ," 18,400 "," 19,600 "," 15,150 ","19,200","20,500","12,350","19,900","20,900","11,430","19,000","20,300","11,320","18,800","20,100","11,880", n/a , n/a , n/a , n/a , n/a , n/a , n/a , n/a , n/a , n/a , n/a , n/a , n/a , n/a , n/a , n/a , n/a , n/a 
1965-82,"£100,000 - £149,999","1965-82£100,000 - £149,999"," 4,500 "," 5,300 "," 17,750 ","4,800","5,600","15,310","4,800","5,600","15,780","4,600","5,400","15,130","4,800","5,600","15,290", n/a , n/a , n/a , n/a , n/a , n/a , n/a , n/a , n/a , n/a , n/a , n/a , n/a , n/a , n/a , n/a , n/a , n/a ," 17,000 "," 18,100 "," 16,020 ","17,600","18,800","13,630","18,200","19,300","12,690","17,500","18,600","12,160","17,300","18,400","12,770", n/a , n/a , n/a , n/a , n/a , n/a , n/a , n/a , n/a , n/a , n/a , n/a , n/a , n/a , n/a , n/a , n/a , n/a 
1983-92,"£100,000 - £149,999","1983-92£100,000 - £149,999"," 4,700 "," 5,400 "," 10,450 ","4,800","5,700","9,540","4,900","5,600","9,810","4,800","5,600","8,930","5,000","5,800","8,970", n/a , n/a , n/a , n/a , n/a , n/a , n/a , n/a , n/a , n/a , n/a , n/a , n/a , n/a , n/a , n/a , n/a , n/a ," 17,000 "," 17,900 "," 9,610 ","17,400","18,200","8,510","17,800","18,800","8,030","17,700","18,500","7,120","17,500","18,400","7,440", n/a , n/a , n/a , n/a , n/a , n/a , n/a , n/a , n/a , n/a , n/a , n/a , n/a , n/a , n/a , n/a , n/a , n/a 
1993-99,"£100,000 - £149,999","1993-99£100,000 - £149,999"," 4,700 "," 5,500 "," 10,590 ","4,800","5,600","10,640","4,900","5,600","11,080","4,800","5,500","9,780","5,000","5,700","9,840", n/a , n/a , n/a , n/a , n/a , n/a , n/a , n/a , n/a , n/a , n/a , n/a , n/a , n/a , n/a , n/a , n/a , n/a ," 16,900 "," 17,800 "," 9,790 ","17,200","18,000","9,470","17,700","18,500","8,740","17,400","18,300","7,680","17,200","18,100","8,000", n/a , n/a , n/a , n/a , n/a , n/a , n/a , n/a , n/a , n/a , n/a , n/a , n/a , n/a , n/a , n/a , n/a , n/a 
Post 1999,"£100,000 - £149,999","Post 1999£100,000 - £149,999"," 4,700 "," 5,500 "," 9,960 ","4,900","5,800","10,770","4,900","5,600","11,630","4,800","5,700","10,740","5,000","5,800","10,800", n/a , n/a , n/a , n/a , n/a , n/a , n/a , n/a , n/a , n/a , n/a , n/a , n/a , n/a , n/a , n/a , n/a , n/a ," 17,100 "," 18,100 "," 7,070 ","17,700","18,500","7,440","18,000","19,000","6,050","17,300","18,300","6,050","17,500","18,500","6,760", n/a , n/a , n/a , n/a , n/a , n/a , n/a , n/a , n/a , n/a , n/a , n/a , n/a , n/a , n/a , n/a , n/a , n/a 
Pre 1919,"£150,000 and over","Pre 1919£150,000 and over"," 5,800 "," 7,000 "," 15,200 ","6,200","8,100","13,530","6,100","7,300","13,890","5,800","7,100","12,590","5,900","7,200","12,780", n/a , n/a , n/a , n/a , n/a , n/a , n/a , n/a , n/a , n/a , n/a , n/a , n/a , n/a , n/a , n/a , n/a , n/a ," 22,500 "," 23,700 "," 12,400 ","22,300","23,500","10,600","23,000","24,300","9,580","22,300","23,600","8,720","21,900","23,300","9,220", n/a , n/a , n/a , n/a , n/a , n/a , n/a , n/a , n/a , n/a , n/a , n/a , n/a , n/a , n/a , n/a , n/a , n/a 
1919-44,"£150,000 and over","1919-44£150,000 and over"," 5,400 "," 6,600 "," 8,540 ","5,800","7,300","6,790","5,800","6,900","6,880","5,200","6,300","6,930","5,400","6,500","7,030", n/a , n/a , n/a , n/a , n/a , n/a , n/a , n/a , n/a , n/a , n/a , n/a , n/a , n/a , n/a , n/a , n/a , n/a ," 22,900 "," 24,000 "," 7,400 ","23,100","24,300","5,760","23,800","24,800","5,300","21,200","23,000","5,550","21,100","22,800","5,880", n/a , n/a , n/a , n/a , n/a , n/a , n/a , n/a , n/a , n/a , n/a , n/a , n/a , n/a , n/a , n/a , n/a , n/a 
1945-64,"£150,000 and over","1945-64£150,000 and over"," 5,200 "," 6,300 "," 5,470 ","5,700","7,100","4,260","5,700","6,700","4,360","5,100","6,200","4,140","5,400","6,400","4,200", n/a , n/a , n/a , n/a , n/a , n/a , n/a , n/a , n/a , n/a , n/a , n/a , n/a , n/a , n/a , n/a , n/a , n/a ," 20,600 "," 22,000 "," 4,780 ","22,600","23,500","3,660","23,000","24,000","3,350","19,800","21,600","3,300","19,500","21,300","3,420", n/a , n/a , n/a , n/a , n/a , n/a , n/a , n/a , n/a , n/a , n/a , n/a , n/a , n/a , n/a , n/a , n/a , n/a 
1965-82,"£150,000 and over","1965-82£150,000 and over"," 4,800 "," 5,800 "," 5,700 ","5,400","6,800","4,150","5,500","6,500","4,240","4,900","5,900","4,330","5,100","6,000","4,340", n/a , n/a , n/a , n/a , n/a , n/a , n/a , n/a , n/a , n/a , n/a , n/a , n/a , n/a , n/a , n/a , n/a , n/a ," 18,700 "," 20,200 "," 5,030 ","19,900","21,500","3,510","20,600","22,100","3,300","17,900","19,700","3,440","17,900","19,600","3,590", n/a , n/a , n/a , n/a , n/a , n/a , n/a , n/a , n/a , n/a , n/a , n/a , n/a , n/a , n/a , n/a , n/a , n/a 
1983-92,"£150,000 and over","1983-92£150,000 and over"," 4,800 "," 5,800 "," 2,810 ","5,400","6,700","2,260","5,400","6,400","2,330","4,900","6,000","2,220","5,100","6,200","2,230", n/a , n/a , n/a , n/a , n/a , n/a , n/a , n/a , n/a , n/a , n/a , n/a , n/a , n/a , n/a , n/a , n/a , n/a ," 17,700 "," 19,300 "," 2,550 ","19,400","20,700","1,960","19,900","21,300","1,820","17,900","19,300","1,750","17,600","19,100","1,840", n/a , n/a , n/a , n/a , n/a , n/a , n/a , n/a , n/a , n/a , n/a , n/a , n/a , n/a , n/a , n/a , n/a , n/a 
1993-99,"£150,000 and over","1993-99£150,000 and over"," 5,000 "," 6,000 "," 2,850 ","5,300","6,600","2,800","5,400","6,400","2,910","5,100","6,200","2,650","5,400","6,400","2,670", n/a , n/a , n/a , n/a , n/a , n/a , n/a , n/a , n/a , n/a , n/a , n/a , n/a , n/a , n/a , n/a , n/a , n/a ," 18,100 "," 19,600 "," 2,460 ","19,300","20,500","2,340","19,600","21,000","2,110","17,900","19,500","1,980","17,600","19,300","2,070", n/a , n/a , n/a , n/a , n/a , n/a , n/a , n/a , n/a , n/a , n/a , n/a , n/a , n/a , n/a , n/a , n/a , n/a 
Post 1999,"£150,000 and over","Post 1999£150,000 and over"," 5,400 "," 6,400 "," 3,020 ","5,700","6,900","3,400","5,700","6,600","3,720","5,500","6,600","3,640","5,700","6,700","3,670", n/a , n/a , n/a , n/a , n/a , n/a , n/a , n/a , n/a , n/a , n/a , n/a , n/a , n/a , n/a , n/a , n/a , n/a ," 19,300 "," 20,600 "," 1,980 ","20,500","21,600","2,270","21,300","22,100","1,860","19,400","20,900","2,090","19,400","21,000","2,310", n/a , n/a , n/a , n/a , n/a , n/a , n/a , n/a , n/a , n/a , n/a , n/a , n/a , n/a , n/a , n/a , n/a , n/a 
Pre 1919,North East,Pre 1919North East," 2,800 "," 3,500 "," 34,420 ","2,900","3,600","34,270","2,900","3,600","36,200","3,000","3,700","32,760","3,000","3,800","33,330","3,000","3,700","34,420","3,000","3,800","33,800","3,000","3,800","33,670","3,100","3,900","33,610","3,200","4,000","33,960","3,200","4,100","33,840"," 12,200 "," 13,500 "," 32,580 ","12,400","13,600","32,740","13,000","14,300","30,070","13,600","14,900","27,050","13,500","14,800","28,180","14,700","15,900","28,210","14,700","16,000","31,140","16,500","17,800","26,960","17,200","18,400","26,690","17,900","19,000","26,040","19,100","20,100","25,430"
1919-44,North East,1919-44North East," 3,000 "," 3,400 "," 35,980 ","3,000","3,400","35,710","3,000","3,400","36,400","3,000","3,400","31,970","3,100","3,500","32,270","3,000","3,500","34,180","3,000","3,500","33,860","3,000","3,500","33,690","3,100","3,700","33,760","3,200","3,700","33,880","3,200","3,800","33,840"," 13,100 "," 13,900 "," 35,670 ","13,200","14,000","35,770","13,700","14,600","33,630","14,200","15,100","29,240","14,100","15,000","30,260","15,200","16,100","31,200","15,500","16,400","33,200","17,400","18,200","30,090","18,300","19,100","29,830","19,100","19,800","29,120","20,200","20,900","28,570"
1945-64,North East,1945-64North East," 2,900 "," 3,300 "," 47,940 ","2,900","3,400","47,580","2,900","3,300","48,320","2,900","3,400","41,760","3,000","3,400","42,150","2,900","3,400","44,910","2,900","3,400","44,570","2,900","3,400","44,300","3,000","3,500","44,380","3,100","3,600","44,570","3,100","3,600","44,370"," 12,200 "," 12,900 "," 47,010 ","12,300","13,000","47,130","13,000","13,500","44,460","13,500","14,100","38,240","13,400","14,000","39,610","14,400","14,900","40,800","14,700","15,200","43,360","16,500","17,000","39,660","17,300","17,900","39,430","18,000","18,600","38,420","19,100","19,600","37,780"
1965-82,North East,1965-82North East," 2,900 "," 3,400 "," 45,110 ","2,900","3,400","44,930","2,900","3,400","46,090","2,900","3,500","39,860","3,100","3,500","40,190","3,000","3,500","42,750","3,000","3,600","42,390","3,000","3,600","42,230","3,200","3,800","42,300","3,300","3,900","42,410","3,300","3,900","42,310"," 11,900 "," 12,600 "," 41,680 ","12,100","12,700","41,790","12,600","13,200","39,260","13,100","13,700","33,600","12,800","13,500","34,940","13,700","14,400","36,210","14,000","14,700","38,570","15,700","16,400","35,080","16,300","17,100","34,850","17,000","17,800","34,050","18,000","18,700","33,450"
1983-92,North East,1983-92North East," 3,000 "," 3,600 "," 12,820 ","3,100","3,700","12,830","3,100","3,600","13,340","3,100","3,700","11,670","3,200","3,800","11,720","3,200","3,800","12,530","3,300","3,900","12,460","3,300","3,900","12,330","3,400","4,100","12,450","3,600","4,200","12,490","3,600","4,200","12,460"," 12,500 "," 13,400 "," 11,490 ","12,500","13,400","11,500","13,000","13,900","10,920","13,500","14,400","9,640","13,300","14,200","9,910","14,300","15,200","10,430","14,600","15,500","10,780","16,300","17,100","10,130","17,000","17,700","10,170","17,500","18,200","9,920","18,300","19,000","9,700"
1993-99,North East,1993-99North East," 3,300 "," 4,000 "," 9,380 ","3,400","4,000","9,360","3,400","4,000","9,800","3,500","4,100","8,950","3,600","4,200","9,010","3,600","4,200","9,530","3,600","4,200","9,480","3,600","4,300","9,370","3,800","4,400","9,460","3,900","4,500","9,440","3,900","4,600","9,440"," 12,700 "," 13,400 "," 8,480 ","12,800","13,500","8,500","13,300","14,000","8,010","13,600","14,400","7,350","13,400","14,200","7,550","14,300","15,100","7,530","14,500","15,300","7,810","16,200","16,900","7,790","16,600","17,300","7,440","17,000","17,600","6,920","17,800","18,300","7,400"
Post 1999,North East,Post 1999North East," 3,200 "," 3,800 "," 13,100 ","3,200","3,800","13,100","3,200","3,800","13,870","3,200","3,900","11,110","3,400","4,000","11,120","3,400","4,000","9,930","3,400","4,000","9,830","3,300","3,900","9,610","3,300","4,000","9,140","3,400","4,100","8,060","3,400","4,100","6,800"," 12,200 "," 13,100 "," 9,490 ","12,400","13,200","9,550","12,600","13,600","7,950","13,000","14,000","6,530","13,000","13,900","7,050","13,300","14,100","4,450","13,300","14,100","4,720","14,500","15,300","6,050","15,300","16,100","4,950","16,400","17,200","3,350","17,800","18,600","4,610"
Pre 1919,North West,Pre 1919North West," 3,000 "," 3,700 "," 103,400 ","3,100","3,900","116,650","3,100","3,800","122,460","3,200","4,000","109,250","3,200","4,000","110,770","3,300","4,000","113,030","3,300","4,100","111,220","3,300","4,100","109,720","3,400","4,300","111,250","3,500","4,300","111,650","3,600","4,600","69,140"," 11,500 "," 12,900 "," 113,020 ","11,600","12,900","113,450","12,200","13,600","104,080","12,900","14,300","91,440","12,900","14,300","95,310","13,900","15,300","95,000","14,000","15,400","103,610","15,700","17,000","91,140","16,200","17,500","90,760","16,800","18,000","88,130","17,700","18,900","86,340"
1919-44,North West,1919-44North West," 3,400 "," 3,900 "," 94,310 ","3,400","3,900","105,370","3,400","3,900","106,260","3,400","4,000","91,800","3,600","4,100","92,480","3,600","4,100","98,120","3,600","4,100","96,980","3,600","4,100","95,480","3,700","4,300","96,980","3,800","4,400","97,160","3,900","4,600","64,570"," 12,800 "," 13,700 "," 104,770 ","12,900","13,800","104,930","13,500","14,400","98,650","14,100","15,100","83,930","14,100","15,100","86,980","15,300","16,200","90,020","15,600","16,500","95,080","17,400","18,300","86,980","18,000","18,900","86,680","18,900","19,600","84,400","19,800","20,600","83,030"
1945-64,North West,1945-64North West," 3,200 "," 3,700 "," 87,910 ","3,200","3,700","99,080","3,200","3,700","100,320","3,200","3,700","85,750","3,300","3,800","86,460","3,300","3,900","91,540","3,300","3,900","90,380","3,300","3,900","88,970","3,500","4,100","90,340","3,500","4,200","90,440","3,600","4,300","60,360"," 11,500 "," 12,300 "," 96,500 ","11,700","12,400","96,690","12,200","13,000","91,050","12,800","13,600","77,080","12,800","13,600","79,650","13,900","14,700","82,260","14,200","15,000","86,680","15,900","16,700","79,620","16,500","17,300","79,630","17,200","17,900","77,370","18,100","18,900","76,000"
1965-82,North West,1965-82North West," 3,100 "," 3,700 "," 95,720 ","3,200","3,700","109,220","3,200","3,700","110,990","3,200","3,800","95,440","3,300","3,900","96,130","3,300","3,900","101,750","3,300","3,900","100,780","3,400","4,000","99,200","3,500","4,200","100,700","3,600","4,200","100,820","3,700","4,400","63,230"," 11,400 "," 12,300 "," 99,880 ","11,500","12,400","100,130","12,100","12,900","94,270","12,600","13,500","79,790","12,600","13,600","82,770","13,700","14,500","85,370","14,000","14,900","90,250","15,700","16,600","82,610","16,300","17,200","82,470","17,100","17,900","80,140","18,000","18,800","78,750"
1983-92,North West,1983-92North West," 3,200 "," 3,800 "," 29,350 ","3,200","3,900","34,010","3,200","3,900","35,090","3,300","4,000","30,490","3,400","4,000","30,650","3,400","4,100","32,650","3,400","4,100","32,420","3,500","4,200","31,870","3,600","4,400","32,450","3,700","4,400","32,420","3,700","4,600","20,350"," 10,900 "," 12,000 "," 29,670 ","10,900","12,000","29,710","11,500","12,600","28,260","12,000","13,200","24,480","12,000","13,300","25,260","13,100","14,200","26,410","13,300","14,600","27,470","14,900","16,100","25,640","15,300","16,500","25,630","16,000","17,100","25,150","16,700","17,800","24,820"
1993-99,North West,1993-99North West," 3,500 "," 4,000 "," 24,810 ","3,500","4,100","27,910","3,600","4,100","28,990","3,600","4,200","26,380","3,700","4,300","26,480","3,700","4,300","28,160","3,700","4,400","27,910","3,700","4,400","27,410","3,900","4,600","27,820","4,000","4,600","27,790","4,000","4,800","17,500"," 11,300 "," 12,300 "," 25,600 ","11,400","12,400","25,630","11,900","12,900","23,890","12,300","13,400","22,250","12,500","13,500","23,170","13,400","14,400","22,940","13,700","14,700","23,850","15,100","16,100","23,620","15,500","16,500","23,010","16,000","17,000","21,780","16,700","17,600","22,950"
Post 1999,North West,Post 1999North West," 3,600 "," 4,200 "," 22,430 ","3,600","4,400","25,980","3,600","4,300","29,890","3,700","4,500","25,120","3,800","4,500","25,160","3,800","4,500","22,450","3,800","4,500","22,100","3,700","4,500","21,480","3,800","4,600","20,720","3,800","4,600","18,210","3,800","4,700","8,510"," 11,400 "," 12,500 "," 18,000 ","11,600","12,600","17,990","11,900","13,000","14,100","12,200","13,300","13,740","12,600","13,800","16,000","12,900","14,300","8,750","12,900","14,300","9,250","14,400","15,700","14,350","15,200","17,400","10,370","15,200","16,900","7,120","15,900","17,800","11,900"
Pre 1919,Yorks & Humber,Pre 1919Yorks & Humber," 3,000 "," 3,700 "," 73,470 ","3,000","3,900","76,220","3,000","3,800","80,080","3,100","3,900","72,150","3,200","4,000","73,320","3,200","4,000","75,120","3,200","4,000","74,200","3,200","4,000","73,750","3,300","4,200","73,170","3,500","4,300","74,050","3,500","4,500","73,340"," 12,500 "," 14,000 "," 71,740 ","12,500","13,900","72,190","12,800","14,300","66,320","13,600","15,100","59,070","13,700","15,300","61,800","14,700","16,100","61,830","14,600","16,000","67,720","16,100","17,400","59,390","16,800","18,100","58,510","17,200","18,500","56,850","18,000","19,200","54,590"
1919-44,Yorks & Humber,1919-44Yorks & Humber," 3,200 "," 3,600 "," 73,120 ","3,200","3,700","76,250","3,200","3,600","76,920","3,200","3,700","66,230","3,300","3,800","66,750","3,300","3,800","70,740","3,300","3,800","70,280","3,300","3,800","69,790","3,500","4,000","69,640","3,500","4,100","70,090","3,600","4,200","69,970"," 13,100 "," 14,000 "," 75,410 ","13,100","14,000","75,530","13,500","14,400","71,120","14,100","15,000","60,380","14,200","15,200","62,790","15,200","16,100","64,720","15,400","16,200","68,430","17,000","17,800","62,520","17,800","18,600","61,410","18,500","19,200","60,320","19,500","20,100","57,500"
1945-64,Yorks & Humber,1945-64Yorks & Humber," 3,000 "," 3,600 "," 74,180 ","3,000","3,700","77,560","3,000","3,500","78,620","3,000","3,600","68,270","3,100","3,700","68,870","3,100","3,700","73,370","3,100","3,700","72,890","3,100","3,700","72,530","3,200","3,900","72,350","3,300","4,000","72,620","3,400","4,100","72,560"," 12,200 "," 12,900 "," 74,010 ","12,200","12,900","74,130","12,500","13,300","70,060","13,300","13,900","59,840","13,400","14,100","62,130","14,200","14,900","64,580","14,300","15,100","68,170","15,800","16,600","62,310","16,600","17,300","61,580","17,300","18,000","60,250","18,200","18,800","57,320"
1965-82,Yorks & Humber,1965-82Yorks & Humber," 2,900 "," 3,500 "," 77,400 ","3,000","3,600","81,400","3,000","3,500","82,900","3,000","3,600","72,520","3,100","3,700","72,910","3,100","3,700","77,320","3,100","3,800","76,920","3,100","3,800","76,440","3,300","4,000","76,440","3,400","4,100","76,860","3,500","4,200","76,720"," 12,000 "," 12,900 "," 73,410 ","12,000","12,900","73,610","12,400","13,200","69,240","13,000","13,900","59,650","13,100","14,000","62,160","14,000","14,900","64,200","14,200","15,000","67,860","15,700","16,600","62,190","16,400","17,200","61,150","17,100","17,900","60,090","18,000","18,700","57,040"
1983-92,Yorks & Humber,1983-92Yorks & Humber," 3,000 "," 3,600 "," 22,880 ","3,000","3,700","24,180","3,000","3,700","24,780","3,100","3,700","22,120","3,200","3,800","22,160","3,200","3,900","23,390","3,200","3,900","23,280","3,200","3,900","23,080","3,300","4,100","23,160","3,500","4,200","23,270","3,500","4,300","23,190"," 11,900 "," 12,800 "," 21,290 ","11,900","12,900","21,370","12,200","13,200","20,420","12,900","13,800","18,140","12,900","13,900","18,850","13,700","14,600","19,620","13,800","14,700","20,310","15,100","16,100","19,050","15,700","16,700","18,970","16,300","17,200","18,720","16,900","17,800","18,030"
1993-99,Yorks & Humber,1993-99Yorks & Humber," 3,300 "," 3,900 "," 18,130 ","3,300","4,000","19,100","3,400","3,900","19,860","3,400","4,000","18,750","3,500","4,100","18,810","3,600","4,200","20,010","3,500","4,200","19,880","3,500","4,200","19,690","3,700","4,400","19,780","3,800","4,500","19,870","3,800","4,500","19,760"," 12,300 "," 13,300 "," 17,340 ","12,300","13,300","17,400","12,700","13,600","16,120","13,300","14,300","15,680","13,300","14,300","16,490","13,900","15,000","17,100","13,900","15,000","17,690","15,300","16,300","16,850","15,700","16,700","16,500","16,000","17,100","15,750","16,800","17,800","15,910"
Post 1999,Yorks & Humber,Post 1999Yorks & Humber," 3,500 "," 4,200 "," 24,700 ","3,500","4,300","26,830","3,500","4,200","28,480","3,600","4,400","24,220","3,700","4,400","24,270","3,700","4,500","21,820","3,700","4,400","21,580","3,600","4,400","21,200","3,600","4,500","20,070","3,700","4,500","16,810","3,700","4,600","15,060"," 12,100 "," 13,100 "," 16,270 ","12,100","13,100","16,350","12,400","13,500","13,150","13,200","14,200","11,350","13,200","14,200","12,860","13,900","14,900","10,580","13,800","14,800","11,210","14,800","15,700","11,160","15,200","16,300","11,090","16,000","17,200","7,310","16,800","17,800","8,800"
Pre 1919,East Midlands,Pre 1919East Midlands," 3,100 "," 4,000 "," 55,470 ","3,200","4,300","55,760","3,200","4,100","57,880","3,300","4,300","51,810","3,400","4,400","52,390","3,400","4,400","53,390","3,400","4,400","52,780","3,500","4,500","52,570","3,600","4,700","52,740","3,700","4,700","52,830","3,800","4,900","51,350"," 13,000 "," 14,300 "," 49,800 ","13,100","14,300","49,910","13,400","14,700","46,130","14,200","15,400","40,310","14,200","15,500","42,240","15,200","16,400","41,700","15,200","16,400","45,700","16,800","17,900","39,720","17,400","18,500","39,640","18,100","19,100","38,030","19,100","20,000","37,060"
1919-44,East Midlands,1919-44East Midlands," 3,400 "," 4,000 "," 51,840 ","3,400","4,000","51,510","3,400","4,000","52,100","3,400","4,000","44,750","3,500","4,100","45,010","3,500","4,200","47,430","3,500","4,200","47,070","3,500","4,200","46,940","3,700","4,400","47,050","3,800","4,500","47,110","3,800","4,500","46,700"," 13,500 "," 14,400 "," 49,810 ","13,600","14,400","49,840","14,000","14,800","46,980","14,600","15,500","39,500","14,700","15,600","41,120","15,900","16,700","42,130","15,900","16,700","44,750","17,600","18,300","40,390","18,200","19,000","40,470","18,900","19,600","39,230","20,000","20,700","38,220"
1945-64,East Midlands,1945-64East Midlands," 3,200 "," 3,800 "," 66,380 ","3,100","3,800","66,110","3,200","3,800","67,070","3,200","3,900","57,260","3,300","3,900","57,690","3,300","4,000","61,050","3,300","4,000","60,630","3,300","4,000","60,460","3,400","4,200","60,590","3,500","4,200","60,680","3,500","4,300","60,190"," 12,300 "," 13,100 "," 62,760 ","12,500","13,200","62,800","12,800","13,600","59,450","13,500","14,100","49,540","13,500","14,200","51,650","14,500","15,200","53,020","14,500","15,200","56,120","16,100","16,800","51,070","16,700","17,400","51,120","17,300","17,900","49,470","18,400","19,000","48,370"
1965-82,East Midlands,1965-82East Midlands," 3,000 "," 3,700 "," 79,110 ","3,100","3,700","79,130","3,100","3,700","80,320","3,100","3,800","68,610","3,200","3,900","68,970","3,200","3,900","72,910","3,200","3,900","72,530","3,300","4,000","72,380","3,400","4,200","72,660","3,500","4,200","72,550","3,500","4,300","71,720"," 11,700 "," 12,400 "," 71,710 ","11,800","12,500","71,710","12,100","12,900","67,700","12,700","13,400","56,700","12,700","13,500","59,020","13,700","14,400","60,610","13,800","14,500","64,410","15,300","16,000","58,680","15,900","16,600","58,700","16,500","17,200","56,870","17,500","18,200","55,640"
1983-92,East Midlands,1983-92East Midlands," 3,200 "," 4,000 "," 27,830 ","3,200","4,000","27,920","3,300","3,900","28,530","3,300","4,100","24,780","3,400","4,200","24,810","3,400","4,200","26,080","3,400","4,200","25,960","3,500","4,300","25,870","3,700","4,500","26,010","3,700","4,500","25,990","3,700","4,600","25,770"," 11,600 "," 12,400 "," 24,460 ","11,700","12,500","24,470","12,000","12,900","23,380","12,500","13,300","20,120","12,500","13,300","20,860","13,300","14,200","21,700","13,400","14,200","22,510","14,900","15,700","20,990","15,400","16,200","21,160","15,900","16,600","20,830","16,700","17,400","20,370"
1993-99,East Midlands,1993-99East Midlands," 3,500 "," 4,300 "," 20,300 ","3,500","4,200","20,440","3,500","4,200","21,130","3,500","4,300","19,250","3,700","4,400","19,350","3,700","4,400","20,810","3,700","4,500","20,730","3,800","4,500","20,640","3,900","4,700","20,720","4,000","4,800","20,760","4,000","4,800","20,570"," 11,700 "," 12,600 "," 18,300 ","11,900","12,700","18,330","12,200","13,000","17,130","12,600","13,500","15,690","12,600","13,500","16,390","13,500","14,400","17,030","13,400","14,300","17,710","14,700","15,600","17,060","15,200","16,000","16,890","15,400","16,300","15,570","16,300","17,100","16,680"
Post 1999,East Midlands,Post 1999East Midlands," 3,400 "," 4,100 "," 21,870 ","3,400","4,100","22,070","3,400","4,000","24,120","3,400","4,100","20,290","3,500","4,200","20,300","3,600","4,300","18,930","3,500","4,200","18,780","3,500","4,200","18,490","3,500","4,300","17,920","3,600","4,300","15,910","3,600","4,400","13,710"," 11,700 "," 12,700 "," 15,960 ","11,800","12,800","15,960","12,000","13,000","12,970","12,200","13,300","12,910","12,300","13,300","14,050","13,300","14,300","10,860","13,000","14,200","11,490","13,800","14,800","12,140","14,600","15,700","11,970","15,200","16,600","6,640","15,200","17,400","10,070"
Pre 1919,West Midlands,Pre 1919West Midlands," 3,300 "," 4,100 "," 54,270 ","3,300","4,400","56,880","3,300","4,200","60,480","3,400","4,400","53,460","3,500","4,400","54,240","3,500","4,400","54,920","3,500","4,400","54,200","3,500","4,500","53,780","3,600","4,600","54,050","3,700","4,700","54,770","3,900","5,000","29,670"," 13,400 "," 14,800 "," 50,310 ","13,300","14,700","50,540","13,700","15,100","46,810","14,300","15,700","41,050","14,500","15,900","43,000","15,500","16,800","43,030","15,600","16,900","46,590","17,200","18,400","41,070","17,800","19,000","40,860","18,400","19,500","39,850","19,300","20,300","38,640"
1919-44,West Midlands,1919-44West Midlands," 3,500 "," 4,000 "," 76,420 ","3,500","4,100","79,900","3,500","4,000","81,330","3,500","4,100","69,050","3,600","4,200","69,650","3,600","4,200","73,480","3,600","4,200","72,850","3,600","4,200","72,330","3,800","4,400","72,850","3,800","4,500","73,410","4,100","4,900","41,100"," 13,500 "," 14,400 "," 79,220 ","13,600","14,500","79,350","13,900","14,800","74,630","14,500","15,400","62,930","14,500","15,500","65,490","15,500","16,400","67,220","15,700","16,600","71,230","17,400","18,200","64,820","17,900","18,800","64,620","18,600","19,400","62,990","19,500","20,200","61,240"
1945-64,West Midlands,1945-64West Midlands," 3,200 "," 3,900 "," 85,170 ","3,300","3,900","89,580","3,300","3,900","93,070","3,300","4,000","78,860","3,400","4,000","79,570","3,400","4,100","84,120","3,400","4,100","83,610","3,400","4,100","83,040","3,600","4,300","83,460","3,600","4,400","83,900","3,800","4,700","47,050"," 12,000 "," 12,800 "," 86,280 ","12,100","12,800","86,440","12,400","13,100","81,630","13,000","13,700","68,430","13,100","13,900","71,390","14,000","14,700","73,750","14,100","14,900","78,080","15,700","16,400","71,430","16,300","17,000","71,200","16,900","17,600","69,470","17,800","18,500","67,470"
1965-82,West Midlands,1965-82West Midlands," 3,200 "," 3,800 "," 86,930 ","3,200","4,000","91,500","3,300","3,900","97,500","3,300","4,000","83,260","3,400","4,100","83,890","3,400","4,100","88,460","3,400","4,200","88,000","3,500","4,200","87,500","3,700","4,500","87,980","3,700","4,500","88,390","4,000","4,800","47,160"," 11,100 "," 11,800 "," 85,130 ","11,100","11,900","85,240","11,400","12,200","80,280","11,900","12,700","68,290","12,000","12,800","70,950","12,800","13,600","72,830","13,000","13,800","77,210","14,500","15,300","70,540","15,000","15,800","70,470","15,700","16,500","68,800","16,500","17,300","66,870"
1983-92,West Midlands,1983-92West Midlands," 3,300 "," 4,000 "," 25,120 ","3,300","4,100","26,500","3,400","4,000","28,580","3,400","4,100","24,780","3,500","4,200","24,910","3,600","4,300","26,260","3,600","4,300","26,170","3,600","4,300","25,940","3,800","4,500","26,190","3,900","4,600","26,270","4,200","5,000","13,790"," 11,600 "," 12,400 "," 23,380 ","11,700","12,500","23,420","12,000","12,800","22,210","12,500","13,300","19,730","12,500","13,300","20,500","13,400","14,100","21,320","13,600","14,300","22,110","15,100","15,800","20,650","15,500","16,200","20,790","16,100","16,800","20,440","16,800","17,400","20,230"
1993-99,West Midlands,1993-99West Midlands," 3,500 "," 4,300 "," 16,210 ","3,600","4,300","17,180","3,600","4,200","19,160","3,600","4,300","18,100","3,800","4,400","18,180","3,700","4,400","19,240","3,700","4,500","19,140","3,800","4,500","18,990","4,000","4,700","19,120","4,000","4,700","19,170","4,200","5,200","10,310"," 11,300 "," 12,300 "," 15,490 ","11,500","12,400","15,490","11,700","12,600","14,260","12,000","13,100","14,300","12,100","13,100","15,010","12,900","13,900","15,600","13,000","14,000","16,210","14,200","15,200","15,390","14,700","15,600","15,240","15,000","16,000","14,240","15,600","16,600","15,040"
Post 1999,West Midlands,Post 1999West Midlands," 3,500 "," 4,200 "," 16,000 ","3,500","4,300","17,610","3,500","4,200","19,580","3,600","4,300","16,360","3,700","4,300","16,380","3,700","4,400","15,170","3,700","4,400","15,030","3,600","4,400","14,760","3,700","4,400","14,220","3,700","4,500","12,620","3,800","4,600","5,320"," 11,400 "," 12,500 "," 11,960 ","11,600","12,600","11,970","11,700","12,900","9,330","11,800","13,100","10,400","12,100","13,300","11,820","12,700","13,800","9,460","12,800","13,900","10,080","13,700","14,800","9,940","14,100","15,400","9,850","15,200","16,300","6,220","15,200","16,900","8,280"
Pre 1919,East of England,Pre 1919East of England," 3,500 "," 4,600 "," 51,860 ","3,600","4,900","52,320","3,600","4,700","54,140","3,600","4,900","50,390","3,700","4,900","50,980","3,700","4,900","50,900","3,700","4,900","50,210","3,800","5,000","49,970","4,000","5,300","49,880","4,100","5,300","49,900","4,200","5,500","49,750"," 13,000 "," 14,600 "," 39,720 ","12,900","14,500","39,890","13,200","14,800","37,310","13,800","15,400","34,240","13,800","15,400","35,720","14,900","16,500","35,040","14,800","16,400","37,620","16,200","17,700","33,550","16,800","18,200","33,340","17,400","18,600","32,240","18,200","19,500","31,380"
1919-44,East of England,1919-44East of England," 3,700 "," 4,500 "," 51,790 ","3,800","4,700","51,550","3,800","4,500","52,020","3,800","4,600","45,830","3,900","4,700","46,170","3,900","4,700","48,480","3,900","4,700","48,010","3,900","4,800","47,800","4,100","5,000","47,900","4,200","5,100","47,950","4,200","5,100","47,850"," 14,800 "," 16,000 "," 46,770 ","14,700","15,800","46,900","15,100","16,300","44,210","15,700","16,800","38,300","15,600","16,800","40,090","16,800","17,900","40,790","16,900","17,900","43,300","18,400","19,400","39,770","19,000","20,000","39,350","19,700","20,500","38,410","20,600","21,500","37,620"
1945-64,East of England,1945-64East of England," 3,300 "," 4,100 "," 96,120 ","3,400","4,200","95,700","3,400","4,100","96,110","3,400","4,200","83,350","3,500","4,200","83,950","3,500","4,200","89,070","3,400","4,200","88,250","3,400","4,300","87,800","3,600","4,500","87,860","3,700","4,500","88,010","3,700","4,600","87,840"," 12,500 "," 13,400 "," 87,100 ","12,400","13,300","87,260","12,700","13,700","82,560","13,200","14,200","70,000","13,200","14,100","73,170","14,300","15,200","75,300","14,400","15,300","79,940","15,700","16,600","73,720","16,300","17,200","73,150","16,900","17,700","71,760","17,800","18,600","70,340"
1965-82,East of England,1965-82East of England," 3,300 "," 4,100 "," 112,160 ","3,400","4,200","111,810","3,400","4,100","112,400","3,400","4,200","97,220","3,500","4,300","97,910","3,500","4,400","103,480","3,500","4,300","102,660","3,500","4,400","102,050","3,700","4,700","102,270","3,800","4,700","102,410","3,900","4,800","102,360"," 11,500 "," 12,400 "," 92,230 ","11,400","12,300","92,470","11,800","12,700","87,070","12,300","13,100","73,830","12,300","13,200","77,110","13,300","14,200","78,800","13,400","14,200","84,020","14,700","15,500","76,900","15,200","16,100","76,450","15,700","16,600","74,550","16,600","17,500","72,860"
1983-92,East of England,1983-92East of England," 3,400 "," 4,200 "," 42,860 ","3,400","4,300","42,720","3,400","4,200","43,150","3,500","4,400","38,030","3,600","4,400","38,240","3,700","4,500","40,260","3,600","4,500","40,030","3,700","4,600","39,720","3,900","4,900","39,900","4,000","4,900","39,940","4,000","4,900","40,000"," 10,700 "," 11,800 "," 30,740 ","10,700","11,700","30,750","11,000","12,100","29,270","11,300","12,500","25,500","11,300","12,400","26,580","12,200","13,300","27,380","12,200","13,300","28,700","13,400","14,500","26,700","13,800","14,900","26,720","14,200","15,300","26,430","14,900","16,000","25,870"
1993-99,East of England,1993-99East of England," 3,600 "," 4,400 "," 27,180 ","3,600","4,400","27,270","3,600","4,300","27,740","3,600","4,500","25,980","3,800","4,500","26,090","3,800","4,600","27,730","3,700","4,600","27,530","3,800","4,600","27,320","4,000","4,900","27,500","4,000","4,900","27,560","4,000","4,900","27,480"," 11,300 "," 12,400 "," 21,560 ","11,100","12,300","21,600","11,400","12,600","20,270","11,900","13,100","19,220","11,900","13,000","19,980","12,500","13,800","19,790","12,400","13,700","20,660","13,500","14,700","20,590","13,900","15,100","19,760","14,100","15,200","18,230","15,000","16,000","20,110"
Post 1999,East of England,Post 1999East of England," 3,400 "," 4,200 "," 33,400 ","3,400","4,200","33,380","3,400","4,100","34,990","3,400","4,300","28,400","3,600","4,300","28,410","3,600","4,400","25,620","3,600","4,400","25,380","3,500","4,400","25,020","3,600","4,500","23,520","3,700","4,500","20,570","3,700","4,600","17,360"," 10,600 "," 11,800 "," 21,260 ","10,600","11,700","21,180","10,700","12,000","17,990","11,400","12,800","15,730","11,600","13,000","16,840","12,100","13,600","10,780","12,000","13,500","11,380","12,900","14,300","15,080","13,500","15,000","11,040","14,400","16,000","7,160","15,200","17,100","11,960"
Pre 1919,London,Pre 1919London," 3,500 "," 4,400 "," 111,480 ","3,600","4,700","112,230","3,200","4,100","134,820","3,300","4,200","120,720","3,400","4,300","122,340","3,500","4,400","116,730","3,500","4,400","115,310","3,500","4,400","115,220","3,600","4,600","115,010","3,700","4,600","114,830","3,700","4,700","114,100"," 14,000 "," 15,600 "," 119,510 ","13,900","15,500","120,680","14,500","16,000","111,260","14,300","15,900","107,170","14,200","15,900","112,470","16,200","17,700","100,370","16,100","17,600","110,660","17,500","18,900","96,710","18,000","19,300","94,840","18,500","19,700","93,740","19,400","20,600","91,860"
1919-44,London,1919-44London," 3,500 "," 4,100 "," 143,570 ","3,600","4,300","142,220","3,600","4,200","143,500","3,600","4,200","129,950","3,700","4,300","131,590","3,700","4,300","139,740","3,600","4,300","138,090","3,700","4,400","138,080","3,800","4,500","138,170","3,900","4,600","138,310","3,900","4,600","137,630"," 15,100 "," 16,200 "," 139,040 ","14,900","16,000","139,680","15,500","16,500","130,360","15,800","16,800","116,460","15,700","16,800","122,320","17,000","17,900","123,720","16,900","17,900","134,670","18,600","19,400","120,520","19,000","19,800","118,310","19,700","20,300","117,130","20,500","21,100","115,170"
1945-64,London,1945-64London," 2,800 "," 3,500 "," 73,600 ","2,900","3,800","73,050","2,900","3,600","74,070","2,900","3,600","65,630","3,000","3,700","66,640","3,000","3,700","70,610","3,000","3,700","69,770","3,000","3,800","69,700","3,100","3,900","69,730","3,200","3,900","69,650","3,200","4,000","69,620"," 10,500 "," 11,700 "," 69,760 ","10,400","11,500","70,140","10,800","11,900","65,200","11,200","12,300","57,290","11,300","12,400","60,020","12,400","13,400","59,920","12,300","13,300","66,800","13,500","14,600","58,160","14,100","15,000","57,410","14,600","15,400","56,860","15,400","16,200","55,690"
1965-82,London,1965-82London," 2,700 "," 3,400 "," 70,150 ","2,700","3,700","69,830","2,700","3,400","72,010","2,700","3,500","64,700","2,800","3,600","65,850","2,800","3,600","69,940","2,800","3,600","69,220","2,800","3,700","69,240","2,900","3,800","69,270","3,000","3,800","69,180","3,000","3,900","69,020"," 8,600 "," 9,800 "," 55,630 ","8,600","9,700","56,170","8,900","10,000","51,820","9,200","10,200","46,260","9,300","10,400","48,720","10,200","11,100","48,070","10,000","11,000","54,480","11,000","12,100","46,920","11,500","12,600","46,490","11,900","12,900","46,130","12,600","13,600","44,690"
1983-92,London,1983-92London," 3,200 "," 4,100 "," 22,980 ","3,300","4,300","22,960","3,200","4,000","24,100","3,300","4,300","22,380","3,400","4,200","22,540","3,400","4,300","24,890","3,400","4,300","24,750","3,500","4,400","24,650","3,600","4,500","24,730","3,600","4,500","24,720","3,700","4,700","24,710"," 8,700 "," 10,100 "," 14,830 ","8,700","10,000","14,910","9,000","10,400","13,880","9,200","10,600","12,900","9,300","10,700","13,490","10,000","11,400","14,060","10,000","11,400","15,500","10,900","12,400","13,730","11,200","12,900","13,590","11,600","13,100","13,470","12,200","13,700","13,260"
1993-99,London,1993-99London," 3,300 "," 4,300 "," 15,600 ","3,400","4,400","15,660","3,300","4,200","16,790","3,400","4,300","15,990","3,500","4,300","16,130","3,500","4,400","18,040","3,500","4,400","17,880","3,500","4,500","17,870","3,600","4,600","17,820","3,600","4,500","17,800","3,700","4,700","17,860"," 8,800 "," 9,800 "," 11,350 ","8,700","9,700","11,420","9,000","10,000","10,540","9,100","10,200","10,410","9,200","10,400","10,800","9,900","11,000","11,390","9,800","11,000","12,420","10,600","11,800","11,100","10,900","12,200","10,810","11,100","12,500","10,520","11,500","12,900","10,760"
Post 1999,London,Post 1999London," 3,100 "," 4,200 "," 32,220 ","3,200","4,300","32,360","3,100","4,100","35,260","3,300","4,400","27,350","3,400","4,400","27,330","3,500","4,600","23,430","3,500","4,600","23,260","3,400","4,600","23,010","3,500","4,600","21,480","3,600","4,600","18,840","3,600","4,800","16,100"," 8,200 "," 9,700 "," 12,300 ","8,300","9,700","12,190","8,300","9,800","10,000","8,600","10,100","9,210","9,000","10,500","10,360","9,400","10,900","8,380","9,400","11,000","9,250","10,400","11,900","8,910","10,700","12,200","7,540","11,100","12,700","6,670","11,700","13,100","6,850"
Pre 1919,South East,Pre 1919South East," 3,500 "," 4,500 "," 88,040 ","3,600","4,900","88,810","3,600","4,600","99,010","3,600","4,800","89,230","3,700","4,800","90,380","3,800","4,900","89,360","3,800","4,900","87,920","3,800","4,900","87,540","4,000","5,100","86,680","4,000","5,100","87,480","4,100","5,300","86,450"," 12,700 "," 14,500 "," 76,580 ","12,600","14,400","77,320","13,000","14,700","71,630","13,600","15,200","64,960","13,500","15,200","68,200","14,800","16,400","65,000","14,700","16,300","70,940","16,200","17,700","62,120","16,900","18,400","59,040","17,400","18,700","59,360","18,100","19,500","57,750"
1919-44,South East,1919-44South East," 3,800 "," 4,500 "," 85,700 ","3,800","4,700","85,340","3,800","4,600","87,390","3,900","4,700","75,750","4,000","4,800","76,380","4,000","4,800","80,540","4,000","4,800","79,610","4,100","4,900","79,510","4,200","5,100","78,750","4,300","5,100","79,140","4,300","5,200","78,790"," 14,300 "," 15,800 "," 81,170 ","14,200","15,600","81,540","14,600","16,000","76,410","15,300","16,600","65,000","15,100","16,500","68,360","16,400","17,700","69,270","16,500","17,700","74,200","18,100","19,300","66,480","18,800","20,000","63,950","19,400","20,500","64,380","20,200","21,200","62,840"
1945-64,South East,1945-64South East," 3,400 "," 4,200 "," 132,190 ","3,500","4,300","131,610","3,500","4,200","134,230","3,500","4,300","115,190","3,600","4,300","116,140","3,600","4,400","122,270","3,600","4,400","121,040","3,600","4,400","120,730","3,700","4,600","119,860","3,800","4,600","121,020","3,800","4,700","120,520"," 12,400 "," 13,600 "," 122,910 ","12,300","13,400","123,490","12,700","13,800","116,220","13,200","14,300","97,680","13,200","14,300","102,650","14,300","15,400","103,730","14,400","15,400","111,540","15,900","16,900","100,120","16,600","17,600","96,600","17,100","18,000","97,580","17,800","18,700","95,540"
1965-82,South East,1965-82South East," 3,300 "," 4,000 "," 150,700 ","3,400","4,100","150,080","3,400","4,100","153,210","3,400","4,100","131,590","3,500","4,200","132,490","3,500","4,300","139,620","3,500","4,300","138,310","3,600","4,300","137,680","3,800","4,500","136,710","3,800","4,600","138,250","3,900","4,700","137,470"," 11,600 "," 12,700 "," 133,980 ","11,500","12,600","134,310","11,900","12,900","125,840","12,300","13,400","106,010","12,300","13,300","111,460","13,300","14,300","112,570","13,400","14,400","121,390","14,800","15,800","108,910","15,500","16,500","105,910","15,900","16,900","106,400","16,600","17,600","103,650"
1983-92,South East,1983-92South East," 3,400 "," 4,200 "," 61,120 ","3,500","4,300","61,030","3,500","4,200","63,110","3,600","4,300","55,540","3,700","4,400","55,800","3,700","4,500","59,250","3,700","4,500","58,840","3,800","4,500","58,610","3,900","4,700","58,330","4,000","4,700","59,000","4,100","4,800","58,680"," 10,900 "," 12,100 "," 47,340 ","10,900","12,000","47,500","11,100","12,300","45,070","11,500","12,700","39,160","11,500","12,700","40,880","12,200","13,500","42,270","12,300","13,500","44,510","13,600","14,900","41,150","14,300","15,500","40,050","14,600","15,800","40,550","15,100","16,300","39,940"
1993-99,South East,1993-99South East," 3,600 "," 4,400 "," 30,580 ","3,700","4,400","30,670","3,700","4,300","32,240","3,700","4,400","30,930","3,800","4,500","31,030","3,800","4,600","32,640","3,800","4,600","32,420","3,800","4,600","32,150","4,000","4,800","31,930","4,100","4,800","32,380","4,100","4,900","32,170"," 11,300 "," 12,600 "," 26,320 ","11,300","12,600","26,320","11,500","12,800","24,600","11,900","13,300","23,580","11,900","13,200","24,440","12,500","13,900","24,860","12,500","13,900","26,130","13,600","15,000","24,410","14,200","15,500","23,250","14,300","15,700","22,390","14,800","16,100","24,070"
Post 1999,South East,Post 1999South East," 3,200 "," 4,100 "," 41,000 ","3,300","4,200","40,850","3,300","4,000","46,320","3,300","4,200","38,330","3,500","4,300","38,480","3,500","4,300","33,980","3,500","4,300","33,550","3,500","4,300","33,220","3,500","4,400","30,420","3,600","4,500","27,060","3,600","4,500","23,020"," 9,900 "," 11,300 "," 26,810 ","9,900","11,200","26,310","10,100","11,400","22,010","10,600","12,200","20,350","10,700","12,200","22,540","11,300","12,900","17,410","11,200","12,800","18,620","12,200","13,700","19,110","12,900","14,500","16,250","13,400","15,200","11,900","13,800","15,700","15,210"
Pre 1919,South West,Pre 1919South West," 3,600 "," 4,800 "," 67,400 ","3,700","5,200","71,530","3,700","4,800","78,270","3,800","5,000","72,340","3,900","5,000","73,410","3,900","5,100","71,020","3,900","5,100","70,240","4,000","5,200","69,950","4,200","5,400","69,100","4,300","5,400","70,060","4,400","5,600","64,360"," 11,600 "," 13,200 "," 50,100 ","11,600","13,200","50,640","12,000","13,600","47,380","12,400","14,000","43,750","12,200","13,800","45,760","13,500","15,100","43,650","13,500","15,100","46,830","15,000","16,500","41,560","15,600","17,200","40,560","16,300","17,700","40,140","17,300","18,500","38,420"
1919-44,South West,1919-44South West," 3,600 "," 4,300 "," 44,060 ","3,700","4,400","45,830","3,700","4,400","46,740","3,700","4,400","41,310","3,800","4,500","41,750","3,800","4,600","43,500","3,800","4,600","43,210","3,800","4,600","42,950","4,000","4,800","42,490","4,100","4,900","43,090","4,100","5,000","40,980"," 11,800 "," 12,900 "," 41,020 ","11,900","13,000","41,260","12,300","13,400","38,990","12,800","13,800","33,910","12,600","13,600","35,420","13,900","15,000","35,950","14,100","15,100","37,960","15,800","16,800","34,560","16,500","17,500","33,700","17,200","18,100","33,670","18,100","19,000","32,470"
1945-64,South West,1945-64South West," 3,400 "," 4,300 "," 64,020 ","3,500","4,300","66,330","3,500","4,200","68,330","3,400","4,300","59,390","3,600","4,400","59,880","3,600","4,400","62,800","3,500","4,400","62,410","3,600","4,400","62,010","3,700","4,700","61,380","3,800","4,700","62,230","3,900","4,900","57,150"," 10,600 "," 11,500 "," 57,040 ","10,700","11,500","57,220","11,000","11,900","54,310","11,500","12,300","46,340","11,300","12,200","48,220","12,500","13,300","49,380","12,600","13,400","52,350","14,100","14,900","47,410","14,800","15,600","46,330","15,400","16,100","46,330","16,300","17,000","44,590"
1965-82,South West,1965-82South West," 3,300 "," 4,200 "," 85,470 ","3,400","4,300","88,950","3,400","4,200","91,790","3,400","4,300","80,010","3,500","4,400","80,590","3,500","4,400","84,590","3,500","4,500","84,210","3,600","4,500","83,690","3,800","4,700","83,020","3,900","4,800","84,180","3,900","4,900","77,710"," 10,100 "," 11,000 "," 69,630 ","10,200","11,000","69,790","10,500","11,400","65,930","10,900","11,800","56,100","10,800","11,700","58,600","11,900","12,700","59,970","12,000","12,800","63,530","13,500","14,300","57,690","14,100","14,900","56,560","14,700","15,500","56,400","15,500","16,300","53,660"
1983-92,South West,1983-92South West," 3,400 "," 4,200 "," 36,800 ","3,400","4,300","38,350","3,400","4,200","40,220","3,400","4,300","35,720","3,500","4,300","35,890","3,600","4,400","37,000","3,600","4,500","36,830","3,600","4,500","36,670","3,900","4,700","36,430","3,900","4,700","36,950","4,000","4,900","33,760"," 9,500 "," 10,400 "," 28,610 ","9,500","10,400","28,710","9,700","10,700","27,370","10,100","11,100","24,020","10,100","11,000","24,960","11,100","12,000","25,420","11,200","12,100","26,420","12,500","13,500","24,690","13,100","14,000","24,430","13,500","14,400","24,470","14,200","15,100","23,250"
1993-99,South West,1993-99South West," 3,400 "," 4,200 "," 20,610 ","3,500","4,300","21,540","3,500","4,200","22,640","3,400","4,200","21,530","3,600","4,300","21,600","3,600","4,400","22,460","3,600","4,400","22,370","3,600","4,400","22,190","3,800","4,600","22,020","3,900","4,700","22,350","3,900","4,800","20,870"," 9,700 "," 10,700 "," 17,020 ","9,800","10,800","17,060","10,000","11,000","15,950","10,300","11,300","15,110","10,300","11,200","15,760","11,300","12,200","16,220","11,300","12,200","16,880","12,500","13,400","15,810","12,900","13,800","15,500","13,200","14,100","14,310","13,900","14,800","15,350"
Post 1999,South West,Post 1999South West," 3,100 "," 3,800 "," 27,890 ","3,200","3,900","30,040","3,100","3,800","32,870","3,100","3,900","27,340","3,300","3,900","27,480","3,300","4,000","24,460","3,300","4,000","24,270","3,200","3,900","24,000","3,400","4,100","22,350","3,400","4,100","20,030","3,400","4,100","16,240"," 9,100 "," 10,100 "," 18,420 ","9,200","10,200","18,410","9,400","10,300","14,440","9,600","10,700","12,720","9,600","10,700","14,900","10,700","11,800","12,460","10,700","11,800","13,190","11,400","12,500","12,620","12,200","13,200","11,970","12,700","14,000","8,530","13,200","14,800","9,430"
Pre 1919,Wales,Pre 1919Wales," 3,200 "," 3,800 "," 56,610 ","3,200","4,100","60,250","3,300","4,000","64,210","3,300","4,200","56,890","3,400","4,200","57,490", n/a , n/a , n/a , n/a , n/a , n/a , n/a , n/a , n/a , n/a , n/a , n/a , n/a , n/a , n/a , n/a , n/a , n/a ," 12,300 "," 13,200 "," 49,260 ","12,600","13,400","49,520","13,000","13,900","46,650","13,600","14,500","40,970","13,600","14,600","42,850", n/a , n/a , n/a , n/a , n/a , n/a , n/a , n/a , n/a , n/a , n/a , n/a , n/a , n/a , n/a , n/a , n/a , n/a 
1919-44,Wales,1919-44Wales," 3,300 "," 3,800 "," 23,630 ","3,400","3,900","24,770","3,400","3,900","25,450","3,300","3,900","21,820","3,400","4,000","21,980", n/a , n/a , n/a , n/a , n/a , n/a , n/a , n/a , n/a , n/a , n/a , n/a , n/a , n/a , n/a , n/a , n/a , n/a ," 12,200 "," 13,100 "," 22,750 ","12,500","13,400","22,830","13,000","13,900","21,640","13,600","14,500","18,310","13,500","14,400","19,140", n/a , n/a , n/a , n/a , n/a , n/a , n/a , n/a , n/a , n/a , n/a , n/a , n/a , n/a , n/a , n/a , n/a , n/a 
1945-64,Wales,1945-64Wales," 3,100 "," 3,600 "," 39,850 ","3,100","3,600","41,970","3,100","3,600","42,580","3,100","3,600","36,240","3,200","3,700","36,550", n/a , n/a , n/a , n/a , n/a , n/a , n/a , n/a , n/a , n/a , n/a , n/a , n/a , n/a , n/a , n/a , n/a , n/a ," 10,800 "," 11,600 "," 38,240 ","11,100","11,800","38,340","11,600","12,300","36,510","12,300","12,900","30,470","12,300","13,100","31,670", n/a , n/a , n/a , n/a , n/a , n/a , n/a , n/a , n/a , n/a , n/a , n/a , n/a , n/a , n/a , n/a , n/a , n/a 
1965-82,Wales,1965-82Wales," 3,100 "," 3,600 "," 42,570 ","3,100","3,600","44,850","3,100","3,600","45,790","3,100","3,700","39,260","3,200","3,800","39,530", n/a , n/a , n/a , n/a , n/a , n/a , n/a , n/a , n/a , n/a , n/a , n/a , n/a , n/a , n/a , n/a , n/a , n/a ," 11,100 "," 11,900 "," 38,450 ","11,300","12,100","38,540","11,800","12,600","36,550","12,300","13,100","30,650","12,200","13,100","32,220", n/a , n/a , n/a , n/a , n/a , n/a , n/a , n/a , n/a , n/a , n/a , n/a , n/a , n/a , n/a , n/a , n/a , n/a 
1983-92,Wales,1983-92Wales," 3,000 "," 3,700 "," 14,230 ","3,000","3,800","15,080","3,100","3,800","15,510","3,100","3,900","13,600","3,200","4,000","13,660", n/a , n/a , n/a , n/a , n/a , n/a , n/a , n/a , n/a , n/a , n/a , n/a , n/a , n/a , n/a , n/a , n/a , n/a ," 9,900 "," 11,000 "," 11,700 ","10,000","11,200","11,730","10,500","11,700","11,220","11,000","12,200","9,730","10,900","12,100","10,170", n/a , n/a , n/a , n/a , n/a , n/a , n/a , n/a , n/a , n/a , n/a , n/a , n/a , n/a , n/a , n/a , n/a , n/a 
1993-99,Wales,1993-99Wales," 3,300 "," 3,900 "," 11,210 ","3,300","3,900","12,040","3,400","3,900","12,420","3,400","4,000","11,020","3,500","4,100","11,050", n/a , n/a , n/a , n/a , n/a , n/a , n/a , n/a , n/a , n/a , n/a , n/a , n/a , n/a , n/a , n/a , n/a , n/a ," 10,400 "," 11,400 "," 9,760 ","10,500","11,600","9,820","10,900","11,900","9,260","11,400","12,500","8,400","11,500","12,500","8,760", n/a , n/a , n/a , n/a , n/a , n/a , n/a , n/a , n/a , n/a , n/a , n/a , n/a , n/a , n/a , n/a , n/a , n/a 
Post 1999,Wales,Post 1999Wales," 3,500 "," 4,100 "," 12,240 ","3,600","4,200","13,590","3,600","4,200","14,280","3,600","4,300","11,910","3,700","4,300","11,950", n/a , n/a , n/a , n/a , n/a , n/a , n/a , n/a , n/a , n/a , n/a , n/a , n/a , n/a , n/a , n/a , n/a , n/a ," 11,600 "," 12,400 "," 8,200 ","11,800","12,700","8,220","12,000","12,900","6,410","12,400","13,200","6,100","12,400","13,300","7,110", n/a , n/a , n/a , n/a , n/a , n/a , n/a , n/a , n/a , n/a , n/a , n/a , n/a , n/a , n/a , n/a , n/a , n/a 
Detached,1 bedroom,Detached1 bedroom," 3,800 "," 5,000 ", 820 ,"3,800","5,300",910,"3,700","5,100","1,030","3,900","5,100",960,"4,000","5,200",980,"4,300","5,600",850,"4,300","5,500",830,"4,300","5,800",820,"4,300","5,900",810,"4,300","5,700",830,"4,600","6,000",730," 13,200 "," 14,800 ", 500 ,"13,400","15,000",530,"13,800","15,400",490,"14,200","15,800",490,"14,200","16,000",500,"16,000","17,400",450,"15,800","17,400",480,"17,800","18,600",420,"17,700","18,900",420,"18,800","19,700",410,"19,300","20,300",390
Semi detached,1 bedroom,Semi detached1 bedroom," 2,600 "," 3,700 "," 3,160 ","2,600","3,700","3,330","2,600","3,600","3,480","2,800","4,000","3,130","2,800","3,900","3,170","2,900","4,000","3,130","2,900","4,000","3,080","2,900","4,000","3,080","3,100","4,300","3,070","3,100","4,200","3,060","3,300","4,400","2,780"," 7,800 "," 9,100 "," 2,430 ","7,900","9,100","2,520","8,000","9,400","2,350","8,400","9,800","2,080","8,400","9,900","2,170","9,000","10,500","2,120","9,200","10,700","2,280","9,900","11,700","2,060","10,600","12,200","2,020","11,200","12,600","1,990","11,300","13,100","1,970"
End terrace,1 bedroom,End terrace1 bedroom," 2,400 "," 3,500 "," 5,140 ","2,500","3,500","5,290","2,400","3,400","5,460","2,500","3,600","4,870","2,500","3,600","4,910","2,600","3,800","4,780","2,600","3,800","4,750","2,700","3,900","4,700","2,800","4,000","4,680","2,800","4,000","4,690","2,900","4,200","4,220"," 7,200 "," 8,200 "," 3,880 ","7,100","8,100","3,960","7,200","8,200","3,680","7,500","8,500","3,330","7,600","8,500","3,490","8,100","9,100","3,210","8,300","9,200","3,470","9,000","10,100","3,080","9,400","10,500","3,050","9,500","10,700","3,010","10,000","11,300","2,920"
Mid terrace,1 bedroom,Mid terrace1 bedroom," 2,300 "," 3,300 "," 14,740 ","2,300","3,300","15,060","2,300","3,200","15,330","2,400","3,500","13,780","2,400","3,400","13,930","2,500","3,500","14,090","2,500","3,600","13,880","2,600","3,600","13,840","2,700","3,800","13,720","2,700","3,800","13,860","2,900","4,100","12,720"," 6,500 "," 7,400 "," 11,560 ","6,500","7,400","11,700","6,700","7,600","10,800","7,000","7,900","9,420","7,000","7,900","9,870","7,600","8,500","9,540","7,600","8,600","10,510","8,300","9,400","9,270","8,700","9,800","9,170","8,900","10,000","9,040","9,500","10,600","8,700"
Bungalow,1 bedroom,Bungalow1 bedroom," 2,000 "," 2,800 "," 44,830 ","2,000","2,900","46,990","2,000","2,800","48,250","2,000","2,900","41,510","2,000","2,900","41,850","2,000","3,000","42,300","2,000","3,000","42,070","2,000","3,000","41,820","2,000","3,200","41,890","2,100","3,200","42,010","2,000","3,200","36,970"," 8,300 "," 8,800 "," 40,670 ","8,300","8,900","40,950","8,600","9,200","39,020","8,900","9,500","32,750","9,000","9,700","33,960","9,700","10,300","33,840","9,900","10,600","35,440","10,900","11,700","32,740","11,500","12,200","32,440","11,900","12,500","31,930","12,500","13,200","30,940"
Converted flat,1 bedroom,Converted flat1 bedroom," 2,400 "," 3,600 "," 35,310 ","2,400","4,000","37,280","2,200","3,100","64,320","2,300","3,400","59,510","2,300","3,400","60,360","2,400","3,500","43,100","2,400","3,500","42,400","2,400","3,600","42,210","2,500","3,700","41,430","2,500","3,700","41,120","2,600","3,900","36,520"," 6,500 "," 7,800 "," 33,660 ","6,600","7,900","34,490","6,800","8,100","31,520","7,200","8,600","37,180","7,200","8,700","38,890","8,000","9,400","24,990","8,000","9,400","28,210","8,800","10,300","24,040","9,200","10,900","23,450","9,500","11,100","22,960","10,300","11,800","22,190"
Purpose built flat,1 bedroom,Purpose built flat1 bedroom," 2,000 "," 2,900 "," 227,290 ","2,000","3,000","233,940","2,000","2,800","250,250","2,000","3,000","217,410","2,000","2,900","220,310","2,100","3,000","217,240","2,000","3,100","215,030","2,100","3,100","213,980","2,100","3,200","212,310","2,200","3,200","210,150","2,200","3,300","184,840"," 5,100 "," 5,700 "," 133,100 ","5,100","5,700","133,980","5,200","5,900","122,930","5,500","6,100","106,650","5,500","6,200","111,760","6,100","6,700","103,760","6,100","6,900","117,790","6,900","7,600","101,410","7,300","8,100","100,750","7,500","8,200","98,020","8,300","8,900","94,380"
Detached,2 bedrooms,Detached2 bedrooms," 3,700 "," 4,700 "," 24,100 ","3,800","5,100","26,310","3,900","4,900","28,130","3,900","5,100","25,160","4,000","5,100","25,420","4,000","5,100","23,280","4,000","5,100","23,030","4,000","5,100","22,920","4,200","5,400","22,810","4,300","5,400","22,990","4,400","5,600","19,780"," 16,100 "," 17,100 "," 17,910 ","16,100","17,000","18,780","16,500","17,500","17,590","17,100","18,100","15,570","16,800","17,900","16,230","18,300","19,200","15,390","18,500","19,400","16,390","20,200","21,100","14,830","20,900","21,700","14,510","21,800","22,400","14,070","22,600","23,300","13,810"
Semi detached,2 bedrooms,Semi detached2 bedrooms," 2,900 "," 3,600 "," 150,070 ","2,900","3,600","157,170","3,000","3,600","160,760","3,000","3,700","139,220","3,100","3,700","140,310","3,100","3,800","140,130","3,000","3,800","138,950","3,000","3,800","137,960","3,200","4,000","137,860","3,200","4,000","138,310","3,300","4,100","120,160"," 10,600 "," 11,400 "," 144,650 ","10,700","11,500","146,880","11,100","11,900","137,800","11,500","12,300","117,920","11,500","12,300","123,240","12,400","13,200","119,520","12,600","13,400","126,950","13,900","14,700","116,650","14,500","15,400","115,060","15,000","15,800","112,030","15,700","16,600","110,820"
End terrace,2 bedrooms,End terrace2 bedrooms," 2,800 "," 3,500 "," 102,130 ","2,800","3,500","105,860","2,800","3,500","107,780","2,800","3,600","94,000","2,900","3,600","94,860","2,900","3,700","94,670","2,900","3,700","93,590","2,900","3,700","92,970","3,100","3,800","92,690","3,100","3,900","92,810","3,200","4,000","81,120"," 10,000 "," 10,800 "," 98,520 ","10,100","10,900","99,270","10,400","11,200","92,470","10,900","11,700","79,840","10,900","11,800","83,530","11,800","12,600","79,970","11,900","12,700","86,110","13,000","13,900","78,240","13,600","14,600","76,920","14,200","15,100","74,670","14,900","15,800","73,580"
Mid terrace,2 bedrooms,Mid terrace2 bedrooms," 2,600 "," 3,200 "," 259,760 ","2,700","3,200","268,170","2,700","3,200","272,000","2,700","3,300","236,240","2,700","3,300","239,000","2,800","3,400","240,480","2,700","3,400","237,480","2,800","3,400","236,060","2,900","3,600","235,990","2,900","3,600","236,810","3,000","3,800","203,840"," 9,100 "," 9,900 "," 257,460 ","9,200","9,900","258,830","9,500","10,300","239,380","10,000","10,700","205,100","10,000","10,800","214,460","10,800","11,500","206,650","10,900","11,700","224,650","12,000","12,800","201,620","12,500","13,400","198,460","13,000","13,800","193,360","13,600","14,500","190,420"
Bungalow,2 bedrooms,Bungalow2 bedrooms," 2,800 "," 3,600 "," 196,440 ","2,800","3,700","207,610","2,800","3,600","212,590","2,800","3,700","184,200","2,900","3,700","185,140","2,900","3,800","183,570","2,900","3,800","182,580","2,800","3,800","181,520","3,000","4,000","181,600","3,000","4,100","182,200","3,100","4,200","163,900"," 11,600 "," 12,500 "," 178,410 ","11,700","12,600","181,710","12,000","12,900","172,920","12,400","13,400","147,640","12,400","13,300","154,180","13,300","14,300","151,620","13,500","14,500","157,880","14,900","15,900","147,310","15,500","16,600","145,860","16,100","17,000","143,190","16,800","17,800","140,170"
Converted flat,2 bedrooms,Converted flat2 bedrooms," 2,900 "," 4,300 "," 27,020 ","3,000","4,600","28,520","2,700","3,800","44,090","2,800","4,200","41,780","2,900","4,200","42,340","2,900","4,200","31,000","2,900","4,200","30,590","2,900","4,300","30,430","3,100","4,400","29,820","3,100","4,400","29,310","3,100","4,500","26,660"," 9,300 "," 10,600 "," 26,450 ","9,300","10,600","26,960","9,700","11,000","24,630","10,200","11,700","29,540","10,100","11,700","31,090","11,000","12,400","20,630","10,900","12,400","23,050","12,000","13,500","19,660","12,500","14,000","19,190","13,000","14,500","18,580","13,800","15,300","18,230"
Purpose built flat,2 bedrooms,Purpose built flat2 bedrooms," 2,600 "," 3,700 "," 266,950 ","2,700","3,800","273,570","2,700","3,700","292,620","2,700","3,900","253,570","2,800","3,800","256,480","2,800","3,900","247,710","2,800","3,900","245,130","2,800","4,000","243,270","2,900","4,100","239,810","2,900","4,100","233,410","2,900","4,200","206,310"," 7,200 "," 7,900 "," 188,830 ","7,200","7,800","189,850","7,500","8,100","173,340","7,800","8,300","152,640","7,800","8,500","160,180","8,600","9,200","148,100","8,600","9,300","165,030","9,400","10,100","144,520","10,100","10,700","142,300","10,500","11,000","135,600","11,200","11,700","133,380"
Detached,3 bedrooms,Detached3 bedrooms," 3,800 "," 4,500 "," 230,490 ","3,900","4,700","244,250","3,900","4,600","252,400","3,900","4,700","221,680","4,000","4,800","223,180","4,100","4,800","217,620","4,100","4,800","215,940","4,100","4,900","214,410","4,300","5,100","214,350","4,400","5,200","215,180","4,400","5,300","186,580"," 15,500 "," 16,800 "," 211,340 ","15,600","16,900","216,310","16,000","17,300","201,920","16,600","17,900","176,350","16,400","17,700","185,300","17,700","19,000","178,190","17,900","19,200","187,310","19,500","20,800","174,200","20,200","21,500","170,130","21,100","22,300","164,720","21,800","23,000","163,850"
Semi detached,3 bedrooms,Semi detached3 bedrooms," 3,500 "," 4,000 "," 771,180 ","3,500","4,100","802,180","3,500","4,000","813,930","3,500","4,100","699,700","3,600","4,200","704,600","3,700","4,200","700,020","3,600","4,200","694,400","3,700","4,300","689,510","3,800","4,500","691,010","3,900","4,500","692,470","4,000","4,700","603,150"," 13,000 "," 13,700 "," 764,100 ","13,000","13,800","771,720","13,500","14,200","725,010","14,000","14,700","615,500","14,000","14,700","643,470","15,100","15,800","620,610","15,300","16,000","656,820","16,900","17,600","605,260","17,500","18,300","596,800","18,300","18,900","583,960","19,100","19,800","574,840"
End terrace,3 bedrooms,End terrace3 bedrooms," 3,400 "," 4,000 "," 217,320 ","3,400","4,100","223,320","3,500","4,000","226,530","3,500","4,100","195,800","3,600","4,100","197,420","3,600","4,200","194,580","3,600","4,200","192,680","3,600","4,200","191,330","3,800","4,400","190,760","3,800","4,500","190,350","3,900","4,600","171,350"," 11,900 "," 12,800 "," 213,600 ","12,000","12,800","214,290","12,400","13,200","199,690","12,900","13,700","171,350","12,900","13,800","179,620","14,000","14,800","169,940","14,100","15,000","181,140","15,500","16,400","166,470","16,100","17,000","163,080","16,800","17,600","157,750","17,500","18,400","157,000"
Mid terrace,3 bedrooms,Mid terrace3 bedrooms," 3,200 "," 3,800 "," 441,410 ","3,300","3,800","452,190","3,300","3,800","457,130","3,300","3,800","392,870","3,400","3,900","396,630","3,400","4,000","386,350","3,400","4,000","382,080","3,400","4,000","379,730","3,600","4,200","379,620","3,600","4,200","379,810","3,700","4,400","342,830"," 11,100 "," 11,900 "," 441,130 ","11,200","11,900","442,800","11,600","12,300","413,190","12,000","12,800","350,890","12,100","12,900","366,350","13,000","13,800","343,030","13,200","14,000","367,910","14,500","15,300","334,890","15,100","15,900","329,140","15,700","16,400","321,830","16,400","17,200","316,320"
Bungalow,3 bedrooms,Bungalow3 bedrooms," 3,300 "," 4,200 "," 125,070 ","3,400","4,300","130,040","3,400","4,200","134,120","3,400","4,300","118,560","3,500","4,400","119,240","3,500","4,400","114,040","3,500","4,400","113,310","3,500","4,500","112,750","3,700","4,700","112,640","3,800","4,700","113,190","3,800","4,900","101,910"," 14,700 "," 15,700 "," 108,970 ","14,600","15,600","108,510","15,100","16,100","103,170","15,700","16,700","90,440","15,500","16,600","94,530","16,600","17,700","90,490","16,800","17,800","94,370","18,500","19,500","87,710","19,300","20,300","86,450","19,900","20,900","84,920","20,800","21,800","82,790"
Converted flat,3 bedrooms,Converted flat3 bedrooms," 3,400 "," 4,800 "," 5,220 ","3,700","5,500","5,590","3,400","4,500","8,710","3,700","5,400","9,200","3,800","5,400","9,390","3,600","4,900","6,380","3,600","4,900","6,270","3,600","5,000","6,210","3,800","5,100","6,150","3,900","5,100","6,150","3,900","5,200","5,730"," 12,600 "," 14,000 "," 5,750 ","12,600","14,000","5,890","13,200","14,600","5,370","13,700","15,400","7,240","13,700","15,600","7,570","14,700","16,200","4,810","14,500","16,000","5,310","15,900","17,300","4,540","16,400","17,700","4,430","17,400","18,400","4,330","18,300","19,500","4,260"
Purpose built flat,3 bedrooms,Purpose built flat3 bedrooms," 3,000 "," 3,900 "," 42,270 ","3,100","4,100","42,750","3,100","3,900","45,070","3,100","4,000","39,840","3,200","4,100","40,340","3,200","4,100","40,480","3,200","4,100","39,960","3,200","4,100","39,820","3,300","4,300","39,570","3,400","4,300","39,410","3,400","4,400","37,180"," 9,400 "," 10,100 "," 36,080 ","9,300","10,000","36,390","9,600","10,300","33,710","10,000","10,700","30,140","10,100","10,900","31,570","11,000","11,600","30,030","11,000","11,700","33,720","12,100","12,700","29,090","12,700","13,400","28,670","13,100","13,700","28,020","13,900","14,500","27,340"
Detached,4 bedrooms,Detached4 bedrooms," 4,400 "," 5,100 "," 258,490 ","4,400","5,300","265,940","4,500","5,200","275,950","4,500","5,300","247,350","4,700","5,500","248,730","4,700","5,500","243,470","4,700","5,500","241,780","4,800","5,500","239,800","5,000","5,800","239,560","5,100","5,900","239,020","5,200","6,000","210,860"," 17,600 "," 19,100 "," 236,290 ","17,700","19,100","234,450","18,200","19,700","216,430","18,800","20,300","195,710","18,600","20,000","206,420","19,900","21,300","194,190","20,000","21,500","203,240","21,700","23,100","192,740","22,400","23,700","185,270","23,200","24,500","173,700","23,500","25,100","180,280"
Semi detached,4 bedrooms,Semi detached4 bedrooms," 4,300 "," 4,900 "," 81,790 ","4,300","5,000","77,420","4,400","5,000","78,960","4,400","5,100","72,310","4,600","5,200","72,880","4,600","5,200","71,570","4,600","5,300","70,890","4,600","5,300","70,430","4,900","5,600","70,380","5,000","5,700","70,210","5,100","5,800","62,560"," 17,200 "," 18,400 "," 79,160 ","17,300","18,600","72,760","18,000","19,200","67,840","18,600","19,800","61,540","18,300","19,600","64,690","19,900","21,100","61,440","20,100","21,200","65,230","22,000","23,000","59,730","22,700","23,700","58,320","23,600","24,500","56,630","24,500","25,400","55,540"
End terrace,4 bedrooms,End terrace4 bedrooms," 4,200 "," 4,800 "," 24,790 ","4,200","5,000","24,420","4,300","4,900","25,100","4,200","4,900","22,550","4,400","5,000","22,750","4,400","5,100","21,920","4,400","5,100","21,660","4,500","5,200","21,490","4,700","5,400","21,290","4,800","5,500","20,940","4,900","5,600","18,680"," 15,200 "," 16,600 "," 23,610 ","15,300","16,600","22,630","15,700","17,100","20,840","16,500","17,800","18,790","16,500","17,800","19,790","17,900","19,200","18,090","18,000","19,200","19,300","19,600","20,700","17,770","20,400","21,500","17,230","21,300","22,300","16,260","22,000","23,100","16,410"
Mid terrace,4 bedrooms,Mid terrace4 bedrooms," 4,000 "," 4,600 "," 50,560 ","4,000","4,700","50,150","4,000","4,600","51,230","4,100","4,700","45,690","4,200","4,800","46,100","4,200","4,900","44,160","4,200","4,900","43,660","4,300","4,900","43,350","4,500","5,100","43,150","4,600","5,200","42,820","4,600","5,300","39,180"," 14,700 "," 15,900 "," 49,850 ","14,700","15,900","48,470","15,200","16,400","44,590","15,800","17,100","39,790","15,900","17,100","41,720","17,300","18,500","37,980","17,300","18,500","40,940","18,900","20,000","37,120","19,700","20,700","36,240","20,500","21,400","34,750","21,300","22,200","34,640"
Bungalow,4 bedrooms,Bungalow4 bedrooms," 4,200 "," 5,200 "," 19,290 ","4,300","5,500","18,660","4,300","5,300","19,580","4,400","5,400","18,330","4,600","5,500","18,470","4,600","5,600","17,310","4,600","5,600","17,160","4,600","5,600","17,110","4,900","5,900","17,020","5,000","6,000","17,180","5,100","6,200","15,240"," 18,600 "," 19,900 "," 15,770 ","18,600","19,900","14,420","19,200","20,300","13,600","20,000","21,100","12,810","19,600","20,900","13,430","21,100","22,200","12,770","21,300","22,400","13,330","23,400","24,400","12,160","24,100","25,000","11,910","25,000","25,800","11,610","25,900","26,600","11,220"
Converted flat,4 bedrooms,Converted flat4 bedrooms," 4,300 "," 5,700 ", 720 ,"4,800","7,000",790,"4,300","5,800","1,250","4,700","6,500","1,460","4,900","6,600","1,480","4,500","6,000",960,"4,500","6,200",960,"4,600","6,200",940,"4,700","6,200",950,"4,900","6,300",950,"4,900","6,400",890," 15,900 "," 17,000 ", 830 ,"15,900","17,500",840,"16,500","17,800",760,"16,500","18,500","1,130","16,200","18,500","1,180","18,300","19,300",720,"17,800","19,200",800,"19,800","20,900",680,"20,800","21,700",670,"20,600","21,900",640,"22,200","22,900",650
Purpose built flat,4 bedrooms,Purpose built flat4 bedrooms," 3,500 "," 4,400 "," 3,630 ","3,700","4,900","3,670","3,600","4,500","3,870","3,800","4,900","3,510","3,900","4,900","3,570","3,800","4,700","3,470","3,800","4,800","3,430","3,800","4,800","3,410","4,000","4,900","3,400","4,000","4,900","3,370","4,000","4,900","3,340"," 11,500 "," 12,300 "," 2,980 ","11,300","12,300","2,990","11,700","12,700","2,680","12,500","13,500","2,550","12,700","13,600","2,690","13,500","14,000","2,500","13,300","14,100","2,810","14,800","15,300","2,400","15,600","16,000","2,370","15,900","16,000","2,340","16,800","16,900","2,290"
Detached,5 or more bedrooms,Detached5 or more bedrooms," 5,800 "," 7,000 "," 56,080 ","6,000","8,100","57,150","6,000","7,200","59,490","6,100","7,500","56,810","6,400","7,700","57,360","6,400","7,700","55,190","6,400","7,700","54,700","6,500","7,700","54,280","6,800","8,000","53,930","6,900","8,100","53,730","7,000","8,200","47,910"," 24,400 "," 25,600 "," 41,840 ","24,400","25,600","39,180","25,100","26,300","35,360","26,000","27,000","34,540","25,600","26,700","36,470","27,200","28,200","33,010","27,200","28,000","34,990","28,800","29,300","31,110","29,500","29,800","29,180","30,500","30,600","26,590","31,400","31,000","27,740"
Semi detached,5 or more bedrooms,Semi detached5 or more bedrooms," 5,100 "," 6,100 "," 18,420 ","5,300","6,600","17,710","5,200","6,200","18,100","5,400","6,400","17,260","5,600","6,500","17,410","5,600","6,600","17,160","5,600","6,600","16,990","5,700","6,700","16,880","6,000","6,900","16,970","6,100","7,000","16,980","6,200","7,200","15,390"," 22,900 "," 23,900 "," 17,120 ","23,100","24,100","15,740","23,800","24,800","14,530","24,600","25,500","13,690","24,200","25,100","14,400","26,000","26,700","13,620","26,100","26,700","14,470","27,900","28,200","12,550","28,400","28,600","12,180","29,300","29,300","11,750","30,100","30,000","11,270"
End terrace,5 or more bedrooms,End terrace5 or more bedrooms," 5,100 "," 6,000 "," 4,550 ","5,200","6,600","4,530","5,200","6,200","4,650","5,400","6,500","4,520","5,500","6,500","4,590","5,500","6,400","4,400","5,400","6,400","4,350","5,500","6,400","4,330","5,700","6,600","4,300","5,900","6,800","4,310","6,000","7,000","3,930"," 21,100 "," 22,200 "," 4,260 ","21,100","22,200","4,050","21,800","22,900","3,700","22,500","23,400","3,610","22,100","23,300","3,790","23,800","24,700","3,490","23,800","24,700","3,770","25,400","26,200","3,280","26,300","26,800","3,170","27,400","27,500","3,040","28,600","28,500","2,920"
Mid terrace,5 or more bedrooms,Mid terrace5 or more bedrooms," 5,000 "," 6,000 "," 11,320 ","5,000","6,400","11,530","5,000","5,900","11,750","5,100","6,100","11,250","5,200","6,200","11,410","5,200","6,200","11,190","5,200","6,200","11,030","5,300","6,300","10,930","5,500","6,500","10,980","5,600","6,600","10,990","5,800","6,700","10,280"," 20,000 "," 21,200 "," 11,130 ","20,100","21,200","10,910","20,800","21,900","10,010","21,600","22,500","9,430","21,500","22,400","9,890","22,900","23,700","9,270","23,000","23,600","10,090","24,700","25,100","8,700","25,300","25,600","8,390","26,300","26,400","8,240","27,400","27,300","8,000"
Bungalow,5 or more bedrooms,Bungalow5 or more bedrooms," 4,900 "," 6,000 "," 3,260 ","4,900","6,600","3,120","5,100","6,300","3,260","5,300","6,600","3,070","5,400","6,700","3,100","5,400","6,600","2,990","5,500","6,800","2,970","5,400","6,800","2,950","5,800","7,000","2,950","6,000","7,100","2,960","6,100","7,200","2,590"," 21,100 "," 22,600 "," 2,550 ","21,300","22,500","2,310","22,000","23,100","2,180","22,300","23,700","1,970","22,100","23,600","2,070","23,800","25,100","2,030","23,800","25,100","2,120","25,900","26,900","1,890","26,600","27,500","1,840","27,700","28,400","1,800","29,200","29,600","1,750"
Converted flat,5 or more bedrooms,Converted flat5 or more bedrooms," 4,800 "," 6,100 ", 190 ,"5,600","8,300",210,"5,300","6,500",350,"6,700","8,400",470,"7,000","8,400",470,"5,700","7,200",280,"5,900","7,300",280,"6,000","7,500",270,"6,000","7,400",270,"6,300","7,700",270,"6,400","7,800",250," 16,300 "," 18,400 ", 220 ,"16,500","18,500",220,"17,400","19,500",210,"18,800","20,700",330,"19,200","21,000",350,"20,900","22,100",200,"18,400","20,900",210,"19,800","22,100",180,"20,800","22,900",170,"22,900","23,500",160,"23,200","23,600",160
Purpose built flat,5 or more bedrooms,Purpose built flat5 or more bedrooms," 4,300 "," 5,600 ", 540 ,"4,900","7,000",560,"4,700","6,200",660,"4,900","6,300",610,"5,200","6,700",610,"4,700","6,000",530,"4,500","5,900",520,"4,500","5,700",510,"4,500","5,800",510,"4,800","5,900",490,"4,400","5,800",470," 12,100 "," 13,400 ", 380 ,"11,900","13,500",380,"12,600","14,000",320,"13,200","15,000",340,"14,800","15,900",360,"14,300","14,700",310,"14,500","14,900",360,"15,800","16,300",300,"15,200","16,000",300,"15,500","16,300",300,"16,400","16,700",290
Detached,50 or less,Detached50 or less," 4,700 "," 5,800 "," 1,090 ","5,100","7,400","1,320","5,000","6,300","1,410","3,900","5,200",220,"4,100","5,300",220,"4,400","5,500",170,"4,200","5,400",170,"4,500","5,700",160,"4,600","5,700",170,"4,700","5,900",170,"5,100","6,200",150," 18,500 "," 20,400 ", 800 ,"18,300","19,800",890,"18,600","20,100",810,"11,900","14,800",100,"12,900","15,100",110,"13,300","14,800",80,"12,900","14,000",90,"13,800","15,100",80,"14,500","15,900",80,"15,000","16,700",80,"15,600","16,300",80
Semi detached,50 or less,Semi detached50 or less," 3,100 "," 4,300 "," 1,760 ","3,200","4,700","1,940","3,200","4,400","1,980","2,800","3,900","1,170","2,800","3,800","1,180","2,700","3,700","1,170","2,700","3,700","1,150","2,700","3,800","1,150","2,800","3,900","1,160","2,900","3,900","1,160","3,000","4,100","1,060"," 8,900 "," 11,500 "," 1,370 ","8,700","11,400","1,460","9,100","11,600","1,340","7,700","8,500",770,"7,700","8,800",810,"7,800","8,800",770,"7,700","8,700",840,"8,500","9,600",750,"8,900","10,100",730,"9,200","10,100",740,"9,800","10,700",710
End terrace,50 or less,End terrace50 or less," 2,700 "," 3,800 "," 2,800 ","2,900","4,200","2,930","2,800","3,900","2,980","2,600","3,700","2,090","2,600","3,600","2,130","2,700","3,800","2,090","2,800","3,900","2,090","2,800","3,900","2,070","2,900","4,100","2,070","2,900","4,000","2,070","3,100","4,200","1,880"," 7,700 "," 9,900 "," 2,110 ","7,700","10,000","2,170","7,700","10,000","2,010","7,000","7,700","1,330","6,900","7,600","1,380","7,200","8,000","1,320","7,100","8,000","1,450","8,000","8,900","1,270","8,300","9,100","1,280","8,400","9,500","1,260","8,900","10,000","1,230"
Mid terrace,50 or less,Mid terrace50 or less," 2,800 "," 4,000 "," 9,440 ","2,900","4,400","9,860","2,900","4,100","9,990","2,500","3,600","6,410","2,500","3,500","6,460","2,600","3,600","6,590","2,600","3,700","6,470","2,700","3,700","6,450","2,900","3,900","6,430","2,900","3,900","6,460","3,000","4,200","6,030"," 7,500 "," 10,400 "," 7,390 ","7,600","10,700","7,710","7,800","10,800","7,060","6,400","6,900","4,010","6,300","7,000","4,240","6,700","7,300","4,150","6,700","7,400","4,560","7,400","8,000","4,010","7,600","8,300","3,940","7,800","8,500","3,890","8,300","9,100","3,760"
Bungalow,50 or less,Bungalow50 or less," 2,000 "," 2,800 "," 20,470 ","2,000","2,800","21,550","2,000","2,800","22,320","1,900","2,900","19,150","2,000","2,900","19,330","2,000","2,900","19,170","1,900","2,900","19,060","1,900","2,900","18,930","2,000","3,100","18,990","2,000","3,100","19,020","2,000","3,100","16,990"," 7,800 "," 8,300 "," 18,270 ","7,800","8,300","18,490","8,100","8,600","17,550","8,400","8,800","14,770","8,600","9,000","15,310","9,200","9,600","15,150","9,300","9,900","15,950","10,300","10,900","14,680","10,900","11,400","14,580","11,300","11,700","14,310","11,900","12,400","14,000"
Converted flat,50 or less,Converted flat50 or less," 2,400 "," 3,700 "," 44,510 ","2,500","4,000","46,840","2,300","3,200","79,440","2,300","3,500","71,870","2,400","3,500","72,840","2,400","3,600","52,000","2,400","3,600","51,190","2,500","3,600","50,910","2,600","3,800","49,810","2,600","3,800","49,220","2,700","3,900","44,120"," 6,900 "," 8,000 "," 42,790 ","6,900","8,100","43,730","7,100","8,400","40,020","7,500","8,900","46,160","7,600","9,000","48,330","8,300","9,600","31,010","8,200","9,600","34,980","9,100","10,500","29,800","9,500","11,000","29,000","9,800","11,300","28,440","10,600","12,100","27,420"
Purpose built flat,50 or less,Purpose built flat50 or less," 2,200 "," 3,200 "," 374,680 ","2,300","3,300","384,120","2,200","3,100","409,610","2,300","3,300","351,850","2,300","3,300","356,250","2,400","3,400","348,690","2,300","3,400","345,100","2,400","3,500","343,140","2,400","3,600","339,210","2,500","3,500","333,040","2,500","3,700","295,530"," 5,900 "," 6,600 "," 234,120 ","5,900","6,600","235,360","6,100","6,800","215,330","6,400","7,000","185,970","6,400","7,100","195,010","7,100","7,700","180,470","7,100","7,900","203,440","7,800","8,600","176,540","8,400","9,100","174,590","8,600","9,300","168,210","9,400","10,000","163,540"
Detached,51 to 100,Detached51 to 100," 3,400 "," 4,000 "," 79,280 ","3,500","4,100","84,870","3,500","4,100","87,380","3,500","4,100","75,830","3,600","4,200","76,230","3,700","4,300","75,900","3,600","4,300","75,390","3,700","4,300","74,780","3,900","4,500","74,850","3,900","4,600","75,100","4,000","4,700","64,430"," 12,900 "," 13,600 "," 76,590 ","13,100","13,700","79,480","13,400","14,100","74,070","13,800","14,500","64,230","13,800","14,500","67,410","14,800","15,500","65,390","15,000","15,700","68,600","16,400","17,200","64,770","17,000","17,800","63,280","17,700","18,500","60,970","18,500","19,200","61,660"
Semi detached,51 to 100,Semi detached51 to 100," 3,200 "," 3,800 "," 617,970 ","3,300","3,800","647,970","3,300","3,800","657,590","3,300","3,900","562,340","3,400","3,900","566,350","3,400","4,000","567,510","3,400","4,000","563,160","3,400","4,000","559,170","3,600","4,200","560,120","3,600","4,300","561,360","3,700","4,400","486,790"," 11,600 "," 12,200 "," 612,890 ","11,700","12,300","623,460","12,100","12,700","585,570","12,600","13,100","494,670","12,600","13,100","516,740","13,600","14,100","501,710","13,800","14,300","531,370","15,200","15,800","490,240","15,800","16,400","483,320","16,500","17,000","472,480","17,300","17,800","465,980"
End terrace,51 to 100,End terrace51 to 100," 3,100 "," 3,700 "," 242,610 ","3,100","3,700","250,670","3,100","3,700","254,350","3,100","3,800","219,420","3,200","3,800","221,190","3,200","3,900","221,510","3,200","3,900","219,280","3,200","3,900","217,790","3,400","4,100","217,300","3,400","4,100","217,390","3,500","4,300","194,210"," 10,700 "," 11,300 "," 237,600 ","10,700","11,300","239,670","11,100","11,700","223,620","11,500","12,100","190,950","11,600","12,200","199,840","12,500","13,100","192,230","12,600","13,300","205,580","13,900","14,500","188,280","14,500","15,200","184,720","15,100","15,700","179,430","15,800","16,500","177,780"
Mid terrace,51 to 100,Mid terrace51 to 100," 2,900 "," 3,400 "," 530,570 ","2,900","3,500","545,880","2,900","3,400","552,110","2,900","3,500","475,520","3,000","3,500","480,410","3,000","3,600","479,940","3,000","3,600","474,250","3,000","3,600","471,430","3,100","3,800","471,390","3,200","3,900","472,850","3,300","4,000","418,950"," 9,700 "," 10,300 "," 527,560 ","9,800","10,300","530,810","10,100","10,600","493,770","10,500","11,000","419,470","10,600","11,200","437,750","11,400","12,000","419,730","11,500","12,100","453,430","12,700","13,300","409,900","13,300","13,900","403,240","13,800","14,300","394,510","14,400","15,000","387,230"
Bungalow,51 to 100,Bungalow51 to 100," 2,700 "," 3,600 "," 274,440 ","2,800","3,600","289,510","2,800","3,600","295,580","2,800","3,600","255,910","2,800","3,700","257,210","2,800","3,800","255,030","2,800","3,800","253,640","2,800","3,800","252,330","2,900","4,000","252,390","3,000","4,000","253,370","3,000","4,100","227,780"," 11,600 "," 12,300 "," 251,320 ","11,600","12,300","255,470","11,900","12,700","243,320","12,400","13,100","207,020","12,300","13,100","216,060","13,200","14,000","211,800","13,400","14,200","220,610","14,800","15,600","206,110","15,400","16,300","203,990","16,000","16,700","200,560","16,800","17,500","196,160"
Converted flat,51 to 100,Converted flat51 to 100," 3,000 "," 4,400 "," 22,110 ","3,200","4,900","23,500","3,000","4,100","36,350","3,100","4,600","35,720","3,200","4,500","36,270","3,100","4,500","26,510","3,100","4,500","26,150","3,100","4,500","26,010","3,300","4,700","25,690","3,300","4,700","25,420","3,400","4,800","23,080"," 10,600 "," 11,800 "," 22,320 ","10,600","11,800","22,850","11,000","12,300","20,810","11,500","13,100","25,820","11,500","13,100","27,170","12,500","13,800","18,220","12,300","13,700","20,210","13,500","15,000","17,300","14,000","15,500","16,930","14,700","16,000","16,320","15,400","16,800","16,190"
Purpose built flat,51 to 100,Purpose built flat51 to 100," 2,700 "," 3,700 "," 163,230 ","2,800","3,900","167,460","2,800","3,700","179,580","2,800","3,900","156,200","2,900","3,900","158,090","2,900","3,900","154,920","2,800","3,900","153,230","2,900","4,000","152,150","3,000","4,100","150,660","3,000","4,100","148,110","3,000","4,200","131,310"," 7,800 "," 8,600 "," 125,180 ","7,800","8,500","126,120","8,100","8,800","115,820","8,400","9,200","102,170","8,500","9,300","107,160","9,300","10,000","100,760","9,300","10,100","112,340","10,300","11,000","97,820","10,900","11,700","96,420","11,300","12,000","92,830","12,000","12,700","90,970"
Detached,101 to 150,Detached101 to 150," 3,900 "," 4,600 "," 298,060 ","4,000","4,700","310,810","4,100","4,600","320,510","4,100","4,700","282,670","4,200","4,800","284,170","4,300","4,900","280,610","4,300","4,900","278,610","4,300","4,900","276,520","4,500","5,200","276,610","4,600","5,200","276,730","4,700","5,400","242,560"," 16,200 "," 17,100 "," 282,170 ","16,300","17,200","285,020","16,800","17,700","264,950","17,300","18,300","233,660","17,100","18,100","245,990","18,400","19,400","235,210","18,600","19,500","246,630","20,300","21,300","233,860","21,000","22,000","226,850","21,900","22,800","216,150","22,500","23,500","221,050"
Semi detached,101 to 150,Semi detached101 to 150," 3,700 "," 4,300 "," 356,110 ","3,700","4,300","360,220","3,800","4,300","366,370","3,800","4,400","321,410","3,900","4,500","323,690","3,900","4,500","318,410","3,900","4,500","315,560","4,000","4,600","313,400","4,200","4,800","313,800","4,200","4,900","314,290","4,300","5,000","276,950"," 14,900 "," 15,700 "," 349,000 ","15,000","15,700","343,350","15,500","16,200","322,390","16,200","16,800","279,480","16,000","16,700","292,810","17,400","18,100","280,110","17,500","18,200","296,580","19,400","20,000","272,860","20,000","20,700","268,890","20,900","21,500","263,000","21,800","22,400","258,580"
End terrace,101 to 150,End terrace101 to 150," 3,700 "," 4,300 "," 95,790 ","3,700","4,400","97,030","3,700","4,300","98,830","3,700","4,300","87,010","3,800","4,400","87,830","3,900","4,500","84,350","3,900","4,500","83,430","3,900","4,600","82,810","4,100","4,800","82,290","4,100","4,800","81,610","4,200","5,000","72,660"," 13,800 "," 14,600 "," 92,790 ","13,800","14,700","91,450","14,300","15,100","84,800","14,900","15,700","74,580","14,900","15,700","78,350","16,100","17,000","71,880","16,300","17,100","76,760","17,800","18,700","70,400","18,500","19,400","68,900","19,300","20,100","65,980","20,200","21,000","65,860"
Mid terrace,101 to 150,Mid terrace101 to 150," 3,400 "," 4,000 "," 210,840 ","3,500","4,100","214,330","3,500","4,000","217,420","3,500","4,100","189,030","3,600","4,100","190,950","3,600","4,200","182,250","3,600","4,200","180,240","3,700","4,300","179,070","3,800","4,400","178,710","3,900","4,500","178,100","4,000","4,700","159,160"," 12,800 "," 13,700 "," 210,160 ","12,900","13,700","208,880","13,400","14,200","194,020","13,900","14,700","167,140","13,900","14,700","175,120","15,100","15,800","160,110","15,200","16,000","171,720","16,700","17,500","156,190","17,300","18,200","153,500","18,000","18,800","148,850","18,900","19,600","147,270"
Bungalow,101 to 150,Bungalow101 to 150," 3,600 "," 4,500 "," 77,940 ","3,700","4,600","79,650","3,700","4,600","83,000","3,800","4,700","74,510","3,900","4,800","75,000","3,900","4,800","71,450","3,900","4,800","70,950","3,900","4,800","70,560","4,100","5,100","70,460","4,200","5,100","70,810","4,300","5,300","63,260"," 17,000 "," 17,800 "," 65,660 ","17,000","17,900","63,880","17,500","18,400","60,610","18,100","19,000","54,540","17,900","18,800","57,050","19,200","20,100","54,910","19,400","20,300","57,270","21,400","22,200","52,840","22,200","23,000","52,030","23,000","23,700","50,930","24,000","24,700","49,480"
Converted flat,101 to 150,Converted flat101 to 150," 4,000 "," 5,400 "," 1,570 ","4,300","6,500","1,710","4,100","5,500","2,450","4,600","6,300","2,600","4,800","6,400","2,640","4,500","6,000","2,060","4,400","6,100","2,020","4,500","6,000","2,010","4,700","6,100","1,990","4,800","6,200","2,010","4,900","6,300","1,810"," 15,900 "," 17,700 "," 1,530 ","16,100","17,600","1,550","17,200","18,500","1,420","17,600","19,000","1,810","17,900","19,100","1,890","18,900","20,100","1,370","18,700","20,000","1,540","20,100","21,300","1,280","20,400","21,200","1,300","21,200","22,000","1,210","22,400","22,900","1,210"
Purpose built flat,101 to 150,Purpose built flat101 to 150," 4,000 "," 5,500 "," 2,430 ","4,200","6,100","2,550","4,000","5,400","2,880","4,100","5,700","2,790","4,200","5,600","2,820","4,200","5,600","2,690","4,100","5,500","2,630","4,100","5,400","2,630","4,200","5,600","2,610","4,400","5,700","2,560","4,300","5,700","2,380"," 12,100 "," 14,000 "," 1,850 ","12,200","14,000","1,860","12,800","14,600","1,650","13,700","15,400","1,750","13,800","15,300","1,880","14,400","15,700","1,720","14,500","15,700","1,930","15,400","16,600","1,630","16,000","17,100","1,640","15,800","17,100","1,550","16,200","17,800","1,550"
Detached,151 to 200,Detached151 to 200," 4,700 "," 5,500 "," 124,400 ","4,800","5,800","126,770","4,800","5,600","132,770","4,900","5,700","119,920","5,000","5,900","120,900","5,100","5,900","115,920","5,100","5,900","114,970","5,100","6,000","114,120","5,400","6,200","113,770","5,500","6,300","113,680","5,600","6,400","100,600"," 21,000 "," 22,200 "," 105,590 ","21,100","22,300","103,200","21,900","22,900","95,210","22,400","23,500","87,290","22,100","23,200","92,080","23,700","24,800","86,080","23,900","24,900","90,390","25,900","26,700","83,630","26,500","27,400","80,250","27,600","28,300","75,590","28,200","28,900","76,940"
Semi detached,151 to 200,Semi detached151 to 200," 4,600 "," 5,400 "," 36,580 ","4,700","5,600","35,160","4,800","5,500","36,240","4,800","5,600","33,450","5,000","5,700","33,780","5,100","5,800","32,940","5,100","5,800","32,600","5,100","5,900","32,360","5,400","6,100","32,400","5,500","6,200","32,410","5,600","6,400","28,690"," 21,800 "," 22,500 "," 34,280 ","22,100","22,800","31,860","22,900","23,500","29,620","23,700","24,200","27,160","23,200","23,900","28,540","25,300","25,700","27,070","25,400","25,800","28,790","27,600","27,700","25,730","28,200","28,300","25,100","29,200","29,100","24,200","30,200","30,000","23,600"
End terrace,151 to 200,End terrace151 to 200," 4,500 "," 5,300 "," 9,880 ","4,500","5,500","9,860","4,600","5,300","10,260","4,600","5,500","9,630","4,800","5,500","9,750","4,800","5,600","9,120","4,800","5,600","8,970","4,900","5,600","8,930","5,000","5,800","8,860","5,200","6,000","8,800","5,300","6,100","7,680"," 19,800 "," 20,700 "," 9,050 ","19,800","20,700","8,670","20,800","21,600","7,930","21,500","22,200","7,600","21,200","22,000","8,030","23,200","23,900","7,060","23,200","23,800","7,580","25,100","25,600","6,890","26,000","26,300","6,630","27,100","27,200","6,250","27,700","27,900","6,220"
Mid terrace,151 to 200,Mid terrace151 to 200," 4,400 "," 5,100 "," 21,290 ","4,400","5,300","21,250","4,500","5,200","21,960","4,500","5,200","20,240","4,600","5,300","20,450","4,700","5,400","19,720","4,700","5,400","19,490","4,700","5,400","19,330","4,900","5,600","19,280","5,000","5,700","19,210","5,100","5,900","17,470"," 18,900 "," 19,700 "," 20,810 ","19,000","19,800","20,290","19,700","20,500","18,570","20,300","21,000","17,230","20,200","20,900","18,070","22,100","22,700","16,580","22,000","22,500","17,860","23,800","24,200","16,010","24,500","24,800","15,480","25,600","25,700","14,890","26,400","26,400","14,830"
Bungalow,151 to 200,Bungalow151 to 200," 4,700 "," 5,700 "," 12,730 ","4,800","6,200","12,520","4,800","5,900","13,410","4,900","6,000","12,530","5,100","6,100","12,630","5,200","6,200","11,630","5,200","6,200","11,540","5,100","6,200","11,460","5,500","6,500","11,430","5,600","6,600","11,490","5,700","6,700","10,120"," 22,400 "," 23,300 "," 9,150 ","22,600","23,400","8,360","23,300","24,000","7,850","24,000","24,700","7,620","23,800","24,500","8,000","25,400","26,000","7,530","25,600","26,300","7,860","27,900","28,200","6,980","28,700","28,900","6,780","29,600","29,600","6,560","30,700","30,500","6,260"
Converted flat,151 to 200,Converted flat151 to 200," 5,000 "," 6,300 ", 220 ,"4,900","8,000",250,"5,400","6,700",340,"6,100","7,900",400,"6,000","7,900",420,"5,300","6,800",320,"5,200","6,800",330,"5,200","6,700",310,"5,600","6,900",320,"5,500","6,800",320,"6,000","7,200",290," 20,800 "," 21,600 ", 200 ,"19,500","21,000",210,"20,100","21,600",190,"22,700","23,000",280,"22,700","22,900",290,"24,200","23,900",210,"21,800","22,900",230,"23,500","24,900",200,"24,100","24,900",200,"24,800","25,500",190,"26,700","26,400",180
Purpose built flat,151 to 200,Purpose built flat151 to 200," 6,000 "," 7,300 ", 270 ,"6,000","8,000",280,"5,300","6,700",310,"5,600","6,800",300,"6,000","7,200",310,"5,600","7,300",310,"5,600","7,100",300,"5,800","6,900",300,"5,800","6,700",300,"5,500","6,800",300,"5,700","7,100",280," 15,100 "," 16,600 ", 190 ,"14,700","16,500",190,"17,100","17,800",160,"18,700","18,400",190,"18,400","17,900",210,"15,700","17,000",200,"17,000","17,400",230,"18,900","19,100",190,"17,700","18,300",180,"16,400","18,200",190,"16,200","18,100",190
Detached,Over 200,DetachedOver 200," 6,100 "," 7,400 "," 67,150 ","6,500","8,600","70,790","6,400","7,700","74,920","6,600","7,900","72,310","6,800","8,100","73,110", n/a , n/a , n/a , n/a , n/a , n/a , n/a , n/a , n/a , n/a , n/a , n/a , n/a , n/a , n/a , n/a , n/a , n/a ," 27,800 "," 28,200 "," 42,740 ","27,800","28,200","40,670","28,500","28,900","36,740","29,000","29,300","36,720","28,700","29,000","38,650", n/a , n/a , n/a , n/a , n/a , n/a , n/a , n/a , n/a , n/a , n/a , n/a , n/a , n/a , n/a , n/a , n/a , n/a 
Semi detached,Over 200,Semi detachedOver 200," 5,900 "," 7,000 "," 12,210 ","6,200","7,800","12,520","6,100","7,200","13,050","6,200","7,400","12,640","6,400","7,500","12,750", n/a , n/a , n/a , n/a , n/a , n/a , n/a , n/a , n/a , n/a , n/a , n/a , n/a , n/a , n/a , n/a , n/a , n/a ," 28,700 "," 28,400 "," 9,930 ","28,900","28,600","9,500","29,600","29,300","8,610","30,400","29,700","8,210","29,700","29,300","8,630", n/a , n/a , n/a , n/a , n/a , n/a , n/a , n/a , n/a , n/a , n/a , n/a , n/a , n/a , n/a , n/a , n/a , n/a 
End terrace,Over 200,End terraceOver 200," 5,600 "," 6,700 "," 2,850 ","5,800","7,400","2,930","5,800","6,800","3,100","5,900","7,100","3,010","6,000","7,100","3,050", n/a , n/a , n/a , n/a , n/a , n/a , n/a , n/a , n/a , n/a , n/a , n/a , n/a , n/a , n/a , n/a , n/a , n/a ," 26,600 "," 26,600 "," 2,310 ","26,800","26,700","2,240","27,400","27,500","2,020","27,500","27,400","2,000","27,500","27,400","2,120", n/a , n/a , n/a , n/a , n/a , n/a , n/a , n/a , n/a , n/a , n/a , n/a , n/a , n/a , n/a , n/a , n/a , n/a 
Mid terrace,Over 200,Mid terraceOver 200," 5,800 "," 6,900 "," 5,660 ","5,700","7,300","5,790","5,600","6,600","5,970","5,800","6,900","6,050","6,000","7,000","6,130", n/a , n/a , n/a , n/a , n/a , n/a , n/a , n/a , n/a , n/a , n/a , n/a , n/a , n/a , n/a , n/a , n/a , n/a ," 25,500 "," 25,500 "," 5,220 ","25,100","25,200","5,020","26,000","26,000","4,550","26,500","26,400","4,560","26,500","26,300","4,810", n/a , n/a , n/a , n/a , n/a , n/a , n/a , n/a , n/a , n/a , n/a , n/a , n/a , n/a , n/a , n/a , n/a , n/a 
Bungalow,Over 200,BungalowOver 200," 6,000 "," 7,300 "," 3,310 ","6,300","8,400","3,190","6,300","7,600","3,490","6,500","7,800","3,360","6,600","7,900","3,400", n/a , n/a , n/a , n/a , n/a , n/a , n/a , n/a , n/a , n/a , n/a , n/a , n/a , n/a , n/a , n/a , n/a , n/a ," 28,300 "," 28,300 "," 1,980 ","28,900","28,700","1,700","29,500","29,200","1,560","29,500","29,400","1,520","29,100","29,100","1,610", n/a , n/a , n/a , n/a , n/a , n/a , n/a , n/a , n/a , n/a , n/a , n/a , n/a , n/a , n/a , n/a , n/a , n/a 
Converted flat,Over 200,Converted flatOver 200," 6,500 "," 8,300 ", 60 ,"7,600","10,100",80,"6,100","7,500",120,"6,700","8,700",110,"7,700","8,700",110, n/a , n/a , n/a , n/a , n/a , n/a , n/a , n/a , n/a , n/a , n/a , n/a , n/a , n/a , n/a , n/a , n/a , n/a ," 24,100 "," 23,300 ", 50 ,"18,300","21,100",60,"25,100","23,700",50,"24,600","23,100",60,"25,800","25,000",60, n/a , n/a , n/a , n/a , n/a , n/a , n/a , n/a , n/a , n/a , n/a , n/a , n/a , n/a , n/a , n/a , n/a , n/a 
Purpose built flat,Over 200,Purpose built flatOver 200," 4,500 "," 5,600 ", 70 ,"5,700","8,600",80,"5,200","6,000",100,"7,400","8,700",70,"6,800","8,300",80, n/a , n/a , n/a , n/a , n/a , n/a , n/a , n/a , n/a , n/a , n/a , n/a , n/a , n/a , n/a , n/a , n/a , n/a ," 8,500 "," 15,300 ", 50 ,"9,000","14,500",50,"8,800","14,100",40,"19,400","19,700",40,"18,600","19,200",40, n/a , n/a , n/a , n/a , n/a , n/a , n/a , n/a , n/a , n/a , n/a , n/a , n/a , n/a , n/a , n/a , n/a , n/a 
Detached,Owner-occupied,DetachedOwner-occupied," 4,200 "," 5,000 "," 532,170 ","4,300","5,300","558,090","4,300","5,100","576,380","4,300","5,200","519,060","4,500","5,400","522,400","4,600","5,400","465,940","4,600","5,400","462,610","4,600","5,400","459,220","4,800","5,700","459,090","4,900","5,700","459,240","5,000","5,900","403,310"," 17,100 "," 18,600 "," 475,260 ","17,100","18,600","479,900","17,600","19,100","444,980","18,300","19,700","402,160","18,100","19,600","423,370","19,300","20,800","374,810","19,500","21,000","393,050","21,200","22,600","368,260","21,900","23,200","355,840","22,700","23,900","338,060","23,100","24,600","344,390"
Semi detached,Owner-occupied,Semi detachedOwner-occupied," 3,400 "," 4,000 "," 776,440 ","3,500","4,100","814,240","3,500","4,100","825,800","3,600","4,200","697,930","3,700","4,300","702,790","3,700","4,400","673,210","3,700","4,400","667,950","3,800","4,400","663,730","3,900","4,600","665,030","4,000","4,700","665,890","4,100","4,800","580,100"," 13,500 "," 14,500 "," 765,460 ","13,600","14,500","779,320","14,000","14,900","731,310","14,600","15,600","608,690","14,500","15,500","637,810","15,600","16,400","593,780","15,800","16,700","627,630","17,400","18,300","579,240","18,000","18,900","570,330","18,800","19,500","557,160","19,600","20,300","549,130"
End terrace,Owner-occupied,End terraceOwner-occupied," 3,300 "," 3,900 "," 216,540 ","3,300","4,000","224,030","3,300","4,000","227,340","3,400","4,100","197,830","3,500","4,100","199,480","3,500","4,200","183,060","3,500","4,200","181,400","3,500","4,300","180,370","3,700","4,500","179,650","3,800","4,500","179,220","3,800","4,600","159,690"," 12,200 "," 13,200 "," 209,070 ","12,200","13,200","211,350","12,600","13,600","196,780","13,200","14,200","169,330","13,100","14,200","177,960","14,000","15,000","155,940","14,200","15,200","166,210","15,500","16,600","153,610","16,100","17,200","150,000","16,800","17,800","144,350","17,400","18,400","144,360"
Mid terrace,Owner-occupied,Mid terraceOwner-occupied," 3,000 "," 3,700 "," 455,400 ","3,100","3,700","468,990","3,100","3,700","473,510","3,100","3,800","425,880","3,200","3,800","429,920","3,200","3,900","381,820","3,200","3,900","377,850","3,300","3,900","376,140","3,400","4,100","375,560","3,500","4,200","375,770","3,500","4,300","331,620"," 11,100 "," 12,000 "," 449,290 ","11,200","12,100","452,150","11,600","12,500","420,890","12,000","12,900","373,570","12,000","13,000","391,080","12,700","13,600","331,790","12,800","13,700","356,670","14,100","15,100","325,010","14,700","15,600","318,580","15,200","16,100","309,970","15,800","16,800","306,350"
Bungalow,Owner-occupied,BungalowOwner-occupied," 3,100 "," 3,900 "," 305,040 ","3,100","4,000","321,270","3,100","4,000","329,250","3,100","4,100","293,010","3,200","4,100","294,620","3,300","4,200","252,160","3,300","4,300","250,850","3,300","4,300","249,810","3,500","4,500","249,410","3,600","4,500","250,290","3,600","4,700","225,080"," 13,400 "," 14,500 "," 272,560 ","13,300","14,400","275,860","13,700","14,800","262,410","14,200","15,300","230,720","14,100","15,200","241,060","15,300","16,400","207,260","15,500","16,600","215,990","17,000","18,200","200,940","17,700","18,800","198,320","18,300","19,300","194,660","19,100","20,200","190,080"
Converted flat,Owner-occupied,Converted flatOwner-occupied," 2,700 "," 4,100 "," 23,720 ","2,800","4,400","23,880","2,700","3,800","27,080","2,900","4,100","28,420","2,900","4,100","28,780","3,100","4,400","15,840","3,100","4,500","15,620","3,200","4,600","15,540","3,300","4,700","15,330","3,300","4,600","15,310","3,300","4,700","13,900"," 9,300 "," 10,900 "," 18,310 ","9,400","10,900","18,080","9,700","11,300","16,620","10,100","11,800","19,290","10,000","11,800","20,220","11,500","13,300","10,550","11,600","13,400","11,570","12,800","14,600","10,080","13,100","15,000","9,820","13,600","15,400","9,450","14,200","16,100","9,380"
Purpose built flat,Owner-occupied,Purpose built flatOwner-occupied," 2,600 "," 3,800 "," 146,640 ","2,700","3,800","145,830","2,700","3,700","154,800","2,600","3,800","158,400","2,700","3,800","159,900","3,000","4,200","102,700","3,000","4,200","101,980","3,000","4,400","101,490","3,100","4,500","100,430","3,100","4,400","98,370","3,200","4,500","87,390"," 7,200 "," 8,000 "," 93,510 ","7,200","8,000","92,080","7,500","8,300","83,660","7,400","8,200","84,250","7,500","8,300","88,640","8,500","9,200","56,110","8,600","9,400","61,700","9,300","10,200","55,240","10,000","10,700","54,000","10,300","11,000","50,800","11,100","11,600","51,440"
Detached,Privately rented,DetachedPrivately rented," 4,300 "," 5,200 "," 29,900 ","4,400","5,800","28,320","4,400","5,400","29,510","4,600","6,000","20,460","4,800","6,100","20,680","4,500","5,400","9,370","4,500","5,400","9,280","4,500","5,500","9,230","4,800","5,700","9,080","4,900","5,800","9,090","5,000","6,000","8,070"," 16,700 "," 18,300 "," 25,160 ","16,800","18,400","22,300","17,300","18,900","20,340","18,200","20,000","12,720","18,000","19,900","13,370","18,500","20,000","7,040","18,800","20,100","7,470","20,400","21,600","6,900","21,200","22,400","6,640","22,000","23,100","6,280","22,500","24,000","6,450"
Semi detached,Privately rented,Semi detachedPrivately rented," 3,400 "," 4,100 "," 85,070 ","3,400","4,100","80,240","3,400","4,100","82,130","3,500","4,200","66,080","3,600","4,300","66,630","3,500","4,100","32,180","3,500","4,100","31,890","3,500","4,100","31,530","3,600","4,300","31,350","3,700","4,400","31,370","3,800","4,600","27,620"," 12,500 "," 13,700 "," 81,520 ","12,400","13,500","74,510","12,800","14,000","69,230","13,000","14,200","54,350","13,000","14,200","56,740","13,700","14,600","27,180","13,800","14,700","29,130","15,100","16,100","26,500","15,800","16,800","26,090","16,500","17,300","25,220","17,400","18,300","24,940"
End terrace,Privately rented,End terracePrivately rented," 3,100 "," 3,800 "," 54,450 ","3,100","3,900","55,980","3,100","3,800","57,040","3,200","3,900","48,850","3,200","4,000","49,400","3,200","3,900","20,050","3,200","3,900","19,730","3,200","4,000","19,650","3,300","4,100","19,370","3,400","4,200","19,320","3,500","4,400","16,810"," 11,300 "," 12,500 "," 52,350 ","11,300","12,400","52,450","11,600","12,800","48,360","11,900","13,000","40,800","11,900","13,100","42,780","12,700","13,700","16,750","12,700","13,800","18,140","13,900","15,000","16,280","14,600","15,600","15,990","15,200","16,200","15,320","16,100","17,200","15,140"
Mid terrace,Privately rented,Mid terracePrivately rented," 2,900 "," 3,500 "," 167,760 ","2,900","3,600","174,130","2,900","3,500","176,820","3,000","3,600","142,350","3,000","3,700","144,310","3,000","3,600","60,860","3,000","3,600","60,070","3,000","3,600","59,570","3,100","3,800","59,120","3,200","3,900","59,190","3,300","4,100","51,100"," 10,300 "," 11,400 "," 167,330 ","10,300","11,400","170,520","10,700","11,800","156,410","10,900","12,000","123,490","11,000","12,100","129,110","11,600","12,500","52,290","11,600","12,600","57,600","12,700","13,800","50,770","13,400","14,400","49,670","14,000","14,900","48,270","14,900","15,800","47,260"
Bungalow,Privately rented,BungalowPrivately rented," 3,100 "," 4,000 "," 17,690 ","3,000","4,100","17,090","3,100","4,000","17,800","2,600","3,800","21,660","2,700","3,800","21,830","2,800","4,000","9,000","2,800","4,000","8,950","2,800","4,000","8,870","2,800","4,100","8,790","2,900","4,200","8,840","3,000","4,300","7,950"," 11,500 "," 12,700 "," 14,630 ","11,100","12,400","13,490","11,500","12,800","12,800","10,400","11,700","15,420","10,300","11,700","16,030","11,900","13,100","6,810","12,000","13,200","7,120","13,200","14,400","6,590","13,900","15,100","6,480","14,600","15,800","6,320","15,400","16,600","6,110"
Converted flat,Privately rented,Converted flatPrivately rented," 2,700 "," 4,100 "," 35,610 ","2,900","4,500","38,160","2,700","3,800","44,610","2,800","4,100","38,670","2,800","4,000","39,260","2,800","4,100","16,930","2,800","4,100","16,650","2,900","4,200","16,610","3,000","4,300","16,220","3,000","4,300","16,050","3,100","4,500","13,910"," 8,000 "," 9,500 "," 23,100 ","8,000","9,600","24,070","8,300","9,900","22,040","8,500","10,200","23,130","8,500","10,300","24,240","8,800","10,100","9,230","8,800","10,100","10,430","9,600","11,100","8,810","10,000","11,600","8,590","10,300","11,900","8,310","11,200","12,700","8,080"
Purpose built flat,Privately rented,Purpose built flatPrivately rented," 2,700 "," 3,900 "," 144,110 ","2,800","4,000","154,100","2,700","3,800","166,370","2,600","3,700","157,700","2,700","3,700","159,390","3,000","4,100","54,780","3,000","4,200","54,110","3,000","4,200","53,790","3,100","4,300","52,800","3,100","4,300","51,050","3,200","4,400","43,050"," 6,900 "," 7,800 "," 76,950 ","6,800","7,700","80,330","7,100","8,000","72,550","7,000","7,900","75,900","7,100","8,000","79,630","7,400","8,300","24,420","7,500","8,400","27,530","8,100","9,100","23,890","8,700","9,700","23,500","9,100","10,000","22,190","10,000","10,800","21,580"
Detached,Council/Housing Association,DetachedCouncil/Housing Association," 4,300 "," 5,000 "," 6,990 ","4,400","5,500","5,800","4,400","5,200","6,000","4,000","4,900","7,240","4,200","5,000","7,270","4,100","4,900","3,280","4,100","5,000","3,230","4,200","5,000","3,210","4,400","5,300","3,190","4,500","5,300","3,170","4,600","5,500","2,790"," 14,900 "," 16,400 "," 6,350 ","14,800","16,300","5,050","15,200","16,900","4,680","15,900","17,300","5,630","15,800","17,200","5,940","15,900","17,200","2,650","16,100","17,300","2,820","17,600","18,800","2,630","18,500","19,600","2,520","19,300","20,400","2,420","20,200","21,400","2,430"
Semi detached,Council/Housing Association,Semi detachedCouncil/Housing Association," 3,500 "," 4,100 "," 162,320 ","3,500","4,100","161,590","3,500","4,000","164,050","3,300","3,800","164,260","3,400","3,900","165,520","3,500","4,000","124,100","3,400","4,000","123,110","3,500","4,000","122,420","3,600","4,200","122,030","3,700","4,300","122,210","3,700","4,400","106,160"," 10,800 "," 11,300 "," 159,340 ","10,800","11,300","153,810","11,200","11,700","145,160","12,000","12,500","145,790","12,100","12,700","151,410","13,000","13,500","110,270","13,200","13,700","117,390","14,600","15,100","106,990","15,300","15,900","105,250","15,900","16,400","102,970","16,900","17,400","100,520"
End terrace,Council/Housing Association,End terraceCouncil/Housing Association," 3,500 "," 4,000 "," 82,660 ","3,500","4,000","82,550","3,500","4,000","83,620","3,300","3,800","73,500","3,400","3,900","74,040","3,400","4,000","72,560","3,400","4,000","71,880","3,400","4,000","71,310","3,600","4,200","71,160","3,600","4,300","71,050","3,700","4,400","62,580"," 10,300 "," 10,900 "," 81,920 ","10,400","10,900","79,350","10,700","11,200","74,320","11,400","11,900","65,750","11,500","12,100","68,390","12,400","12,900","64,580","12,600","13,200","69,060","13,900","14,500","62,570","14,600","15,200","61,590","15,100","15,700","60,100","16,000","16,600","58,630"
Mid terrace,Council/Housing Association,Mid terraceCouncil/Housing Association," 3,300 "," 3,800 "," 153,870 ","3,300","3,800","152,220","3,300","3,800","154,120","3,200","3,700","128,840","3,300","3,800","129,950","3,300","3,800","130,550","3,300","3,800","129,150","3,300","3,900","128,290","3,400","4,100","128,190","3,500","4,100","128,220","3,600","4,300","112,800"," 9,600 "," 10,300 "," 153,230 ","9,700","10,200","147,680","10,000","10,500","138,560","10,600","11,200","115,600","10,700","11,400","120,050","11,500","12,000","115,950","11,600","12,200","124,540","12,800","13,400","112,620","13,500","14,200","111,090","14,000","14,600","108,550","14,800","15,400","105,130"
Bungalow,Council/Housing Association,BungalowCouncil/Housing Association," 2,200 "," 3,100 "," 65,890 ","2,200","3,100","67,390","2,200","3,100","68,610","2,200","3,100","48,820","2,200","3,100","49,110","2,200","3,200","43,150","2,100","3,200","42,990","2,100","3,200","42,790","2,200","3,300","42,780","2,200","3,300","42,810","2,200","3,400","38,340"," 8,800 "," 9,300 "," 58,780 ","8,700","9,200","57,760","9,100","9,600","54,960","9,700","10,200","38,620","9,800","10,400","40,180","10,200","10,700","34,840","10,400","11,000","36,310","11,500","12,100","33,750","12,100","12,700","33,390","12,400","13,000","32,730","13,200","13,700","31,730"
Converted flat,Council/Housing Association,Converted flatCouncil/Housing Association," 2,300 "," 3,400 "," 8,710 ","2,400","3,600","8,600","2,200","3,100","9,460","2,400","3,400","9,630","2,400","3,400","9,810","2,500","3,700","7,860","2,500","3,600","7,740","2,500","3,700","7,770","2,600","3,900","7,660","2,600","3,800","7,590","2,700","4,000","6,390"," 6,900 "," 8,200 "," 6,790 ","6,900","8,100","6,540","7,100","8,500","6,030","8,500","9,900","7,250","8,500","10,000","7,670","8,000","9,300","4,540","8,000","9,400","5,070","8,900","10,200","4,360","9,300","10,700","4,300","9,400","11,000","4,210","10,400","11,900","4,010"
Purpose built flat,Council/Housing Association,Purpose built flatCouncil/Housing Association," 2,100 "," 2,900 "," 249,430 ","2,200","3,000","252,920","2,100","2,800","263,860","2,200","3,000","192,080","2,300","3,000","194,870","2,300","3,200","166,340","2,200","3,200","164,890","2,300","3,300","164,150","2,400","3,400","162,580","2,400","3,400","161,080","2,400","3,500","137,060"," 6,100 "," 6,800 "," 188,100 ","6,100","6,700","187,650","6,300","7,000","173,620","6,800","7,400","128,410","6,900","7,600","134,200","7,200","7,800","98,730","7,300","8,000","110,340","8,100","8,800","96,030","8,600","9,400","95,330","9,000","9,600","92,320","9,700","10,300","88,120"
Detached,"Less than £15,000","DetachedLess than £15,000"," 3,100 "," 4,000 "," 33,390 ","3,100","4,200","41,950","3,200","4,100","43,400","3,200","4,200","53,020","3,300","4,200","53,360", n/a , n/a , n/a , n/a , n/a , n/a , n/a , n/a , n/a , n/a , n/a , n/a , n/a , n/a , n/a , n/a , n/a , n/a ," 15,200 "," 16,700 "," 28,640 ","15,100","16,600","34,540","15,500","17,000","32,400","16,500","18,000","39,980","16,300","17,800","42,230", n/a , n/a , n/a , n/a , n/a , n/a , n/a , n/a , n/a , n/a , n/a , n/a , n/a , n/a , n/a , n/a , n/a , n/a 
Semi detached,"Less than £15,000","Semi detachedLess than £15,000"," 2,700 "," 3,400 "," 135,870 ","2,900","3,500","177,130","2,800","3,500","179,870","2,900","3,500","171,600","2,900","3,600","173,110", n/a , n/a , n/a , n/a , n/a , n/a , n/a , n/a , n/a , n/a , n/a , n/a , n/a , n/a , n/a , n/a , n/a , n/a ," 11,500 "," 12,200 "," 135,710 ","11,600","12,300","169,390","12,000","12,700","160,130","12,400","13,100","150,870","12,500","13,200","157,160", n/a , n/a , n/a , n/a , n/a , n/a , n/a , n/a , n/a , n/a , n/a , n/a , n/a , n/a , n/a , n/a , n/a , n/a 
End terrace,"Less than £15,000","End terraceLess than £15,000"," 2,900 "," 3,500 "," 54,860 ","3,000","3,600","71,610","3,000","3,600","72,530","3,000","3,600","70,620","3,000","3,600","71,320", n/a , n/a , n/a , n/a , n/a , n/a , n/a , n/a , n/a , n/a , n/a , n/a , n/a , n/a , n/a , n/a , n/a , n/a ," 10,500 "," 11,300 "," 54,400 ","10,700","11,400","68,650","11,000","11,700","64,330","11,400","12,100","62,250","11,500","12,300","64,880", n/a , n/a , n/a , n/a , n/a , n/a , n/a , n/a , n/a , n/a , n/a , n/a , n/a , n/a , n/a , n/a , n/a , n/a 
Mid terrace,"Less than £15,000","Mid terraceLess than £15,000"," 2,700 "," 3,300 "," 120,820 ","2,800","3,400","152,530","2,800","3,400","154,490","2,800","3,400","147,920","2,800","3,400","149,660", n/a , n/a , n/a , n/a , n/a , n/a , n/a , n/a , n/a , n/a , n/a , n/a , n/a , n/a , n/a , n/a , n/a , n/a ," 9,800 "," 10,500 "," 121,680 ","9,800","10,600","148,230","10,200","10,900","138,680","10,500","11,200","131,320","10,600","11,400","136,670", n/a , n/a , n/a , n/a , n/a , n/a , n/a , n/a , n/a , n/a , n/a , n/a , n/a , n/a , n/a , n/a , n/a , n/a 
Bungalow,"Less than £15,000","BungalowLess than £15,000"," 2,200 "," 3,000 "," 80,590 ","2,200","3,100","101,290","2,200","3,000","103,660","2,200","3,100","96,400","2,300","3,100","97,050", n/a , n/a , n/a , n/a , n/a , n/a , n/a , n/a , n/a , n/a , n/a , n/a , n/a , n/a , n/a , n/a , n/a , n/a ," 10,700 "," 11,600 "," 74,090 ","10,600","11,500","88,230","11,000","11,900","84,210","11,400","12,400","77,240","11,500","12,500","80,490", n/a , n/a , n/a , n/a , n/a , n/a , n/a , n/a , n/a , n/a , n/a , n/a , n/a , n/a , n/a , n/a , n/a , n/a 
Converted flat,"Less than £15,000","Converted flatLess than £15,000"," 2,400 "," 3,600 "," 8,620 ","2,400","3,800","10,630","2,400","3,400","12,050","2,500","3,700","13,080","2,500","3,600","13,310", n/a , n/a , n/a , n/a , n/a , n/a , n/a , n/a , n/a , n/a , n/a , n/a , n/a , n/a , n/a , n/a , n/a , n/a ," 7,000 "," 8,300 "," 5,930 ","7,000","8,400","7,140","7,300","8,700","6,630","7,700","9,300","7,890","7,700","9,400","8,300", n/a , n/a , n/a , n/a , n/a , n/a , n/a , n/a , n/a , n/a , n/a , n/a , n/a , n/a , n/a , n/a , n/a , n/a 
Purpose built flat,"Less than £15,000","Purpose built flatLess than £15,000"," 2,000 "," 3,000 "," 136,990 ","2,100","3,100","164,900","2,100","2,900","174,950","2,100","3,000","165,550","2,200","3,000","168,010", n/a , n/a , n/a , n/a , n/a , n/a , n/a , n/a , n/a , n/a , n/a , n/a , n/a , n/a , n/a , n/a , n/a , n/a ," 5,800 "," 6,500 "," 96,300 ","5,900","6,600","113,080","6,100","6,800","104,620","6,300","7,000","97,320","6,400","7,200","101,710", n/a , n/a , n/a , n/a , n/a , n/a , n/a , n/a , n/a , n/a , n/a , n/a , n/a , n/a , n/a , n/a , n/a , n/a 
Detached,"£15,000 - £19,999","Detached£15,000 - £19,999"," 3,200 "," 4,100 "," 22,870 ","3,500","4,500","22,530","3,500","4,300","23,360","3,700","4,600","28,940","3,800","4,600","29,140", n/a , n/a , n/a , n/a , n/a , n/a , n/a , n/a , n/a , n/a , n/a , n/a , n/a , n/a , n/a , n/a , n/a , n/a ," 15,200 "," 16,500 "," 19,660 ","15,800","17,000","18,470","16,200","17,500","17,280","17,100","18,500","21,800","16,900","18,400","22,930", n/a , n/a , n/a , n/a , n/a , n/a , n/a , n/a , n/a , n/a , n/a , n/a , n/a , n/a , n/a , n/a , n/a , n/a 
Semi detached,"£15,000 - £19,999","Semi detached£15,000 - £19,999"," 3,000 "," 3,600 "," 74,460 ","3,100","3,700","81,640","3,100","3,700","82,780","3,000","3,700","69,100","3,100","3,800","69,500", n/a , n/a , n/a , n/a , n/a , n/a , n/a , n/a , n/a , n/a , n/a , n/a , n/a , n/a , n/a , n/a , n/a , n/a ," 12,000 "," 12,700 "," 72,520 ","12,100","12,800","77,420","12,500","13,200","73,130","13,200","14,000","60,350","13,200","14,100","62,940", n/a , n/a , n/a , n/a , n/a , n/a , n/a , n/a , n/a , n/a , n/a , n/a , n/a , n/a , n/a , n/a , n/a , n/a 
End terrace,"£15,000 - £19,999","End terrace£15,000 - £19,999"," 2,900 "," 3,600 "," 29,790 ","3,100","3,700","32,320","3,100","3,600","32,740","3,100","3,700","26,660","3,100","3,800","26,900", n/a , n/a , n/a , n/a , n/a , n/a , n/a , n/a , n/a , n/a , n/a , n/a , n/a , n/a , n/a , n/a , n/a , n/a ," 10,700 "," 11,500 "," 28,870 ","10,900","11,700","30,630","11,300","12,100","28,810","12,100","12,800","23,070","12,100","12,900","24,090", n/a , n/a , n/a , n/a , n/a , n/a , n/a , n/a , n/a , n/a , n/a , n/a , n/a , n/a , n/a , n/a , n/a , n/a 
Mid terrace,"£15,000 - £19,999","Mid terrace£15,000 - £19,999"," 2,800 "," 3,400 "," 65,970 ","2,900","3,500","72,250","2,900","3,400","73,020","2,900","3,500","60,850","2,900","3,500","61,490", n/a , n/a , n/a , n/a , n/a , n/a , n/a , n/a , n/a , n/a , n/a , n/a , n/a , n/a , n/a , n/a , n/a , n/a ," 9,800 "," 10,600 "," 65,140 ","10,000","10,700","70,140","10,300","11,100","65,550","11,000","11,700","53,610","11,000","11,900","55,850", n/a , n/a , n/a , n/a , n/a , n/a , n/a , n/a , n/a , n/a , n/a , n/a , n/a , n/a , n/a , n/a , n/a , n/a 
Bungalow,"£15,000 - £19,999","Bungalow£15,000 - £19,999"," 2,400 "," 3,400 "," 45,300 ","2,600","3,500","39,510","2,600","3,400","40,400","2,600","3,500","34,830","2,700","3,600","35,030", n/a , n/a , n/a , n/a , n/a , n/a , n/a , n/a , n/a , n/a , n/a , n/a , n/a , n/a , n/a , n/a , n/a , n/a ," 11,100 "," 12,000 "," 39,540 ","11,100","12,000","33,450","11,500","12,500","31,910","12,200","13,100","27,100","12,200","13,100","28,290", n/a , n/a , n/a , n/a , n/a , n/a , n/a , n/a , n/a , n/a , n/a , n/a , n/a , n/a , n/a , n/a , n/a , n/a 
Converted flat,"£15,000 - £19,999","Converted flat£15,000 - £19,999"," 2,400 "," 3,700 "," 5,280 ","2,500","3,900","5,620","2,500","3,600","6,400","2,500","3,800","5,550","2,600","3,700","5,640", n/a , n/a , n/a , n/a , n/a , n/a , n/a , n/a , n/a , n/a , n/a , n/a , n/a , n/a , n/a , n/a , n/a , n/a ," 7,400 "," 9,000 "," 3,490 ","7,500","8,900","3,600","7,800","9,300","3,300","8,400","10,000","3,430","8,300","10,000","3,610", n/a , n/a , n/a , n/a , n/a , n/a , n/a , n/a , n/a , n/a , n/a , n/a , n/a , n/a , n/a , n/a , n/a , n/a 
Purpose built flat,"£15,000 - £19,999","Purpose built flat£15,000 - £19,999"," 2,200 "," 3,200 "," 62,420 ","2,200","3,200","66,940","2,200","3,000","70,960","2,200","3,200","55,640","2,200","3,200","56,250", n/a , n/a , n/a , n/a , n/a , n/a , n/a , n/a , n/a , n/a , n/a , n/a , n/a , n/a , n/a , n/a , n/a , n/a ," 6,100 "," 6,700 "," 39,730 ","6,100","6,800","43,700","6,300","7,000","40,550","6,700","7,400","31,680","6,800","7,500","33,210", n/a , n/a , n/a , n/a , n/a , n/a , n/a , n/a , n/a , n/a , n/a , n/a , n/a , n/a , n/a , n/a , n/a , n/a 
Detached,"£20,000 - £29,999","Detached£20,000 - £29,999"," 3,600 "," 4,400 "," 58,680 ","3,600","4,600","68,930","3,700","4,500","71,500","3,800","4,700","75,800","4,000","4,800","76,190", n/a , n/a , n/a , n/a , n/a , n/a , n/a , n/a , n/a , n/a , n/a , n/a , n/a , n/a , n/a , n/a , n/a , n/a ," 15,800 "," 17,100 "," 50,250 ","15,800","17,100","57,010","16,200","17,600","53,640","17,300","18,800","58,490","17,100","18,600","61,410", n/a , n/a , n/a , n/a , n/a , n/a , n/a , n/a , n/a , n/a , n/a , n/a , n/a , n/a , n/a , n/a , n/a , n/a 
Semi detached,"£20,000 - £29,999","Semi detached£20,000 - £29,999"," 3,200 "," 3,800 "," 205,570 ","3,200","3,800","214,860","3,200","3,800","217,770","3,200","3,800","171,780","3,300","3,900","172,910", n/a , n/a , n/a , n/a , n/a , n/a , n/a , n/a , n/a , n/a , n/a , n/a , n/a , n/a , n/a , n/a , n/a , n/a ," 12,000 "," 12,700 "," 202,240 ","12,100","12,800","204,010","12,400","13,200","192,090","13,100","13,800","148,990","13,000","13,800","155,400", n/a , n/a , n/a , n/a , n/a , n/a , n/a , n/a , n/a , n/a , n/a , n/a , n/a , n/a , n/a , n/a , n/a , n/a 
End terrace,"£20,000 - £29,999","End terrace£20,000 - £29,999"," 3,100 "," 3,700 "," 84,480 ","3,100","3,800","86,990","3,100","3,700","88,110","3,100","3,800","70,280","3,200","3,800","70,770", n/a , n/a , n/a , n/a , n/a , n/a , n/a , n/a , n/a , n/a , n/a , n/a , n/a , n/a , n/a , n/a , n/a , n/a ," 10,900 "," 11,700 "," 83,030 ","11,000","11,800","82,530","11,300","12,100","76,950","11,900","12,700","60,410","11,900","12,800","63,090", n/a , n/a , n/a , n/a , n/a , n/a , n/a , n/a , n/a , n/a , n/a , n/a , n/a , n/a , n/a , n/a , n/a , n/a 
Mid terrace,"£20,000 - £29,999","Mid terrace£20,000 - £29,999"," 2,900 "," 3,400 "," 199,560 ","2,900","3,500","204,680","2,900","3,400","206,340","2,900","3,500","167,610","3,000","3,500","169,290", n/a , n/a , n/a , n/a , n/a , n/a , n/a , n/a , n/a , n/a , n/a , n/a , n/a , n/a , n/a , n/a , n/a , n/a ," 9,900 "," 10,700 "," 199,870 ","10,000","10,800","198,400","10,300","11,100","184,120","10,900","11,700","147,000","10,900","11,800","153,500", n/a , n/a , n/a , n/a , n/a , n/a , n/a , n/a , n/a , n/a , n/a , n/a , n/a , n/a , n/a , n/a , n/a , n/a 
Bungalow,"£20,000 - £29,999","Bungalow£20,000 - £29,999"," 2,900 "," 3,600 "," 96,230 ","2,900","3,700","105,270","2,900","3,600","107,380","2,900","3,800","82,920","3,000","3,800","83,250", n/a , n/a , n/a , n/a , n/a , n/a , n/a , n/a , n/a , n/a , n/a , n/a , n/a , n/a , n/a , n/a , n/a , n/a ," 11,800 "," 12,700 "," 85,610 ","11,900","12,700","90,470","12,200","13,100","86,160","12,900","13,900","65,270","12,800","13,800","68,130", n/a , n/a , n/a , n/a , n/a , n/a , n/a , n/a , n/a , n/a , n/a , n/a , n/a , n/a , n/a , n/a , n/a , n/a 
Converted flat,"£20,000 - £29,999","Converted flat£20,000 - £29,999"," 2,600 "," 3,800 "," 15,580 ","2,700","4,100","16,090","2,500","3,600","18,880","2,700","3,900","16,810","2,700","3,900","17,120", n/a , n/a , n/a , n/a , n/a , n/a , n/a , n/a , n/a , n/a , n/a , n/a , n/a , n/a , n/a , n/a , n/a , n/a ," 7,200 "," 8,700 "," 9,980 ","7,200","8,600","10,110","7,400","8,900","9,310","7,900","9,600","9,890","7,800","9,700","10,340", n/a , n/a , n/a , n/a , n/a , n/a , n/a , n/a , n/a , n/a , n/a , n/a , n/a , n/a , n/a , n/a , n/a , n/a 
Purpose built flat,"£20,000 - £29,999","Purpose built flat£20,000 - £29,999"," 2,400 "," 3,400 "," 115,360 ","2,500","3,500","116,550","2,400","3,300","123,670","2,500","3,600","95,070","2,500","3,500","96,000", n/a , n/a , n/a , n/a , n/a , n/a , n/a , n/a , n/a , n/a , n/a , n/a , n/a , n/a , n/a , n/a , n/a , n/a ," 6,200 "," 7,000 "," 76,200 ","6,300","7,000","75,570","6,600","7,300","69,140","6,700","7,400","52,180","6,800","7,600","54,620", n/a , n/a , n/a , n/a , n/a , n/a , n/a , n/a , n/a , n/a , n/a , n/a , n/a , n/a , n/a , n/a , n/a , n/a 
Detached,"£30,000 - £39,999","Detached£30,000 - £39,999"," 3,700 "," 4,400 "," 76,040 ","3,800","4,700","79,820","3,800","4,600","82,470","4,100","4,900","78,590","4,300","5,000","79,050", n/a , n/a , n/a , n/a , n/a , n/a , n/a , n/a , n/a , n/a , n/a , n/a , n/a , n/a , n/a , n/a , n/a , n/a ," 15,600 "," 16,800 "," 67,940 ","15,700","17,000","68,480","16,200","17,400","63,770","17,400","18,700","60,980","17,100","18,500","64,000", n/a , n/a , n/a , n/a , n/a , n/a , n/a , n/a , n/a , n/a , n/a , n/a , n/a , n/a , n/a , n/a , n/a , n/a 
Semi detached,"£30,000 - £39,999","Semi detached£30,000 - £39,999"," 3,400 "," 4,000 "," 203,420 ","3,500","4,100","203,420","3,500","4,100","206,110","3,500","4,100","168,580","3,700","4,200","169,510", n/a , n/a , n/a , n/a , n/a , n/a , n/a , n/a , n/a , n/a , n/a , n/a , n/a , n/a , n/a , n/a , n/a , n/a ," 12,600 "," 13,400 "," 200,630 ","12,900","13,600","194,640","13,300","14,000","182,410","13,800","14,600","146,670","13,700","14,600","153,360", n/a , n/a , n/a , n/a , n/a , n/a , n/a , n/a , n/a , n/a , n/a , n/a , n/a , n/a , n/a , n/a , n/a , n/a 
End terrace,"£30,000 - £39,999","End terrace£30,000 - £39,999"," 3,300 "," 4,000 "," 70,070 ","3,400","4,100","65,740","3,400","4,000","66,610","3,400","4,100","54,920","3,600","4,200","55,300", n/a , n/a , n/a , n/a , n/a , n/a , n/a , n/a , n/a , n/a , n/a , n/a , n/a , n/a , n/a , n/a , n/a , n/a ," 11,600 "," 12,400 "," 67,690 ","11,800","12,700","62,000","12,200","13,100","57,710","12,700","13,600","47,010","12,700","13,600","49,370", n/a , n/a , n/a , n/a , n/a , n/a , n/a , n/a , n/a , n/a , n/a , n/a , n/a , n/a , n/a , n/a , n/a , n/a 
Mid terrace,"£30,000 - £39,999","Mid terrace£30,000 - £39,999"," 3,100 "," 3,700 "," 152,120 ","3,200","3,800","144,710","3,200","3,800","146,260","3,200","3,800","118,750","3,300","3,900","119,870", n/a , n/a , n/a , n/a , n/a , n/a , n/a , n/a , n/a , n/a , n/a , n/a , n/a , n/a , n/a , n/a , n/a , n/a ," 10,600 "," 11,500 "," 149,740 ","10,900","11,700","139,710","11,300","12,100","129,850","11,700","12,600","103,900","11,700","12,700","108,580", n/a , n/a , n/a , n/a , n/a , n/a , n/a , n/a , n/a , n/a , n/a , n/a , n/a , n/a , n/a , n/a , n/a , n/a 
Bungalow,"£30,000 - £39,999","Bungalow£30,000 - £39,999"," 3,100 "," 3,900 "," 62,670 ","3,200","4,100","63,120","3,200","4,000","64,470","3,200","4,100","54,960","3,300","4,100","55,160", n/a , n/a , n/a , n/a , n/a , n/a , n/a , n/a , n/a , n/a , n/a , n/a , n/a , n/a , n/a , n/a , n/a , n/a ," 12,500 "," 13,400 "," 55,980 ","12,700","13,600","54,210","13,100","14,000","51,480","13,600","14,600","42,760","13,500","14,500","44,640", n/a , n/a , n/a , n/a , n/a , n/a , n/a , n/a , n/a , n/a , n/a , n/a , n/a , n/a , n/a , n/a , n/a , n/a 
Converted flat,"£30,000 - £39,999","Converted flat£30,000 - £39,999"," 2,600 "," 4,000 "," 12,720 ","2,800","4,400","13,160","2,600","3,700","15,120","2,800","4,000","12,770","2,800","4,000","12,910", n/a , n/a , n/a , n/a , n/a , n/a , n/a , n/a , n/a , n/a , n/a , n/a , n/a , n/a , n/a , n/a , n/a , n/a ," 8,200 "," 9,600 "," 8,870 ","8,300","9,800","9,070","8,700","10,100","8,300","9,000","10,600","8,190","9,000","10,700","8,590", n/a , n/a , n/a , n/a , n/a , n/a , n/a , n/a , n/a , n/a , n/a , n/a , n/a , n/a , n/a , n/a , n/a , n/a 
Purpose built flat,"£30,000 - £39,999","Purpose built flat£30,000 - £39,999"," 2,500 "," 3,500 "," 87,320 ","2,600","3,700","80,640","2,600","3,500","84,970","2,700","3,700","69,480","2,700","3,700","70,200", n/a , n/a , n/a , n/a , n/a , n/a , n/a , n/a , n/a , n/a , n/a , n/a , n/a , n/a , n/a , n/a , n/a , n/a ," 6,900 "," 7,600 "," 58,030 ","7,100","7,800","52,270","7,300","8,000","47,440","7,500","8,200","39,570","7,600","8,300","41,570", n/a , n/a , n/a , n/a , n/a , n/a , n/a , n/a , n/a , n/a , n/a , n/a , n/a , n/a , n/a , n/a , n/a , n/a 
Detached,"£40,000 - £49,999","Detached£40,000 - £49,999"," 4,000 "," 4,700 "," 84,010 ","4,200","5,000","90,410","4,200","4,900","92,980","4,300","5,100","75,810","4,500","5,300","76,310", n/a , n/a , n/a , n/a , n/a , n/a , n/a , n/a , n/a , n/a , n/a , n/a , n/a , n/a , n/a , n/a , n/a , n/a ," 16,000 "," 17,400 "," 76,640 ","16,300","17,700","79,290","16,800","18,200","73,670","17,500","18,900","60,010","17,400","18,800","63,000", n/a , n/a , n/a , n/a , n/a , n/a , n/a , n/a , n/a , n/a , n/a , n/a , n/a , n/a , n/a , n/a , n/a , n/a 
Semi detached,"£40,000 - £49,999","Semi detached£40,000 - £49,999"," 3,800 "," 4,300 "," 165,380 ","3,900","4,400","159,620","3,900","4,400","161,860","3,900","4,400","135,860","4,100","4,600","136,750", n/a , n/a , n/a , n/a , n/a , n/a , n/a , n/a , n/a , n/a , n/a , n/a , n/a , n/a , n/a , n/a , n/a , n/a ," 13,400 "," 14,200 "," 163,940 ","13,700","14,500","153,940","14,200","15,000","144,150","14,700","15,500","119,650","14,600","15,500","125,430", n/a , n/a , n/a , n/a , n/a , n/a , n/a , n/a , n/a , n/a , n/a , n/a , n/a , n/a , n/a , n/a , n/a , n/a 
End terrace,"£40,000 - £49,999","End terrace£40,000 - £49,999"," 3,600 "," 4,200 "," 48,510 ","3,600","4,300","44,350","3,700","4,200","45,150","3,700","4,300","38,820","3,800","4,400","39,190", n/a , n/a , n/a , n/a , n/a , n/a , n/a , n/a , n/a , n/a , n/a , n/a , n/a , n/a , n/a , n/a , n/a , n/a ," 12,200 "," 13,200 "," 46,860 ","12,300","13,300","41,910","12,800","13,700","38,880","13,300","14,300","33,320","13,300","14,300","35,120", n/a , n/a , n/a , n/a , n/a , n/a , n/a , n/a , n/a , n/a , n/a , n/a , n/a , n/a , n/a , n/a , n/a , n/a 
Mid terrace,"£40,000 - £49,999","Mid terrace£40,000 - £49,999"," 3,300 "," 3,900 "," 101,760 ","3,400","3,900","96,100","3,400","3,900","97,320","3,400","4,000","83,850","3,500","4,100","84,580", n/a , n/a , n/a , n/a , n/a , n/a , n/a , n/a , n/a , n/a , n/a , n/a , n/a , n/a , n/a , n/a , n/a , n/a ," 11,300 "," 12,200 "," 100,410 ","11,300","12,200","93,260","11,800","12,700","86,480","12,300","13,200","73,910","12,300","13,200","77,300", n/a , n/a , n/a , n/a , n/a , n/a , n/a , n/a , n/a , n/a , n/a , n/a , n/a , n/a , n/a , n/a , n/a , n/a 
Bungalow,"£40,000 - £49,999","Bungalow£40,000 - £49,999"," 3,600 "," 4,400 "," 41,670 ","3,700","4,500","41,590","3,700","4,400","42,590","3,600","4,500","37,970","3,800","4,600","38,200", n/a , n/a , n/a , n/a , n/a , n/a , n/a , n/a , n/a , n/a , n/a , n/a , n/a , n/a , n/a , n/a , n/a , n/a ," 14,000 "," 14,900 "," 37,390 ","14,400","15,300","35,910","14,800","15,800","34,030","15,000","15,900","29,980","14,800","15,800","31,270", n/a , n/a , n/a , n/a , n/a , n/a , n/a , n/a , n/a , n/a , n/a , n/a , n/a , n/a , n/a , n/a , n/a , n/a 
Converted flat,"£40,000 - £49,999","Converted flat£40,000 - £49,999"," 2,700 "," 4,100 "," 8,720 ", n/a , n/a , n/a ,"2,700","3,800","10,220","2,800","4,000","9,350","2,800","4,000","9,420", n/a , n/a , n/a , n/a , n/a , n/a , n/a , n/a , n/a , n/a , n/a , n/a , n/a , n/a , n/a , n/a , n/a , n/a ," 8,700 "," 10,200 "," 6,510 ","8,800","10,400","6,470","9,200","10,800","5,910","9,500","11,100","6,530","9,400","11,200","6,850", n/a , n/a , n/a , n/a , n/a , n/a , n/a , n/a , n/a , n/a , n/a , n/a , n/a , n/a , n/a , n/a , n/a , n/a 
Purpose built flat,"£40,000 - £49,999","Purpose built flat£40,000 - £49,999"," 2,700 "," 3,700 "," 53,780 ","2,800","3,900","47,380","2,800","3,700","50,000","2,700","3,800","46,070","2,800","3,800","46,530", n/a , n/a , n/a , n/a , n/a , n/a , n/a , n/a , n/a , n/a , n/a , n/a , n/a , n/a , n/a , n/a , n/a , n/a ," 7,300 "," 8,100 "," 34,870 ","7,400","8,100","29,200","7,600","8,400","26,460","7,900","8,500","26,290","7,900","8,700","27,690", n/a , n/a , n/a , n/a , n/a , n/a , n/a , n/a , n/a , n/a , n/a , n/a , n/a , n/a , n/a , n/a , n/a , n/a 
Detached,"£50,000 - £59,999","Detached£50,000 - £59,999"," 4,200 "," 4,900 "," 68,020 ","4,300","5,200","69,330","4,400","5,100","71,490","4,500","5,300","57,870","4,700","5,500","58,230", n/a , n/a , n/a , n/a , n/a , n/a , n/a , n/a , n/a , n/a , n/a , n/a , n/a , n/a , n/a , n/a , n/a , n/a ," 16,800 "," 18,300 "," 62,550 ","16,900","18,300","61,040","17,400","18,800","56,410","18,100","19,500","45,440","17,900","19,300","47,910", n/a , n/a , n/a , n/a , n/a , n/a , n/a , n/a , n/a , n/a , n/a , n/a , n/a , n/a , n/a , n/a , n/a , n/a 
Semi detached,"£50,000 - £59,999","Semi detached£50,000 - £59,999"," 3,900 "," 4,400 "," 89,020 ","4,000","4,500","83,310","4,000","4,500","84,710","4,000","4,600","75,660","4,100","4,700","76,260", n/a , n/a , n/a , n/a , n/a , n/a , n/a , n/a , n/a , n/a , n/a , n/a , n/a , n/a , n/a , n/a , n/a , n/a ," 14,000 "," 15,000 "," 87,310 ","14,200","15,200","79,680","14,700","15,700","74,300","15,100","16,000","65,700","15,000","15,900","69,020", n/a , n/a , n/a , n/a , n/a , n/a , n/a , n/a , n/a , n/a , n/a , n/a , n/a , n/a , n/a , n/a , n/a , n/a 
End terrace,"£50,000 - £59,999","End terrace£50,000 - £59,999"," 3,600 "," 4,200 "," 26,990 ","3,600","4,300","25,180","3,700","4,300","25,610","3,700","4,400","22,620","3,800","4,500","22,820", n/a , n/a , n/a , n/a , n/a , n/a , n/a , n/a , n/a , n/a , n/a , n/a , n/a , n/a , n/a , n/a , n/a , n/a ," 12,700 "," 13,700 "," 25,810 ","12,700","13,700","23,610","13,100","14,100","21,700","13,600","14,700","19,320","13,600","14,700","20,330", n/a , n/a , n/a , n/a , n/a , n/a , n/a , n/a , n/a , n/a , n/a , n/a , n/a , n/a , n/a , n/a , n/a , n/a 
Mid terrace,"£50,000 - £59,999","Mid terrace£50,000 - £59,999"," 3,400 "," 3,900 "," 54,660 ","3,400","4,000","50,930","3,400","4,000","51,660","3,500","4,000","45,290","3,600","4,200","45,770", n/a , n/a , n/a , n/a , n/a , n/a , n/a , n/a , n/a , n/a , n/a , n/a , n/a , n/a , n/a , n/a , n/a , n/a ," 11,700 "," 12,700 "," 53,380 ","11,700","12,700","49,140","12,100","13,100","45,360","12,600","13,600","39,660","12,600","13,600","41,640", n/a , n/a , n/a , n/a , n/a , n/a , n/a , n/a , n/a , n/a , n/a , n/a , n/a , n/a , n/a , n/a , n/a , n/a 
Bungalow,"£50,000 - £59,999","Bungalow£50,000 - £59,999"," 3,700 "," 4,500 "," 22,930 ","3,900","4,800","21,090","3,900","4,700","21,700","3,900","4,700","20,820","4,000","4,800","20,980", n/a , n/a , n/a , n/a , n/a , n/a , n/a , n/a , n/a , n/a , n/a , n/a , n/a , n/a , n/a , n/a , n/a , n/a ," 15,200 "," 16,200 "," 20,410 ","15,600","16,700","17,780","16,100","17,100","16,860","15,900","16,900","16,180","15,700","16,800","16,940", n/a , n/a , n/a , n/a , n/a , n/a , n/a , n/a , n/a , n/a , n/a , n/a , n/a , n/a , n/a , n/a , n/a , n/a 
Converted flat,"£50,000 - £59,999","Converted flat£50,000 - £59,999"," 2,900 "," 4,300 "," 5,570 ","3,100","4,800","5,590","2,900","4,000","6,390","2,800","4,100","6,170","3,000","4,100","6,220", n/a , n/a , n/a , n/a , n/a , n/a , n/a , n/a , n/a , n/a , n/a , n/a , n/a , n/a , n/a , n/a , n/a , n/a ," 9,400 "," 10,900 "," 4,230 ","9,400","11,000","4,150","9,600","11,400","3,820","10,200","11,800","4,350","10,200","11,800","4,540", n/a , n/a , n/a , n/a , n/a , n/a , n/a , n/a , n/a , n/a , n/a , n/a , n/a , n/a , n/a , n/a , n/a , n/a 
Purpose built flat,"£50,000 - £59,999","Purpose built flat£50,000 - £59,999"," 2,800 "," 3,900 "," 29,070 ","2,900","4,100","27,180","2,900","3,900","28,750","2,900","4,000","24,250","3,000","4,000","24,500", n/a , n/a , n/a , n/a , n/a , n/a , n/a , n/a , n/a , n/a , n/a , n/a , n/a , n/a , n/a , n/a , n/a , n/a ," 7,700 "," 8,500 "," 18,330 ","7,700","8,400","16,370","7,900","8,700","14,710","8,200","8,900","13,240","8,300","9,100","13,870", n/a , n/a , n/a , n/a , n/a , n/a , n/a , n/a , n/a , n/a , n/a , n/a , n/a , n/a , n/a , n/a , n/a , n/a 
Detached,"£60,000 - £69,999","Detached£60,000 - £69,999"," 4,400 "," 5,100 "," 52,840 ","4,500","5,400","52,590","4,500","5,200","54,320","4,700","5,500","44,480","4,900","5,600","44,740", n/a , n/a , n/a , n/a , n/a , n/a , n/a , n/a , n/a , n/a , n/a , n/a , n/a , n/a , n/a , n/a , n/a , n/a ," 17,200 "," 18,600 "," 48,410 ","17,300","18,700","46,430","17,800","19,200","42,860","18,600","20,000","34,940","18,400","19,800","36,760", n/a , n/a , n/a , n/a , n/a , n/a , n/a , n/a , n/a , n/a , n/a , n/a , n/a , n/a , n/a , n/a , n/a , n/a 
Semi detached,"£60,000 - £69,999","Semi detached£60,000 - £69,999"," 4,000 "," 4,600 "," 51,120 ","4,100","4,700","47,730","4,100","4,600","48,580","4,100","4,700","45,090","4,200","4,800","45,400", n/a , n/a , n/a , n/a , n/a , n/a , n/a , n/a , n/a , n/a , n/a , n/a , n/a , n/a , n/a , n/a , n/a , n/a ," 14,800 "," 15,900 "," 49,670 ","15,000","16,000","45,350","15,500","16,500","42,160","15,800","16,800","38,960","15,600","16,700","41,010", n/a , n/a , n/a , n/a , n/a , n/a , n/a , n/a , n/a , n/a , n/a , n/a , n/a , n/a , n/a , n/a , n/a , n/a 
End terrace,"£60,000 - £69,999","End terrace£60,000 - £69,999"," 3,700 "," 4,400 "," 14,450 ","3,700","4,400","13,860","3,700","4,300","14,160","3,800","4,400","12,630","3,900","4,600","12,730", n/a , n/a , n/a , n/a , n/a , n/a , n/a , n/a , n/a , n/a , n/a , n/a , n/a , n/a , n/a , n/a , n/a , n/a ," 13,200 "," 14,400 "," 13,720 ","13,000","14,200","12,850","13,500","14,700","11,870","13,800","15,100","10,620","13,800","15,000","11,230", n/a , n/a , n/a , n/a , n/a , n/a , n/a , n/a , n/a , n/a , n/a , n/a , n/a , n/a , n/a , n/a , n/a , n/a 
Mid terrace,"£60,000 - £69,999","Mid terrace£60,000 - £69,999"," 3,400 "," 4,000 "," 28,760 ","3,500","4,100","26,570","3,500","4,100","27,000","3,500","4,100","24,780","3,600","4,200","24,970", n/a , n/a , n/a , n/a , n/a , n/a , n/a , n/a , n/a , n/a , n/a , n/a , n/a , n/a , n/a , n/a , n/a , n/a ," 12,200 "," 13,300 "," 27,800 ","12,100","13,100","25,540","12,500","13,600","23,590","12,800","13,900","21,470","12,700","14,000","22,600", n/a , n/a , n/a , n/a , n/a , n/a , n/a , n/a , n/a , n/a , n/a , n/a , n/a , n/a , n/a , n/a , n/a , n/a 
Bungalow,"£60,000 - £69,999","Bungalow£60,000 - £69,999"," 3,900 "," 4,700 "," 13,420 ","4,100","5,000","11,650","4,200","5,000","12,080","4,100","5,000","12,360","4,300","5,100","12,450", n/a , n/a , n/a , n/a , n/a , n/a , n/a , n/a , n/a , n/a , n/a , n/a , n/a , n/a , n/a , n/a , n/a , n/a ," 15,900 "," 17,000 "," 11,660 ","16,500","17,600","9,600","16,900","18,000","9,130","16,800","17,800","9,460","16,600","17,700","9,930", n/a , n/a , n/a , n/a , n/a , n/a , n/a , n/a , n/a , n/a , n/a , n/a , n/a , n/a , n/a , n/a , n/a , n/a 
Converted flat,"£60,000 - £69,999","Converted flat£60,000 - £69,999"," 2,900 "," 4,400 "," 3,610 ","3,100","4,800","3,390","2,900","4,000","3,850","3,100","4,400","3,730","3,200","4,300","3,790", n/a , n/a , n/a , n/a , n/a , n/a , n/a , n/a , n/a , n/a , n/a , n/a , n/a , n/a , n/a , n/a , n/a , n/a ," 9,900 "," 11,400 "," 2,800 ","10,100","11,600","2,570","10,800","12,200","2,360","10,400","12,400","2,670","10,500","12,500","2,810", n/a , n/a , n/a , n/a , n/a , n/a , n/a , n/a , n/a , n/a , n/a , n/a , n/a , n/a , n/a , n/a , n/a , n/a 
Purpose built flat,"£60,000 - £69,999","Purpose built flat£60,000 - £69,999"," 2,800 "," 3,900 "," 20,210 ","3,000","4,100","18,270","2,900","3,900","19,240","3,000","4,200","15,790","3,100","4,200","15,940", n/a , n/a , n/a , n/a , n/a , n/a , n/a , n/a , n/a , n/a , n/a , n/a , n/a , n/a , n/a , n/a , n/a , n/a ," 8,000 "," 8,900 "," 13,110 ","8,000","8,700","11,320","8,300","9,000","10,240","8,400","9,200","8,610","8,500","9,400","9,040", n/a , n/a , n/a , n/a , n/a , n/a , n/a , n/a , n/a , n/a , n/a , n/a , n/a , n/a , n/a , n/a , n/a , n/a 
Detached,"£70,000 - £99,999","Detached£70,000 - £99,999"," 4,700 "," 5,500 "," 96,220 ","4,800","5,800","93,600","4,900","5,600","96,660","5,000","5,800","72,290","5,200","6,000","72,790", n/a , n/a , n/a , n/a , n/a , n/a , n/a , n/a , n/a , n/a , n/a , n/a , n/a , n/a , n/a , n/a , n/a , n/a ," 18,300 "," 19,700 "," 87,730 ","18,300","19,800","82,780","18,900","20,400","76,170","19,700","21,100","56,110","19,500","21,000","59,220", n/a , n/a , n/a , n/a , n/a , n/a , n/a , n/a , n/a , n/a , n/a , n/a , n/a , n/a , n/a , n/a , n/a , n/a 
Semi detached,"£70,000 - £99,999","Semi detached£70,000 - £99,999"," 4,200 "," 4,800 "," 64,230 ","4,300","5,000","59,510","4,300","4,900","60,700","4,300","4,900","56,790","4,500","5,100","57,330", n/a , n/a , n/a , n/a , n/a , n/a , n/a , n/a , n/a , n/a , n/a , n/a , n/a , n/a , n/a , n/a , n/a , n/a ," 16,100 "," 17,300 "," 61,470 ","16,400","17,500","56,380","16,900","18,100","52,490","17,000","18,200","49,050","16,800","18,000","51,510", n/a , n/a , n/a , n/a , n/a , n/a , n/a , n/a , n/a , n/a , n/a , n/a , n/a , n/a , n/a , n/a , n/a , n/a 
End terrace,"£70,000 - £99,999","End terrace£70,000 - £99,999"," 3,800 "," 4,500 "," 16,240 ","3,900","4,600","15,440","3,900","4,600","15,830","3,900","4,600","15,400","4,000","4,700","15,570", n/a , n/a , n/a , n/a , n/a , n/a , n/a , n/a , n/a , n/a , n/a , n/a , n/a , n/a , n/a , n/a , n/a , n/a ," 14,200 "," 15,500 "," 15,220 ","14,000","15,300","14,420","14,500","15,800","13,250","14,600","15,900","12,990","14,500","15,900","13,730", n/a , n/a , n/a , n/a , n/a , n/a , n/a , n/a , n/a , n/a , n/a , n/a , n/a , n/a , n/a , n/a , n/a , n/a 
Mid terrace,"£70,000 - £99,999","Mid terrace£70,000 - £99,999"," 3,500 "," 4,100 "," 32,480 ","3,600","4,300","29,870","3,600","4,200","30,390","3,600","4,300","30,370","3,700","4,400","30,690", n/a , n/a , n/a , n/a , n/a , n/a , n/a , n/a , n/a , n/a , n/a , n/a , n/a , n/a , n/a , n/a , n/a , n/a ," 12,900 "," 14,100 "," 31,440 ","13,000","14,200","28,730","13,500","14,700","26,480","13,500","14,800","26,380","13,600","14,900","27,780", n/a , n/a , n/a , n/a , n/a , n/a , n/a , n/a , n/a , n/a , n/a , n/a , n/a , n/a , n/a , n/a , n/a , n/a 
Bungalow,"£70,000 - £99,999","Bungalow£70,000 - £99,999"," 4,300 "," 5,200 "," 16,700 ","4,500","5,600","14,640","4,500","5,400","15,330","4,400","5,400","15,190","4,600","5,500","15,300", n/a , n/a , n/a , n/a , n/a , n/a , n/a , n/a , n/a , n/a , n/a , n/a , n/a , n/a , n/a , n/a , n/a , n/a ," 17,500 "," 18,600 "," 14,110 ","17,800","18,900","11,790","18,200","19,300","11,120","17,900","19,000","11,260","17,700","18,900","11,810", n/a , n/a , n/a , n/a , n/a , n/a , n/a , n/a , n/a , n/a , n/a , n/a , n/a , n/a , n/a , n/a , n/a , n/a 
Converted flat,"£70,000 - £99,999","Converted flat£70,000 - £99,999"," 2,900 "," 4,400 "," 5,140 ","3,100","4,900","4,680","2,900","4,100","5,250","3,000","4,300","5,790","3,100","4,300","5,900", n/a , n/a , n/a , n/a , n/a , n/a , n/a , n/a , n/a , n/a , n/a , n/a , n/a , n/a , n/a , n/a , n/a , n/a ," 10,000 "," 11,600 "," 4,100 ","10,200","11,900","3,570","10,800","12,500","3,260","11,000","12,700","4,290","11,000","12,800","4,530", n/a , n/a , n/a , n/a , n/a , n/a , n/a , n/a , n/a , n/a , n/a , n/a , n/a , n/a , n/a , n/a , n/a , n/a 
Purpose built flat,"£70,000 - £99,999","Purpose built flat£70,000 - £99,999"," 2,800 "," 3,900 "," 24,760 ","3,000","4,200","21,900","3,000","4,000","22,990","3,000","4,200","24,680","3,100","4,200","24,940", n/a , n/a , n/a , n/a , n/a , n/a , n/a , n/a , n/a , n/a , n/a , n/a , n/a , n/a , n/a , n/a , n/a , n/a ," 8,200 "," 9,100 "," 15,700 ","8,300","9,100","13,290","8,700","9,400","12,040","8,800","9,600","13,690","8,900","9,700","14,420", n/a , n/a , n/a , n/a , n/a , n/a , n/a , n/a , n/a , n/a , n/a , n/a , n/a , n/a , n/a , n/a , n/a , n/a 
Detached,"£100,000 - £149,999","Detached£100,000 - £149,999"," 5,300 "," 6,200 "," 56,850 ","5,500","6,800","54,740","5,600","6,500","56,760","5,600","6,600","45,290","5,800","6,800","45,690", n/a , n/a , n/a , n/a , n/a , n/a , n/a , n/a , n/a , n/a , n/a , n/a , n/a , n/a , n/a , n/a , n/a , n/a ," 20,500 "," 22,000 "," 49,240 ","20,700","22,300","45,590","21,300","22,800","41,530","21,900","23,300","33,180","21,600","23,100","35,110", n/a , n/a , n/a , n/a , n/a , n/a , n/a , n/a , n/a , n/a , n/a , n/a , n/a , n/a , n/a , n/a , n/a , n/a 
Semi detached,"£100,000 - £149,999","Semi detached£100,000 - £149,999"," 4,600 "," 5,300 "," 26,420 ","4,700","5,600","22,620","4,800","5,500","23,230","4,700","5,500","25,250","4,900","5,600","25,530", n/a , n/a , n/a , n/a , n/a , n/a , n/a , n/a , n/a , n/a , n/a , n/a , n/a , n/a , n/a , n/a , n/a , n/a ," 18,500 "," 19,800 "," 25,070 ","18,800","20,300","21,150","19,500","20,900","19,610","19,100","20,500","21,350","18,800","20,200","22,520", n/a , n/a , n/a , n/a , n/a , n/a , n/a , n/a , n/a , n/a , n/a , n/a , n/a , n/a , n/a , n/a , n/a , n/a 
End terrace,"£100,000 - £149,999","End terrace£100,000 - £149,999"," 4,100 "," 4,900 "," 6,060 ","4,300","5,200","5,200","4,300","5,000","5,340","4,200","5,000","5,950","4,400","5,100","6,010", n/a , n/a , n/a , n/a , n/a , n/a , n/a , n/a , n/a , n/a , n/a , n/a , n/a , n/a , n/a , n/a , n/a , n/a ," 16,100 "," 17,400 "," 5,680 ","16,600","18,100","4,820","17,000","18,500","4,390","16,400","17,800","4,970","16,400","17,900","5,240", n/a , n/a , n/a , n/a , n/a , n/a , n/a , n/a , n/a , n/a , n/a , n/a , n/a , n/a , n/a , n/a , n/a , n/a 
Mid terrace,"£100,000 - £149,999","Mid terrace£100,000 - £149,999"," 3,800 "," 4,600 "," 13,610 ","4,000","4,800","11,510","4,000","4,700","11,740","4,100","4,800","12,190","4,200","4,900","12,330", n/a , n/a , n/a , n/a , n/a , n/a , n/a , n/a , n/a , n/a , n/a , n/a , n/a , n/a , n/a , n/a , n/a , n/a ," 14,900 "," 16,200 "," 13,290 ","15,400","16,700","11,170","15,900","17,200","10,230","15,700","17,200","10,600","15,500","17,100","11,220", n/a , n/a , n/a , n/a , n/a , n/a , n/a , n/a , n/a , n/a , n/a , n/a , n/a , n/a , n/a , n/a , n/a , n/a 
Bungalow,"£100,000 - £149,999","Bungalow£100,000 - £149,999"," 4,900 "," 5,900 "," 7,010 ","5,200","6,600","6,050","5,300","6,400","6,430","5,200","6,300","6,300","5,300","6,400","6,380", n/a , n/a , n/a , n/a , n/a , n/a , n/a , n/a , n/a , n/a , n/a , n/a , n/a , n/a , n/a , n/a , n/a , n/a ," 19,300 "," 20,400 "," 5,560 ","20,500","21,700","4,580","21,000","22,200","4,270","20,400","21,500","4,340","20,100","21,200","4,560", n/a , n/a , n/a , n/a , n/a , n/a , n/a , n/a , n/a , n/a , n/a , n/a , n/a , n/a , n/a , n/a , n/a , n/a 
Converted flat,"£100,000 - £149,999","Converted flat£100,000 - £149,999"," 3,200 "," 4,700 "," 2,000 ","3,400","5,400","1,930","3,300","4,500","2,180","3,400","4,700","2,500","3,500","4,700","2,540", n/a , n/a , n/a , n/a , n/a , n/a , n/a , n/a , n/a , n/a , n/a , n/a , n/a , n/a , n/a , n/a , n/a , n/a ," 10,600 "," 12,600 "," 1,620 ","11,200","13,200","1,430","11,700","13,700","1,280","11,400","13,500","1,780","11,400","13,500","1,890", n/a , n/a , n/a , n/a , n/a , n/a , n/a , n/a , n/a , n/a , n/a , n/a , n/a , n/a , n/a , n/a , n/a , n/a 
Purpose built flat,"£100,000 - £149,999","Purpose built flat£100,000 - £149,999"," 2,900 "," 4,100 "," 7,560 ","3,200","4,500","6,790","3,200","4,300","7,120","3,200","4,500","8,900","3,300","4,400","9,000", n/a , n/a , n/a , n/a , n/a , n/a , n/a , n/a , n/a , n/a , n/a , n/a , n/a , n/a , n/a , n/a , n/a , n/a ," 8,600 "," 9,600 "," 4,600 ","8,600","9,500","3,870","9,200","10,000","3,420","8,900","9,900","4,540","9,000","10,000","4,800", n/a , n/a , n/a , n/a , n/a , n/a , n/a , n/a , n/a , n/a , n/a , n/a , n/a , n/a , n/a , n/a , n/a , n/a 
Detached,"£150,000 and over","Detached£150,000 and over"," 6,200 "," 7,400 "," 20,140 ","6,600","8,500","18,340","6,600","7,800","18,950","6,500","7,800","14,680","6,700","8,000","14,860", n/a , n/a , n/a , n/a , n/a , n/a , n/a , n/a , n/a , n/a , n/a , n/a , n/a , n/a , n/a , n/a , n/a , n/a ," 24,500 "," 25,800 "," 15,710 ","25,200","26,200","13,600","25,800","26,800","12,270","24,500","26,000","9,600","24,200","25,700","10,110", n/a , n/a , n/a , n/a , n/a , n/a , n/a , n/a , n/a , n/a , n/a , n/a , n/a , n/a , n/a , n/a , n/a , n/a 
Semi detached,"£150,000 and over","Semi detached£150,000 and over"," 4,800 "," 5,800 "," 8,340 ","5,200","6,300","6,230","5,200","6,100","6,380","4,900","5,800","8,570","5,000","5,900","8,650", n/a , n/a , n/a , n/a , n/a , n/a , n/a , n/a , n/a , n/a , n/a , n/a , n/a , n/a , n/a , n/a , n/a , n/a ," 19,700 "," 21,500 "," 7,760 ","20,400","22,100","5,670","20,900","22,800","5,240","19,800","21,500","7,230","19,600","21,300","7,620", n/a , n/a , n/a , n/a , n/a , n/a , n/a , n/a , n/a , n/a , n/a , n/a , n/a , n/a , n/a , n/a , n/a , n/a 
End terrace,"£150,000 and over","End terrace£150,000 and over"," 4,500 "," 5,500 "," 2,210 ","4,800","6,000","1,870","4,900","5,800","1,910","4,600","5,500","2,290","4,700","5,600","2,310", n/a , n/a , n/a , n/a , n/a , n/a , n/a , n/a , n/a , n/a , n/a , n/a , n/a , n/a , n/a , n/a , n/a , n/a ," 18,300 "," 19,900 "," 2,080 ","18,500","20,500","1,730","19,200","21,000","1,560","17,900","19,500","1,920","17,600","19,400","2,040", n/a , n/a , n/a , n/a , n/a , n/a , n/a , n/a , n/a , n/a , n/a , n/a , n/a , n/a , n/a , n/a , n/a , n/a 
Mid terrace,"£150,000 and over","Mid terrace£150,000 and over"," 4,700 "," 5,800 "," 7,300 ","5,100","6,300","6,200","5,100","6,000","6,250","4,500","5,500","5,470","4,700","5,700","5,540", n/a , n/a , n/a , n/a , n/a , n/a , n/a , n/a , n/a , n/a , n/a , n/a , n/a , n/a , n/a , n/a , n/a , n/a ," 18,100 "," 19,500 "," 7,090 ","18,500","19,900","6,040","19,000","20,400","5,520","17,500","19,400","4,820","17,400","19,100","5,110", n/a , n/a , n/a , n/a , n/a , n/a , n/a , n/a , n/a , n/a , n/a , n/a , n/a , n/a , n/a , n/a , n/a , n/a 
Bungalow,"£150,000 and over","Bungalow£150,000 and over"," 5,300 "," 6,500 "," 2,100 ","6,100","7,800","1,540","6,100","7,200","1,630","5,600","6,900","1,740","5,700","7,000","1,780", n/a , n/a , n/a , n/a , n/a , n/a , n/a , n/a , n/a , n/a , n/a , n/a , n/a , n/a , n/a , n/a , n/a , n/a ," 21,200 "," 22,400 "," 1,610 ","22,900","23,900","1,090","23,200","24,200","1,010","21,200","22,600","1,160","21,100","22,500","1,220", n/a , n/a , n/a , n/a , n/a , n/a , n/a , n/a , n/a , n/a , n/a , n/a , n/a , n/a , n/a , n/a , n/a , n/a 
Converted flat,"£150,000 and over","Converted flat£150,000 and over"," 3,700 "," 5,400 ", 800 ,"4,200","6,500",710,"4,000","5,200",810,"3,900","5,400",970,"4,000","5,400",980, n/a , n/a , n/a , n/a , n/a , n/a , n/a , n/a , n/a , n/a , n/a , n/a , n/a , n/a , n/a , n/a , n/a , n/a ," 12,300 "," 14,100 ", 670 ,"13,100","15,000",580,"13,900","15,700",520,"13,000","14,400",650,"12,800","14,600",680, n/a , n/a , n/a , n/a , n/a , n/a , n/a , n/a , n/a , n/a , n/a , n/a , n/a , n/a , n/a , n/a , n/a , n/a 
Purpose built flat,"£150,000 and over","Purpose built flat£150,000 and over"," 3,600 "," 4,900 "," 2,710 ","4,000","5,300","2,300","4,000","5,100","2,390","3,600","5,000","2,770","3,700","5,000","2,800", n/a , n/a , n/a , n/a , n/a , n/a , n/a , n/a , n/a , n/a , n/a , n/a , n/a , n/a , n/a , n/a , n/a , n/a ," 10,200 "," 11,600 "," 1,680 ","10,100","11,600","1,390","11,200","12,500","1,210","10,400","11,900","1,460","10,400","12,000","1,540", n/a , n/a , n/a , n/a , n/a , n/a , n/a , n/a , n/a , n/a , n/a , n/a , n/a , n/a , n/a , n/a , n/a , n/a 
Detached,North East,DetachedNorth East," 3,900 "," 4,500 "," 20,870 ","4,000","4,700","20,990","4,100","4,600","21,820","4,100","4,700","19,100","4,300","4,800","19,210","4,200","4,900","19,880","4,300","4,900","19,730","4,300","4,900","19,470","4,500","5,100","19,510","4,600","5,200","19,310","4,600","5,300","18,860"," 17,200 "," 18,400 "," 19,420 ","17,300","18,500","19,450","17,900","19,100","17,790","18,200","19,500","15,800","17,900","19,100","16,520","19,000","20,300","15,720","19,400","20,600","16,410","21,000","22,200","16,300","21,800","23,000","15,400","22,900","23,900","14,110","23,800","24,700","15,030"
Semi detached,North East,Semi detachedNorth East," 3,100 "," 3,500 "," 65,000 ","3,200","3,600","64,670","3,200","3,600","65,700","3,200","3,600","56,820","3,300","3,700","57,200","3,300","3,700","60,450","3,300","3,700","60,030","3,300","3,700","59,540","3,400","3,900","59,610","3,500","4,000","59,680","3,500","4,000","59,320"," 13,400 "," 14,100 "," 64,070 ","13,500","14,300","64,230","14,100","14,800","60,370","14,600","15,400","51,920","14,400","15,200","53,920","15,500","16,200","54,920","15,800","16,500","58,070","17,600","18,300","53,680","18,300","19,100","53,050","19,200","19,900","51,380","20,200","20,900","50,990"
End terrace,North East,End terraceNorth East," 3,000 "," 3,400 "," 17,520 ","3,000","3,500","17,400","3,100","3,500","17,810","3,100","3,500","15,550","3,200","3,600","15,720","3,100","3,600","16,500","3,100","3,600","16,300","3,100","3,600","16,210","3,200","3,800","16,100","3,300","3,800","16,040","3,300","3,900","15,920"," 11,900 "," 12,600 "," 16,920 ","11,900","12,700","16,960","12,500","13,300","15,820","13,100","13,900","13,780","13,000","13,800","14,240","14,100","14,900","14,370","14,400","15,300","15,400","16,100","17,000","14,030","16,900","17,800","13,790","17,900","18,700","13,380","19,000","19,800","13,180"
Mid terrace,North East,Mid terraceNorth East," 2,900 "," 3,400 "," 44,690 ","2,900","3,400","44,160","2,900","3,400","45,230","3,000","3,400","39,780","3,000","3,500","40,280","3,000","3,500","42,530","3,000","3,500","41,930","3,000","3,500","41,740","3,100","3,700","41,790","3,200","3,700","41,810","3,200","3,800","41,630"," 11,300 "," 12,200 "," 43,510 ","11,500","12,300","43,630","12,000","12,800","40,590","12,500","13,400","35,200","12,400","13,300","36,640","13,300","14,300","37,190","13,600","14,500","40,160","15,200","16,100","36,200","15,900","16,800","35,740","16,600","17,500","34,740","17,700","18,500","34,290"
Bungalow,North East,BungalowNorth East," 2,500 "," 3,000 "," 23,580 ","2,500","3,100","23,540","2,500","3,100","24,250","2,500","3,200","21,250","2,600","3,200","21,350","2,600","3,200","22,540","2,600","3,200","22,390","2,500","3,200","22,320","2,600","3,400","22,360","2,700","3,500","22,390","2,700","3,500","22,180"," 12,100 "," 13,100 "," 22,180 ","12,200","13,200","22,250","12,700","13,800","21,160","13,200","14,400","18,420","13,100","14,200","18,980","14,000","15,100","19,780","14,400","15,500","20,590","16,000","17,200","19,220","16,900","18,000","19,160","17,400","18,500","18,540","18,300","19,400","18,250"
Converted flat,North East,Converted flatNorth East," 2,400 "," 3,700 "," 1,370 ","2,400","3,800","1,400","2,400","3,500","2,200","2,500","3,900","2,110","2,700","4,000","2,140","2,600","3,800","1,790","2,700","4,000","1,760","2,700","4,000","1,760","2,700","4,100","1,690","2,800","4,000","1,690","2,800","4,200","1,640"," 8,100 "," 9,900 "," 1,170 ","8,200","9,900","1,180","8,800","10,500","1,070","9,300","11,400","1,230","10,100","12,000","1,300","10,600","12,300","1,050","10,500","12,300","1,180","11,700","13,400",980,"12,900","14,600",980,"13,400","14,900",910,"14,300","16,000",870
Purpose built flat,North East,Purpose built flatNorth East," 2,000 "," 2,900 "," 25,730 ","2,000","2,800","25,650","2,000","2,800","27,010","2,000","2,900","23,480","2,100","2,900","23,900","2,100","2,900","24,610","2,100","3,000","24,290","2,100","3,000","24,200","2,100","3,100","24,110","2,200","3,100","23,950","2,200","3,200","23,550"," 6,900 "," 7,800 "," 19,130 ","7,100","7,900","19,270","7,400","8,200","17,510","7,800","8,700","15,290","8,000","8,900","15,900","8,600","9,400","15,820","8,900","9,800","17,800","9,900","10,900","15,370","10,700","11,500","15,270","11,100","12,000","14,770","12,100","12,900","14,350"
Detached,North West,DetachedNorth West," 4,200 "," 4,900 "," 55,870 ","4,300","5,200","63,620","4,400","5,100","65,660","4,400","5,200","58,100","4,600","5,400","58,350","4,600","5,400","60,990","4,700","5,400","60,540","4,700","5,400","59,470","4,900","5,700","60,160","5,000","5,700","59,900","5,100","6,000","36,670"," 16,900 "," 18,400 "," 59,050 ","17,100","18,500","59,100","17,800","19,200","54,580","18,600","20,000","49,010","18,500","20,000","51,550","20,000","21,300","49,380","20,400","21,700","51,450","22,100","23,300","50,510","22,700","24,000","47,900","23,700","24,800","44,980","23,700","25,300","47,540"
Semi detached,North West,Semi detachedNorth West," 3,400 "," 3,900 "," 148,920 ","3,500","4,000","166,660","3,500","4,000","168,320","3,500","4,000","145,120","3,600","4,100","145,970","3,600","4,200","154,770","3,600","4,200","153,240","3,600","4,200","150,820","3,800","4,400","153,090","3,900","4,400","153,110","4,000","4,700","102,010"," 12,700 "," 13,600 "," 164,560 ","12,900","13,700","164,800","13,500","14,300","154,670","14,000","14,900","131,820","14,000","14,900","137,040","15,200","16,100","140,610","15,500","16,400","148,020","17,300","18,200","137,630","17,800","18,700","136,460","18,700","19,500","132,520","19,500","20,300","132,010"
End terrace,North West,End terraceNorth West," 3,200 "," 3,700 "," 44,250 ","3,300","3,800","49,410","3,300","3,800","50,130","3,300","3,800","43,690","3,400","3,900","44,120","3,400","3,900","46,230","3,400","4,000","45,540","3,400","4,000","44,740","3,500","4,200","45,380","3,600","4,200","45,230","3,700","4,400","29,680"," 11,100 "," 12,000 "," 48,660 ","11,200","12,100","48,620","11,700","12,600","45,010","12,300","13,300","39,100","12,400","13,400","40,840","13,500","14,400","40,770","13,800","14,700","43,520","15,200","16,200","40,140","15,900","17,000","39,490","16,700","17,600","37,890","17,500","18,500","37,940"
Mid terrace,North West,Mid terraceNorth West," 2,900 "," 3,400 "," 117,890 ","3,000","3,500","131,100","3,000","3,500","132,500","3,000","3,500","114,460","3,100","3,600","115,740","3,100","3,600","121,960","3,100","3,600","120,050","3,100","3,700","118,470","3,200","3,800","120,060","3,300","3,900","120,050","3,500","4,100","78,730"," 10,000 "," 10,800 "," 130,910 ","10,100","10,800","131,240","10,600","11,300","121,050","11,200","11,900","103,040","11,200","12,100","107,200","12,100","12,900","108,690","12,400","13,200","117,220","13,800","14,600","106,230","14,300","15,200","105,470","14,900","15,700","102,250","15,700","16,500","100,760"
Bungalow,North West,BungalowNorth West," 2,900 "," 3,500 "," 42,160 ","2,900","3,600","49,410","2,900","3,600","50,420","2,900","3,700","43,410","3,000","3,700","43,640","3,000","3,800","45,980","3,000","3,800","45,630","3,000","3,800","44,870","3,200","4,000","45,600","3,200","4,000","45,530","3,200","4,100","27,540"," 12,700 "," 13,800 "," 46,740 ","12,700","13,800","46,850","13,300","14,400","44,560","13,900","15,100","38,080","13,900","15,100","39,350","14,900","16,000","40,760","15,300","16,400","42,230","16,900","18,000","39,380","17,600","18,700","39,470","18,200","19,300","38,250","19,100","20,200","37,700"
Converted flat,North West,Converted flatNorth West," 2,500 "," 3,900 "," 5,250 ","2,700","4,200","6,190","2,400","3,600","10,610","2,700","4,300","10,530","2,700","4,200","10,750","2,600","3,900","8,070","2,600","4,000","7,900","2,700","4,100","7,690","2,700","4,200","7,720","2,700","4,200","7,610","2,700","4,000","4,070"," 6,600 "," 8,100 "," 5,450 ","6,500","8,100","5,570","7,000","8,700","4,980","7,700","10,000","6,090","7,800","10,100","6,370","8,500","10,300","4,560","8,700","10,500","5,130","9,500","11,400","4,300","10,100","11,900","4,290","10,500","12,300","4,060","11,200","13,100","4,050"
Purpose built flat,North West,Purpose built flatNorth West," 2,200 "," 3,100 "," 43,590 ","2,200","3,200","51,820","2,200","3,200","56,340","2,200","3,400","48,910","2,300","3,300","49,570","2,200","3,300","50,180","2,200","3,400","49,370","2,300","3,500","48,550","2,300","3,600","48,710","2,300","3,600","47,550","2,300","3,500","25,190"," 5,600 "," 6,300 "," 32,070 ","5,600","6,300","32,340","5,900","6,600","29,440","6,100","6,800","25,560","6,300","7,100","26,800","6,900","7,600","26,290","7,100","7,900","28,930","8,000","8,700","26,070","8,500","9,300","25,750","8,900","9,700","24,420","9,900","10,500","24,050"
Detached,Yorks & Humber,DetachedYorks & Humber," 4,100 "," 4,800 "," 46,060 ","4,100","5,000","48,720","4,200","4,900","50,170","4,200","5,000","46,080","4,400","5,100","46,360","4,400","5,200","48,370","4,400","5,200","48,060","4,400","5,100","47,600","4,600","5,400","47,510","4,800","5,500","47,200","4,800","5,600","46,520"," 17,800 "," 19,200 "," 42,350 ","17,800","19,100","42,500","18,300","19,700","39,120","19,000","20,400","36,150","18,900","20,300","38,060","19,800","21,300","38,470","19,900","21,300","40,080","21,600","22,900","37,430","22,200","23,500","36,310","23,100","24,400","34,040","23,300","24,900","33,900"
Semi detached,Yorks & Humber,Semi detachedYorks & Humber," 3,200 "," 3,700 "," 118,790 ","3,300","3,800","124,340","3,300","3,700","125,690","3,300","3,800","108,960","3,400","3,900","109,630","3,400","3,900","116,020","3,400","3,900","115,350","3,400","3,900","114,540","3,500","4,100","114,230","3,600","4,200","114,300","3,700","4,300","113,900"," 13,100 "," 13,900 "," 120,980 ","13,200","14,000","121,210","13,500","14,300","113,870","14,200","15,000","97,450","14,200","15,100","101,540","15,200","16,000","104,700","15,300","16,200","110,150","16,900","17,700","101,340","17,600","18,500","99,790","18,400","19,200","97,220","19,300","20,000","93,580"
End terrace,Yorks & Humber,End terraceYorks & Humber," 3,100 "," 3,600 "," 33,330 ","3,100","3,700","34,750","3,100","3,600","35,300","3,100","3,700","30,890","3,200","3,800","31,200","3,200","3,800","32,500","3,200","3,800","32,200","3,200","3,800","32,010","3,400","4,000","31,710","3,400","4,100","31,550","3,500","4,200","31,180"," 12,100 "," 13,100 "," 33,160 ","12,100","13,100","33,230","12,500","13,400","30,780","13,200","14,200","26,550","13,300","14,300","27,900","14,200","15,100","28,240","14,300","15,200","30,150","15,700","16,600","27,330","16,400","17,400","26,900","17,100","18,000","25,890","17,900","18,700","25,000"
Mid terrace,Yorks & Humber,Mid terraceYorks & Humber," 2,800 "," 3,300 "," 82,850 ","2,900","3,400","85,600","2,900","3,400","86,610","2,900","3,400","75,170","3,000","3,500","76,140","3,000","3,500","80,230","2,900","3,500","79,450","3,000","3,600","78,930","3,100","3,700","78,380","3,200","3,800","78,670","3,300","4,000","78,200"," 10,800 "," 11,700 "," 84,010 ","10,800","11,700","84,320","11,200","12,100","77,760","11,700","12,700","66,530","11,900","12,900","69,570","12,700","13,600","70,720","12,800","13,700","76,790","14,000","15,000","68,770","14,700","15,600","67,820","15,200","16,100","65,770","15,900","16,800","63,440"
Bungalow,Yorks & Humber,BungalowYorks & Humber," 2,600 "," 3,300 "," 42,100 ","2,700","3,400","45,200","2,700","3,300","46,170","2,700","3,400","40,980","2,800","3,500","41,090","2,800","3,500","43,480","2,800","3,500","43,250","2,700","3,500","42,990","2,900","3,700","43,010","3,000","3,800","43,170","3,000","3,900","42,880"," 12,500 "," 13,700 "," 41,620 ","12,500","13,700","41,720","12,800","14,000","39,610","13,400","14,600","34,850","13,500","14,700","36,280","14,300","15,500","37,970","14,400","15,700","39,340","15,900","17,100","36,590","16,700","17,900","36,440","17,300","18,500","35,470","18,000","19,200","33,220"
Converted flat,Yorks & Humber,Converted flatYorks & Humber," 2,700 "," 4,100 "," 4,810 ","2,800","4,400","5,140","2,600","3,800","7,770","2,700","4,300","7,340","2,800","4,200","7,450","2,800","4,200","6,050","2,800","4,200","5,920","2,800","4,200","5,830","2,900","4,400","5,690","2,900","4,300","5,500","3,000","4,500","5,320"," 7,600 "," 9,400 "," 3,760 ","7,700","9,400","3,840","8,000","9,800","3,480","8,900","10,900","3,840","8,700","11,000","4,040","9,100","11,200","3,330","9,400","11,300","3,740","10,100","12,200","3,170","10,800","12,800","3,200","11,200","13,100","3,050","11,700","13,800","2,930"
Purpose built flat,Yorks & Humber,Purpose built flatYorks & Humber," 2,200 "," 3,400 "," 35,960 ","2,200","3,500","37,790","2,200","3,200","39,910","2,200","3,300","34,860","2,300","3,300","35,240","2,200","3,300","35,800","2,200","3,400","35,480","2,200","3,400","35,240","2,200","3,600","34,740","2,300","3,500","33,830","2,300","3,700","33,250"," 6,100 "," 6,800 "," 23,600 ","6,100","6,700","23,780","6,300","6,900","21,830","6,700","7,400","18,740","6,800","7,500","19,660","7,300","8,000","19,690","7,500","8,200","21,650","8,300","9,100","19,320","8,900","9,700","19,220","9,200","9,900","18,320","10,000","10,600","17,560"
Detached,East Midlands,DetachedEast Midlands," 4,000 "," 4,700 "," 69,490 ","4,000","4,900","70,000","4,100","4,800","72,180","4,100","4,900","63,760","4,300","5,100","63,940","4,300","5,100","66,900","4,300","5,100","66,460","4,400","5,100","66,180","4,600","5,400","66,300","4,600","5,400","65,930","4,700","5,500","64,650"," 16,400 "," 17,500 "," 62,640 ","16,500","17,700","62,670","16,900","18,100","58,170","17,600","18,800","51,280","17,400","18,600","53,890","18,500","19,700","54,820","18,600","19,800","57,550","20,300","21,400","53,470","21,000","22,100","52,810","21,800","22,900","48,820","22,500","23,700","50,340"
Semi detached,East Midlands,Semi detachedEast Midlands," 3,300 "," 3,900 "," 101,230 ","3,300","3,900","100,700","3,300","3,900","102,120","3,300","4,000","87,670","3,400","4,000","88,200","3,500","4,100","93,000","3,400","4,100","92,450","3,500","4,100","92,050","3,600","4,300","92,370","3,700","4,400","92,150","3,700","4,500","90,920"," 12,400 "," 13,100 "," 96,290 ","12,500","13,100","96,350","12,800","13,500","90,340","13,400","14,100","76,080","13,400","14,100","79,510","14,400","15,100","80,960","14,500","15,200","85,960","16,000","16,600","78,750","16,600","17,300","78,640","17,300","17,900","75,440","18,300","18,800","74,660"
End terrace,East Midlands,End terraceEast Midlands," 3,100 "," 3,800 "," 26,690 ","3,100","3,800","26,650","3,200","3,800","27,140","3,200","3,900","23,390","3,300","3,900","23,530","3,300","4,000","24,610","3,300","4,000","24,380","3,300","4,000","24,280","3,400","4,200","24,170","3,500","4,300","24,000","3,500","4,400","23,330"," 11,200 "," 12,000 "," 25,150 ","11,200","12,100","25,150","11,600","12,400","23,460","12,100","12,900","20,070","12,200","13,100","20,870","13,200","14,100","20,780","13,300","14,100","22,260","14,500","15,400","20,280","15,200","16,100","20,290","15,900","16,700","18,770","16,600","17,600","18,900"
Mid terrace,East Midlands,Mid terraceEast Midlands," 2,900 "," 3,500 "," 53,500 ","2,900","3,500","53,040","2,900","3,500","53,780","3,000","3,600","46,190","3,000","3,600","46,570","3,100","3,700","48,880","3,000","3,700","48,390","3,100","3,800","48,240","3,200","3,900","48,230","3,200","4,000","48,000","3,300","4,100","46,850"," 10,400 "," 11,300 "," 51,400 ","10,500","11,300","51,410","10,800","11,600","47,570","11,300","12,100","40,220","11,500","12,300","41,940","12,200","13,100","42,030","12,300","13,100","45,540","13,500","14,400","40,690","14,100","15,000","40,760","14,800","15,600","38,410","15,500","16,400","38,170"
Bungalow,East Midlands,BungalowEast Midlands," 2,800 "," 3,600 "," 44,760 ","2,800","3,700","45,100","2,800","3,600","46,010","2,800","3,700","39,770","2,900","3,800","39,980","2,900","3,900","41,940","2,900","3,800","41,720","2,900","3,900","41,710","3,000","4,100","41,790","3,100","4,100","41,730","3,100","4,200","41,270"," 12,200 "," 13,200 "," 39,400 ","12,300","13,300","39,450","12,600","13,600","37,560","13,100","14,200","32,050","13,100","14,200","33,450","14,000","15,100","34,300","14,100","15,200","35,760","15,500","16,600","33,190","16,200","17,200","33,270","16,700","17,700","32,340","17,600","18,600","31,680"
Converted flat,East Midlands,Converted flatEast Midlands," 2,800 "," 4,300 "," 3,430 ","2,800","4,300","3,540","2,700","3,900","4,710","3,000","4,600","4,420","3,000","4,600","4,510","3,100","4,500","3,820","3,100","4,400","3,760","3,200","4,600","3,740","3,300","4,800","3,670","3,400","4,800","3,640","3,400","4,900","3,360"," 7,400 "," 9,200 "," 2,150 ","7,400","9,000","2,180","7,800","9,400","1,990","8,400","10,600","2,390","8,400","10,700","2,520","9,200","10,900","1,920","9,000","11,000","2,140","9,900","11,800","1,780","10,400","12,300","1,820","10,900","12,700","1,670","11,700","13,600","1,670"
Purpose built flat,East Midlands,Purpose built flatEast Midlands," 2,100 "," 3,200 "," 23,710 ","2,100","3,100","23,920","2,100","3,000","25,210","2,100","3,200","21,550","2,200","3,200","21,790","2,200","3,200","22,220","2,100","3,200","22,070","2,100","3,200","21,930","2,200","3,400","21,920","2,200","3,300","21,140","2,200","3,400","20,370"," 5,800 "," 6,300 "," 15,770 ","5,800","6,300","15,800","6,000","6,500","14,660","6,200","6,900","12,670","6,400","7,100","13,160","7,000","7,600","12,710","7,100","7,800","13,990","7,800","8,500","12,380","8,400","9,000","12,820","8,600","9,300","11,630","9,600","10,100","11,420"
Detached,West Midlands,DetachedWest Midlands," 4,100 "," 4,800 "," 61,700 ","4,100","5,100","65,740","4,200","4,900","69,820","4,200","5,000","61,370","4,400","5,200","61,730","4,400","5,200","63,940","4,400","5,200","63,490","4,500","5,300","62,910","4,700","5,500","63,300","4,800","5,600","63,460","5,100","6,100","31,360"," 16,500 "," 17,900 "," 58,810 ","16,600","18,000","58,940","16,900","18,300","54,510","17,700","19,000","48,760","17,600","19,000","51,380","18,600","20,000","52,450","18,900","20,200","54,990","20,800","22,000","50,620","21,300","22,500","50,120","22,200","23,300","47,360","22,800","24,100","47,780"
Semi detached,West Midlands,Semi detachedWest Midlands," 3,400 "," 4,000 "," 123,890 ","3,400","4,000","130,050","3,500","4,000","133,790","3,500","4,100","113,980","3,600","4,100","114,840","3,600","4,200","121,410","3,600","4,200","120,580","3,600","4,200","119,660","3,800","4,400","120,500","3,800","4,500","121,020","4,100","4,900","66,500"," 12,800 "," 13,500 "," 127,850 ","12,800","13,600","128,050","13,200","13,900","120,250","13,700","14,500","102,180","13,800","14,500","106,850","14,700","15,400","110,040","14,900","15,700","116,120","16,500","17,200","107,000","17,000","17,800","106,710","17,800","18,500","103,860","18,600","19,300","101,640"
End terrace,West Midlands,End terraceWest Midlands," 3,300 "," 3,900 "," 35,000 ","3,300","4,000","36,600","3,300","3,900","37,490","3,300","4,000","32,260","3,400","4,000","32,530","3,400","4,100","34,320","3,400","4,100","34,020","3,400","4,100","33,820","3,600","4,300","33,890","3,700","4,400","33,930","3,900","4,700","20,270"," 11,500 "," 12,300 "," 35,600 ","11,600","12,400","35,590","11,900","12,600","33,160","12,400","13,200","28,870","12,500","13,400","30,180","13,300","14,100","30,710","13,400","14,400","32,560","14,800","15,800","29,790","15,300","16,300","29,720","16,000","16,800","28,390","16,700","17,600","28,080"
Mid terrace,West Midlands,Mid terraceWest Midlands," 3,100 "," 3,600 "," 70,330 ","3,100","3,700","73,070","3,100","3,700","74,380","3,100","3,700","63,690","3,200","3,800","64,380","3,200","3,800","68,020","3,200","3,800","67,450","3,200","3,900","67,000","3,300","4,000","67,240","3,400","4,100","67,540","3,600","4,500","41,260"," 10,800 "," 11,700 "," 72,050 ","10,800","11,700","72,170","11,100","11,900","67,230","11,500","12,400","57,660","11,600","12,600","60,100","12,400","13,400","61,270","12,600","13,500","65,550","13,900","14,800","59,420","14,400","15,400","59,210","14,900","15,800","57,300","15,600","16,600","56,050"
Bungalow,West Midlands,BungalowWest Midlands," 2,800 "," 3,600 "," 28,290 ","2,800","3,700","30,290","2,800","3,600","32,170","2,800","3,700","27,610","2,900","3,800","27,760","2,900","3,800","28,830","2,900","3,800","28,760","2,900","3,900","28,590","3,000","4,100","28,740","3,100","4,100","28,810","3,100","4,200","14,510"," 11,800 "," 13,000 "," 27,310 ","11,800","13,000","27,340","12,100","13,300","26,070","12,600","13,900","22,340","12,700","13,900","23,290","13,400","14,600","23,990","13,600","14,900","24,900","15,000","16,300","23,130","15,600","16,900","23,120","16,200","17,500","22,570","16,900","18,200","22,180"
Converted flat,West Midlands,Converted flatWest Midlands," 2,600 "," 3,900 "," 3,380 ","2,600","4,200","3,560","2,600","3,700","5,080","2,900","4,400","4,950","2,800","4,400","5,050","2,900","4,300","3,930","2,900","4,300","3,830","2,900","4,300","3,840","3,000","4,600","3,830","3,000","4,500","3,830","3,400","5,200","1,580"," 7,100 "," 8,600 "," 2,550 ","7,000","8,500","2,600","7,400","8,800","2,390","7,800","10,000","2,850","8,100","10,400","3,000","8,600","10,500","2,130","8,500","10,400","2,390","9,600","11,500","2,010","9,700","11,700","2,030","10,300","12,100","1,970","11,000","12,800","1,890"
Purpose built flat,West Midlands,Purpose built flatWest Midlands," 2,400 "," 3,500 "," 37,530 ","2,600","3,800","39,850","2,500","3,600","46,960","2,600","3,800","40,010","2,600","3,800","40,540","2,700","3,900","41,870","2,700","3,900","41,520","2,700","4,000","41,190","2,800","4,200","41,010","2,900","4,100","40,600","2,900","4,300","19,260"," 6,200 "," 6,800 "," 27,600 ","6,200","6,800","27,740","6,400","7,000","25,540","6,600","7,300","22,480","6,800","7,500","23,400","7,300","8,000","23,110","7,400","8,100","25,490","8,200","8,900","22,330","8,600","9,500","22,560","8,900","9,700","21,000","9,800","10,400","20,560"
Detached,East of England,DetachedEast of England," 4,300 "," 5,200 "," 79,630 ","4,400","5,500","80,390","4,400","5,300","81,880","4,500","5,500","73,870","4,600","5,600","74,340","4,700","5,600","77,030","4,600","5,600","76,520","4,700","5,600","76,100","4,900","5,900","76,060","5,000","5,900","75,740","5,000","6,000","75,250"," 17,300 "," 18,800 "," 64,730 ","17,200","18,600","64,880","17,700","19,100","60,510","18,300","19,800","54,220","18,100","19,600","56,820","19,500","20,900","55,930","19,400","20,900","58,770","20,900","22,200","56,210","21,500","22,800","53,900","22,200","23,400","51,120","22,700","24,200","52,940"
Semi detached,East of England,Semi detachedEast of England," 3,600 "," 4,300 "," 101,540 ","3,600","4,400","100,960","3,700","4,300","101,790","3,700","4,400","88,700","3,800","4,500","89,440","3,800","4,500","93,950","3,800","4,500","93,120","3,800","4,600","92,630","4,000","4,800","92,650","4,100","4,900","92,570","4,100","5,000","92,060"," 13,200 "," 14,000 "," 89,400 ","13,100","13,900","89,540","13,500","14,300","84,180","14,000","14,900","72,180","13,900","14,800","75,480","15,100","15,900","76,560","15,100","16,000","80,880","16,400","17,300","75,800","17,100","17,900","74,380","17,700","18,400","72,060","18,600","19,300","71,920"
End terrace,East of England,End terraceEast of England," 3,300 "," 4,000 "," 42,030 ","3,400","4,100","41,730","3,400","4,000","42,040","3,400","4,100","36,460","3,500","4,200","36,680","3,500","4,200","38,470","3,400","4,200","38,070","3,500","4,300","37,740","3,700","4,500","37,700","3,700","4,600","37,410","3,700","4,600","37,030"," 11,500 "," 12,300 "," 38,130 ","11,400","12,200","38,170","11,700","12,500","35,630","12,200","13,000","30,600","12,200","13,000","32,090","13,200","14,000","31,610","13,200","14,000","33,680","14,300","15,100","31,920","15,000","15,800","30,990","15,500","16,200","29,620","16,100","17,100","30,020"
Mid terrace,East of England,Mid terraceEast of England," 3,100 "," 3,800 "," 72,670 ","3,100","3,800","71,880","3,200","3,800","72,260","3,100","3,800","62,470","3,200","3,900","62,960","3,300","4,000","66,140","3,200","4,000","65,330","3,300","4,000","64,970","3,400","4,300","64,830","3,500","4,300","64,460","3,500","4,400","63,950"," 10,200 "," 10,900 "," 66,710 ","10,100","10,800","66,680","10,400","11,100","62,500","10,800","11,500","53,390","10,900","11,600","55,660","11,800","12,400","55,500","11,800","12,500","59,310","12,900","13,600","55,280","13,500","14,200","54,080","14,000","14,700","52,090","14,600","15,400","52,120"
Bungalow,East of England,BungalowEast of England," 3,100 "," 4,100 "," 57,950 ","3,100","4,200","58,240","3,100","4,100","59,110","3,100","4,300","52,290","3,200","4,300","52,610","3,200","4,300","55,050","3,200","4,300","54,730","3,100","4,400","54,530","3,300","4,600","54,580","3,400","4,600","54,550","3,400","4,700","54,320"," 12,400 "," 13,400 "," 43,940 ","12,200","13,200","44,170","12,500","13,600","42,060","13,000","14,100","36,600","12,900","14,000","38,370","13,900","15,000","39,330","14,000","15,100","41,050","15,300","16,300","38,680","15,900","17,000","38,280","16,300","17,400","37,340","17,300","18,300","37,010"
Converted flat,East of England,Converted flatEast of England," 2,800 "," 4,200 "," 5,670 ","2,800","4,200","5,740","2,800","3,900","6,640","2,900","4,400","6,590","2,900","4,200","6,640","2,900","4,200","5,380","2,800","4,100","5,300","2,900","4,300","5,270","3,000","4,500","5,140","3,100","4,500","5,040","3,200","4,600","4,930"," 8,100 "," 9,300 "," 3,730 ","7,900","9,200","3,760","8,200","9,500","3,480","9,100","11,000","4,250","9,000","10,900","4,430","9,500","10,900","3,360","9,600","11,000","3,720","10,600","12,100","3,210","10,800","12,500","3,180","11,300","13,000","3,020","12,000","13,800","2,950"
Purpose built flat,East of England,Purpose built flatEast of England," 2,500 "," 3,700 "," 55,890 ","2,600","3,800","55,810","2,500","3,500","56,840","2,600","3,700","48,850","2,600","3,700","49,110","2,700","3,800","49,870","2,600","3,800","49,340","2,700","3,900","48,790","2,800","4,100","48,220","2,800","4,000","46,930","2,900","4,100","45,450"," 6,300 "," 7,000 "," 32,740 ","6,300","6,900","32,850","6,500","7,100","30,320","6,800","7,400","25,570","6,800","7,500","26,660","7,500","8,100","25,810","7,400","8,200","28,430","8,100","8,900","25,390","8,700","9,400","25,180","9,000","9,700","23,720","9,900","10,400","23,350"
Detached,London,DetachedLondon," 5,100 "," 6,200 "," 20,360 ","5,300","6,700","20,640","5,200","6,300","20,710","5,300","6,400","19,050","5,400","6,500","19,270","5,400","6,500","20,470","5,400","6,500","20,280","5,500","6,500","20,340","5,700","6,700","20,300","5,800","6,800","20,270","5,800","6,800","20,170"," 24,600 "," 25,500 "," 18,680 ","24,300","25,300","18,850","25,200","26,000","17,230","25,600","26,300","15,540","25,200","26,000","16,550","26,900","27,400","16,440","26,900","27,300","17,880","28,700","28,700","15,590","29,000","29,100","14,940","29,800","29,700","14,580","30,600","30,300","14,110"
Semi detached,London,Semi detachedLondon," 4,000 "," 4,700 "," 81,070 ","4,100","4,900","80,630","4,100","4,800","81,120","4,100","4,800","73,790","4,300","4,900","74,530","4,300","4,900","79,140","4,200","4,900","78,360","4,200","4,900","78,340","4,400","5,100","78,440","4,500","5,200","78,410","4,500","5,200","78,060"," 17,800 "," 18,900 "," 80,400 ","17,600","18,700","80,760","18,200","19,300","75,410","18,700","19,700","67,400","18,500","19,500","71,090","19,900","20,900","72,180","19,900","20,800","77,750","21,600","22,400","70,310","22,000","22,900","68,850","22,700","23,500","68,090","23,600","24,300","66,970"
End terrace,London,End terraceLondon," 3,600 "," 4,300 "," 44,750 ","3,700","4,400","44,470","3,700","4,300","44,820","3,700","4,400","40,050","3,800","4,500","40,490","3,800","4,500","43,100","3,800","4,500","42,640","3,800","4,500","42,620","3,900","4,700","42,590","4,000","4,700","42,510","4,000","4,800","42,360"," 14,800 "," 15,800 "," 44,120 ","14,600","15,600","44,310","15,100","16,100","41,380","15,500","16,400","36,530","15,500","16,500","38,440","16,600","17,600","38,870","16,600","17,600","42,100","18,100","19,000","38,000","18,600","19,500","37,170","19,300","20,100","36,840","20,200","20,900","36,470"
Mid terrace,London,Mid terraceLondon," 3,400 "," 4,100 "," 116,580 ","3,500","4,200","115,580","3,500","4,100","116,510","3,500","4,200","102,820","3,600","4,200","104,040","3,600","4,300","111,540","3,600","4,300","110,250","3,600","4,300","110,110","3,700","4,400","110,200","3,800","4,500","110,150","3,800","4,500","109,460"," 13,200 "," 14,300 "," 115,200 ","13,100","14,200","115,560","13,500","14,700","107,670","13,800","15,000","94,150","13,800","15,000","98,710","14,900","16,100","100,600","15,000","16,100","109,010","16,300","17,400","98,230","16,700","17,900","96,240","17,300","18,300","95,270","18,000","19,000","94,340"
Bungalow,London,BungalowLondon," 3,200 "," 4,000 "," 9,580 ","3,300","4,200","9,570","3,300","4,100","9,690","3,200","4,100","8,830","3,300","4,100","8,930","3,300","4,100","9,480","3,300","4,100","9,420","3,300","4,100","9,420","3,400","4,300","9,410","3,400","4,300","9,370","3,500","4,400","9,360"," 15,300 "," 16,300 "," 9,300 ","15,100","16,100","9,390","15,700","16,700","8,930","16,000","17,000","8,000","15,800","16,800","8,390","17,100","18,000","8,630","17,100","18,000","9,180","18,700","19,500","8,370","19,000","19,800","8,230","19,500","20,300","8,160","20,300","21,100","8,140"
Converted flat,London,Converted flatLondon," 2,700 "," 4,100 "," 20,860 ","2,900","4,600","21,920","2,400","3,200","43,810","2,500","3,500","40,180","2,500","3,500","40,720","2,600","3,600","29,280","2,600","3,600","28,950","2,600","3,700","28,910","2,700","3,700","28,590","2,800","3,800","28,380","2,800","3,900","27,950"," 8,900 "," 10,300 "," 29,300 ","9,000","10,400","29,920","9,300","10,800","27,230","9,500","11,000","33,670","9,600","11,100","35,370","10,600","12,200","22,420","10,500","12,100","25,390","11,500","13,100","21,630","11,900","13,600","21,120","12,200","13,900","20,870","13,100","14,700","20,350"
Purpose built flat,London,Purpose built flatLondon," 2,400 "," 3,300 "," 176,390 ","2,500","3,500","175,480","2,500","3,300","183,890","2,500","3,400","161,980","2,600","3,400","164,440","2,600","3,500","171,420","2,600","3,500","169,420","2,600","3,600","169,060","2,700","3,600","167,710","2,700","3,600","165,260","2,800","3,700","162,710"," 7,700 "," 8,400 "," 125,420 ","7,600","8,300","126,410","7,900","8,600","115,210","8,100","8,800","104,410","8,200","9,000","109,640","8,900","9,600","107,480","8,800","9,600","123,260","9,700","10,500","104,610","10,100","11,000","103,080","10,500","11,200","101,380","11,100","11,800","98,560"
Detached,South East,DetachedSouth East," 4,400 "," 5,300 "," 119,370 ","4,500","5,600","120,530","4,500","5,400","125,520","4,600","5,600","112,080","4,800","5,700","113,020","4,800","5,700","118,050","4,800","5,700","116,880","4,800","5,800","116,220","5,100","6,000","115,220","5,200","6,100","116,140","5,200","6,100","114,780"," 18,100 "," 19,600 "," 107,230 ","18,000","19,500","107,640","18,400","19,900","100,290","19,000","20,600","88,830","18,800","20,300","93,520","20,000","21,500","93,850","20,100","21,600","99,220","21,900","23,300","90,610","22,600","23,900","86,590","23,300","24,500","84,920","23,800","25,100","85,050"
Semi detached,South East,Semi detachedSouth East," 3,600 "," 4,300 "," 142,880 ","3,700","4,400","141,990","3,700","4,300","145,680","3,700","4,400","125,650","3,800","4,500","126,560","3,800","4,500","133,030","3,800","4,500","131,450","3,900","4,600","131,160","4,000","4,800","129,910","4,100","4,800","130,670","4,100","4,900","129,270"," 12,900 "," 13,800 "," 134,550 ","12,800","13,700","134,930","13,200","14,100","126,300","13,700","14,600","107,450","13,600","14,500","113,180","14,700","15,500","114,430","14,800","15,700","122,450","16,300","17,100","111,020","17,000","17,900","107,110","17,500","18,300","107,110","18,200","19,000","105,730"
End terrace,South East,End terraceSouth East," 3,300 "," 4,000 "," 56,370 ","3,400","4,100","55,980","3,400","4,000","57,160","3,400","4,100","49,320","3,500","4,200","49,640","3,500","4,200","51,810","3,500","4,200","51,320","3,500","4,300","51,080","3,700","4,400","50,330","3,700","4,500","50,510","3,800","4,600","49,890"," 11,100 "," 11,900 "," 53,060 ","11,100","11,800","52,980","11,400","12,100","49,280","11,800","12,600","42,080","11,800","12,600","44,360","12,700","13,500","44,200","12,800","13,600","47,510","14,000","14,900","43,150","14,700","15,600","41,450","15,200","16,000","40,930","15,700","16,600","40,910"
Mid terrace,South East,Mid terraceSouth East," 3,100 "," 3,800 "," 105,030 ","3,200","3,800","103,770","3,200","3,800","105,430","3,200","3,800","90,750","3,300","3,900","91,450","3,300","3,900","95,920","3,300","4,000","94,710","3,300","4,000","94,290","3,500","4,200","93,290","3,500","4,200","93,780","3,600","4,300","92,860"," 10,000 "," 10,700 "," 99,290 ","10,000","10,600","99,270","10,200","10,900","92,250","10,600","11,300","78,610","10,700","11,400","82,490","11,600","12,300","82,550","11,600","12,300","89,380","12,700","13,500","80,460","13,300","14,100","77,020","13,800","14,500","77,110","14,300","15,100","76,220"
Bungalow,South East,BungalowSouth East," 3,200 "," 4,100 "," 66,310 ","3,200","4,200","66,660","3,200","4,100","68,660","3,300","4,200","59,710","3,300","4,300","60,110","3,300","4,400","63,150","3,300","4,400","62,620","3,300","4,400","62,440","3,500","4,600","61,910","3,500","4,600","62,460","3,600","4,700","62,010"," 13,000 "," 14,200 "," 59,590 ","12,800","14,000","60,080","13,100","14,400","56,980","13,700","14,900","48,370","13,500","14,800","51,010","14,600","15,800","51,980","14,600","15,900","54,790","16,100","17,400","50,360","16,800","18,100","48,260","17,300","18,500","48,780","18,100","19,200","48,100"
Converted flat,South East,Converted flatSouth East," 2,700 "," 3,900 "," 12,240 ","2,800","4,500","12,630","2,600","3,700","19,410","2,700","4,000","18,200","2,800","4,000","18,440","2,800","4,000","14,890","2,800","4,000","14,630","2,800","4,100","14,580","2,900","4,200","14,180","3,000","4,200","14,050","3,100","4,400","13,720"," 7,900 "," 9,600 "," 10,100 ","7,900","9,700","10,440","8,100","9,900","9,580","8,600","10,500","10,710","8,600","10,500","11,160","9,500","11,200","8,280","9,200","11,000","9,240","10,200","12,100","7,890","10,800","12,800","7,340","11,100","13,100","7,240","11,900","13,900","7,110"
Purpose built flat,South East,Purpose built flatSouth East," 2,600 "," 3,700 "," 87,120 ","2,600","3,700","86,830","2,600","3,600","93,640","2,600","3,800","80,850","2,700","3,700","81,490","2,700","3,800","81,850","2,700","3,800","81,080","2,800","3,900","80,690","2,900","4,000","78,840","2,900","3,900","77,730","2,900","4,100","75,590"," 6,300 "," 7,000 "," 51,280 ","6,300","6,900","51,430","6,500","7,100","47,100","6,700","7,300","40,690","6,700","7,400","42,820","7,400","8,000","40,380","7,400","8,100","45,360","8,100","8,800","39,350","8,700","9,400","37,810","9,000","9,600","37,000","9,700","10,200","36,380"
Detached,South West,DetachedSouth West," 4,100 "," 5,000 "," 64,970 ","4,200","5,400","69,100","4,200","5,200","72,140","4,300","5,300","65,850","4,400","5,400","66,380","4,500","5,500","67,250","4,500","5,500","66,780","4,500","5,500","66,390","4,700","5,700","65,550","4,800","5,800","66,250","4,900","5,900","59,640"," 14,800 "," 16,200 "," 51,010 ","14,900","16,200","51,170","15,300","16,700","47,650","15,900","17,300","43,130","15,600","17,000","45,330","16,900","18,300","45,850","17,100","18,500","47,810","18,800","20,100","44,130","19,500","20,800","43,070","20,400","21,700","41,060","21,000","22,400","40,850"
Semi detached,South West,Semi detachedSouth West," 3,600 "," 4,400 "," 83,460 ","3,600","4,500","87,030","3,700","4,400","89,020","3,700","4,500","77,840","3,800","4,500","78,500","3,800","4,600","81,650","3,800","4,600","81,110","3,800","4,600","80,500","4,000","4,900","79,880","4,100","5,000","80,520","4,200","5,100","73,130"," 10,900 "," 11,800 "," 74,220 ","11,000","11,800","74,460","11,400","12,200","69,840","11,700","12,600","60,130","11,500","12,400","63,160","12,700","13,600","63,980","12,900","13,800","67,500","14,400","15,300","61,760","14,900","15,900","60,390","15,700","16,500","59,660","16,500","17,300","57,880"
End terrace,South West,End terraceSouth West," 3,300 "," 4,200 "," 34,750 ","3,400","4,300","36,180","3,400","4,200","36,940","3,400","4,300","32,260","3,500","4,300","32,580","3,500","4,400","33,700","3,500","4,400","33,440","3,500","4,400","33,210","3,700","4,600","32,720","3,800","4,700","32,790","3,900","4,900","30,420"," 9,600 "," 10,500 "," 30,480 ","9,700","10,600","30,570","10,000","10,900","28,340","10,300","11,300","24,480","10,200","11,200","25,700","11,300","12,200","25,860","11,400","12,400","27,390","12,600","13,600","24,910","13,300","14,200","24,330","13,800","14,700","23,690","14,500","15,500","23,010"
Mid terrace,South West,Mid terraceSouth West," 3,100 "," 3,900 "," 65,410 ","3,200","4,000","67,750","3,200","4,000","68,930","3,200","4,000","60,070","3,300","4,100","60,630","3,300","4,100","63,240","3,300","4,100","62,740","3,300","4,200","62,310","3,500","4,400","61,560","3,600","4,400","61,970","3,700","4,600","57,920"," 8,900 "," 9,800 "," 59,260 ","9,000","9,900","59,480","9,300","10,200","55,260","9,700","10,500","47,210","9,500","10,400","49,530","10,500","11,400","49,770","10,600","11,500","53,120","11,800","12,700","48,060","12,300","13,300","46,790","12,900","13,800","45,990","13,600","14,500","44,360"
Bungalow,South West,BungalowSouth West," 3,200 "," 4,300 "," 50,600 ","3,300","4,400","53,260","3,300","4,300","54,860","3,300","4,500","48,750","3,400","4,500","49,110","3,400","4,500","50,480","3,400","4,600","50,290","3,400","4,600","50,000","3,500","4,800","49,420","3,600","4,800","50,260","3,700","5,000","47,160"," 11,400 "," 12,400 "," 38,520 ","11,400","12,400","38,760","11,700","12,700","36,960","12,200","13,100","32,090","12,000","13,000","33,550","13,100","14,000","34,510","13,200","14,200","35,820","14,700","15,700","33,350","15,400","16,400","32,720","16,100","17,000","32,440","16,900","17,800","31,030"
Converted flat,South West,Converted flatSouth West," 2,800 "," 4,000 "," 8,880 ","2,900","4,400","9,490","2,700","3,800","14,400","2,800","4,200","13,950","2,900","4,100","14,150","2,900","4,200","11,180","2,900","4,200","11,050","2,900","4,200","11,070","3,100","4,400","10,690","3,100","4,400","10,660","3,300","4,700","9,880"," 7,100 "," 8,800 "," 6,560 ","7,300","8,800","6,740","7,500","9,000","6,250","8,000","10,100","7,580","7,900","10,100","7,940","8,900","10,600","5,940","8,800","10,600","6,490","9,800","11,800","5,700","10,200","12,300","5,500","10,700","12,600","5,370","11,500","13,500","5,140"
Purpose built flat,South West,Purpose built flatSouth West," 2,600 "," 3,700 "," 38,170 ","2,600","3,700","39,770","2,600","3,600","44,570","2,700","3,700","38,910","2,700","3,700","39,260","2,800","3,800","38,750","2,800","3,900","38,540","2,800","3,900","38,390","2,900","4,100","37,380","3,000","4,000","36,860","3,100","4,300","33,320"," 5,500 "," 6,100 "," 21,790 ","5,500","6,100","21,910","5,700","6,400","20,080","5,900","6,600","17,320","5,800","6,600","18,400","6,600","7,200","17,350","6,600","7,400","19,260","7,300","8,100","16,640","7,900","8,600","16,450","8,200","8,900","15,820","9,000","9,500","15,090"
Detached,Wales,DetachedWales," 4,000 "," 4,800 "," 31,680 ","4,100","5,100","34,830","4,200","5,000","37,110","4,200","5,100","32,690","4,400","5,200","32,980", n/a , n/a , n/a , n/a , n/a , n/a , n/a , n/a , n/a , n/a , n/a , n/a , n/a , n/a , n/a , n/a , n/a , n/a ," 15,700 "," 16,900 "," 23,970 ","16,100","17,200","24,060","16,700","17,900","21,940","17,200","18,400","19,920","16,900","18,200","21,280", n/a , n/a , n/a , n/a , n/a , n/a , n/a , n/a , n/a , n/a , n/a , n/a , n/a , n/a , n/a , n/a , n/a , n/a 
Semi detached,Wales,Semi detachedWales," 3,300 "," 3,800 "," 57,840 ","3,300","3,800","60,790","3,300","3,800","62,010","3,300","3,800","53,090","3,400","3,900","53,460", n/a , n/a , n/a , n/a , n/a , n/a , n/a , n/a , n/a , n/a , n/a , n/a , n/a , n/a , n/a , n/a , n/a , n/a ," 11,700 "," 12,500 "," 55,140 ","12,000","12,700","55,290","12,500","13,300","52,340","13,100","13,800","44,120","13,000","13,900","46,180", n/a , n/a , n/a , n/a , n/a , n/a , n/a , n/a , n/a , n/a , n/a , n/a , n/a , n/a , n/a , n/a , n/a , n/a 
End terrace,Wales,End terraceWales," 3,100 "," 3,700 "," 19,240 ","3,200","3,700","20,270","3,200","3,700","20,690","3,200","3,700","17,870","3,300","3,800","18,000", n/a , n/a , n/a , n/a , n/a , n/a , n/a , n/a , n/a , n/a , n/a , n/a , n/a , n/a , n/a , n/a , n/a , n/a ," 11,000 "," 12,000 "," 18,580 ","11,400","12,200","18,620","11,700","12,700","17,510","12,400","13,400","14,880","12,500","13,500","15,580", n/a , n/a , n/a , n/a , n/a , n/a , n/a , n/a , n/a , n/a , n/a , n/a , n/a , n/a , n/a , n/a , n/a , n/a 
Mid terrace,Wales,Mid terraceWales," 3,000 "," 3,400 "," 48,850 ","3,000","3,500","51,160","3,000","3,400","51,800","3,000","3,500","44,440","3,000","3,500","44,830", n/a , n/a , n/a , n/a , n/a , n/a , n/a , n/a , n/a , n/a , n/a , n/a , n/a , n/a , n/a , n/a , n/a , n/a ," 10,400 "," 11,200 "," 48,790 ","10,700","11,400","48,930","11,200","11,900","46,100","11,700","12,400","38,610","11,800","12,500","40,440", n/a , n/a , n/a , n/a , n/a , n/a , n/a , n/a , n/a , n/a , n/a , n/a , n/a , n/a , n/a , n/a , n/a , n/a 
Bungalow,Wales,BungalowWales," 3,000 "," 3,800 "," 23,570 ","3,000","3,900","25,150","3,100","3,900","26,450","3,000","4,000","23,080","3,100","4,000","23,190", n/a , n/a , n/a , n/a , n/a , n/a , n/a , n/a , n/a , n/a , n/a , n/a , n/a , n/a , n/a , n/a , n/a , n/a ," 12,000 "," 12,900 "," 17,790 ","12,100","13,100","17,860","12,600","13,500","17,010","13,100","14,000","14,780","13,000","14,000","15,490", n/a , n/a , n/a , n/a , n/a , n/a , n/a , n/a , n/a , n/a , n/a , n/a , n/a , n/a , n/a , n/a , n/a , n/a 
Converted flat,Wales,Converted flatWales," 2,200 "," 3,300 "," 2,580 ","2,400","3,600","2,780","2,300","3,200","4,070","2,400","4,000","4,090","2,500","3,900","4,110", n/a , n/a , n/a , n/a , n/a , n/a , n/a , n/a , n/a , n/a , n/a , n/a , n/a , n/a , n/a , n/a , n/a , n/a ," 6,100 "," 7,700 "," 2,130 ","6,500","7,900","2,170","6,800","8,300","2,040","7,600","10,000","2,740","7,800","10,400","2,880", n/a , n/a , n/a , n/a , n/a , n/a , n/a , n/a , n/a , n/a , n/a , n/a , n/a , n/a , n/a , n/a , n/a , n/a 
Purpose built flat,Wales,Purpose built flatWales," 2,100 "," 2,900 "," 16,580 ","2,100","2,900","17,570","2,100","2,800","18,110","2,100","3,000","15,500","2,100","3,000","15,650", n/a , n/a , n/a , n/a , n/a , n/a , n/a , n/a , n/a , n/a , n/a , n/a , n/a , n/a , n/a , n/a , n/a , n/a ," 5,600 "," 6,300 "," 11,970 ","5,700","6,400","12,060","6,000","6,700","11,300","6,200","7,000","9,590","6,400","7,200","10,060", n/a , n/a , n/a , n/a , n/a , n/a , n/a , n/a , n/a , n/a , n/a , n/a , n/a , n/a , n/a , n/a , n/a , n/a 
1 bedroom,50 or less,1 bedroom50 or less," 2,000 "," 3,000 "," 272,040 ","2,000","3,100","280,730","2,000","2,900","321,270","2,000","3,000","279,550","2,100","3,000","283,250","2,100","3,100","265,220","2,100","3,100","262,390","2,100","3,200","261,140","2,200","3,300","258,750","2,200","3,300","256,370","2,200","3,400","226,660"," 5,400 "," 6,200 "," 174,410 ","5,500","6,200","176,070","5,600","6,400","161,980","5,900","6,700","147,410","6,000","6,900","154,250","6,500","7,300","134,370","6,600","7,400","151,340","7,300","8,200","130,850","7,800","8,600","129,570","8,000","8,800","126,580","8,700","9,500","121,910"
2 bedrooms,50 or less,2 bedrooms50 or less," 2,600 "," 3,700 "," 173,400 ","2,700","3,800","177,710","2,600","3,600","195,640","2,600","3,800","168,190","2,700","3,800","170,060","2,800","3,900","158,880","2,700","3,900","157,120","2,800","4,000","156,000","2,900","4,100","153,450","2,900","4,100","149,100","2,900","4,200","133,850"," 7,200 "," 7,900 "," 124,050 ","7,200","7,900","124,930","7,500","8,100","114,020","7,700","8,400","101,810","7,800","8,600","106,830","8,500","9,100","94,380","8,500","9,200","105,240","9,300","10,000","92,240","9,900","10,600","90,660","10,300","10,900","86,450","11,100","11,600","84,970"
3 bedrooms,50 or less,3 bedrooms50 or less," 3,000 "," 3,900 "," 7,020 ","3,100","4,300","7,370","3,100","4,000","8,040","2,800","3,800","4,790","2,900","3,800","4,890","2,900","3,700","4,620","2,900","3,700","4,550","2,900","3,800","4,520","3,100","4,000","4,490","3,100","3,900","4,500","3,100","4,100","4,230"," 10,200 "," 11,500 "," 6,390 ","10,300","11,600","6,650","10,600","11,800","6,160","9,600","10,400","3,760","9,700","10,500","3,970","10,500","11,200","3,520","10,400","11,100","3,970","11,600","12,300","3,390","12,000","12,800","3,350","12,500","13,300","3,270","13,400","14,100","3,240"
4 bedrooms,50 or less,4 bedrooms50 or less," 5,000 "," 6,100 "," 1,520 ","5,300","6,800","1,730","5,000","6,200","1,820","3,200","4,600",160,"3,400","4,700",160,"3,600","4,100",120,"3,700","4,300",110,"3,800","4,200",110,"3,900","4,800",110,"3,700","4,700",110,"4,000","4,700",100," 18,900 "," 20,600 "," 1,390 ","18,900","20,400","1,490","19,300","20,800","1,360","12,000","14,900",110,"13,600","15,600",120,"14,000","15,500",90,"13,400","14,900",100,"16,200","16,900",80,"16,400","17,500",80,"18,300","18,700",80,"17,300","18,700",70
5 or more bedrooms,50 or less,5 or more bedrooms50 or less," 7,700 "," 9,200 ", 760 ,"8,800","11,900","1,030","7,800","9,200",970,"2,800","4,100",50,"3,400","4,400",40,"3,400","3,700",40,"3,200","4,600",30,"2,700","4,500",40,"2,900","4,700",30,"3,600","4,700",30,"3,500","5,400",30," 27,400 "," 26,800 ", 610 ,"27,800","27,300",670,"28,600","27,500",580,                 -  ,                 -  ,                 -  , - , - , - , - , - , - , - , - , - , - , - , - , - , - , - , - , - , - , - , - , - 
1 bedroom,51 to 100,1 bedroom51 to 100," 2,100 "," 3,100 "," 57,890 ","2,200","3,200","60,560","2,200","3,100","65,220","2,200","3,300","57,480","2,300","3,300","58,040","2,200","3,300","56,310","2,200","3,300","55,730","2,200","3,400","55,390","2,300","3,500","55,260","2,300","3,500","55,450","2,400","3,600","48,640"," 7,900 "," 8,600 "," 50,250 ","7,900","8,600","50,860","8,200","8,900","47,700","8,500","9,300","41,980","8,600","9,500","43,790","9,300","10,100","41,260","9,400","10,200","44,300","10,400","11,300","39,970","11,000","11,800","39,530","11,300","12,100","38,630","11,900","12,800","37,510"
2 bedrooms,51 to 100,2 bedrooms51 to 100," 2,700 "," 3,400 "," 767,330 ","2,700","3,500","798,950","2,700","3,400","828,010","2,700","3,500","718,740","2,800","3,600","725,280","2,800","3,600","717,460","2,800","3,600","710,630","2,800","3,700","706,160","2,900","3,800","704,190","3,000","3,900","703,300","3,000","4,000","615,830"," 9,700 "," 10,400 "," 712,050 ","9,700","10,400","720,170","10,100","10,700","671,870","10,500","11,100","580,240","10,500","11,200","606,850","11,300","12,000","581,980","11,400","12,200","624,740","12,600","13,400","567,550","13,200","14,000","559,540","13,700","14,400","544,350","14,400","15,200","536,140"
3 bedrooms,51 to 100,3 bedrooms51 to 100," 3,300 "," 3,800 "," 1,082,510 ","3,300","3,900","1,127,250","3,300","3,800","1,145,700","3,300","3,900","983,100","3,400","4,000","990,560","3,400","4,000","984,370","3,400","4,000","975,820","3,400","4,100","969,260","3,600","4,200","970,200","3,700","4,300","972,030","3,700","4,400","861,390"," 11,500 "," 12,100 "," 1,069,480 ","11,600","12,200","1,085,110","12,000","12,500","1,017,160","12,500","13,000","863,820","12,500","13,000","902,320","13,500","14,000","866,950","13,600","14,200","922,030","15,000","15,600","847,800","15,600","16,200","834,100","16,300","16,800","815,730","17,100","17,600","804,210"
4 bedrooms,51 to 100,4 bedrooms51 to 100," 3,600 "," 4,300 "," 21,210 ","3,700","4,400","21,770","3,700","4,300","22,560","3,700","4,500","20,230","3,900","4,600","20,450","3,900","4,500","19,990","3,900","4,600","19,780","3,900","4,600","19,710","4,100","4,800","19,650","4,200","4,800","19,720","4,200","5,000","17,960"," 13,300 "," 13,900 "," 20,500 ","13,300","14,000","20,540","13,800","14,500","19,160","14,300","14,900","17,240","14,200","14,900","18,060","15,400","16,000","17,140","15,500","16,100","18,380","17,100","17,800","16,700","17,800","18,400","16,380","18,500","19,000","16,120","19,400","19,900","15,850"
5 or more bedrooms,51 to 100,5 or more bedrooms51 to 100," 4,100 "," 4,900 "," 1,260 ","4,300","5,600","1,330","4,300","5,300","1,460","4,400","5,500","1,390","4,500","5,700","1,400","4,300","5,300","1,280","4,400","5,300","1,260","4,300","5,300","1,260","4,400","5,400","1,250","4,600","5,600","1,230","4,600","5,600","1,140"," 14,600 "," 15,400 "," 1,170 ","14,600","15,600","1,170","15,400","16,000","1,090","15,500","16,400","1,060","15,600","16,700","1,110","16,900","17,900","1,010","16,900","17,900","1,090","18,900","19,700",980,"19,900","20,300",940,"20,300","21,000",920,"21,000","21,200",930
1 bedroom,101 to 150,1 bedroom101 to 150," 3,700 "," 4,600 "," 1,150 ","3,700","4,800","1,290","3,800","4,700","1,380","3,900","5,100","1,200","4,000","5,100","1,220","4,200","5,100","1,130","4,100","5,100","1,120","4,100","5,200","1,120","4,100","5,400","1,100","4,400","5,300","1,100","4,600","5,600",980," 15,300 "," 16,600 ", 990 ,"15,700","16,700","1,050","15,800","17,100",970,"16,800","17,700",870,"16,800","17,600",900,"17,800","18,800",840,"18,200","18,800",890,"20,000","20,200",810,"20,400","21,200",800,"21,200","21,400",790,"22,000","22,800",770
2 bedrooms,101 to 150,2 bedrooms101 to 150," 3,400 "," 4,200 "," 80,190 ","3,500","4,400","84,400","3,500","4,300","87,680","3,500","4,400","78,090","3,600","4,400","78,900","3,700","4,500","75,670","3,600","4,500","74,810","3,700","4,500","74,280","3,800","4,700","74,270","3,900","4,800","74,700","4,000","5,000","64,350"," 15,000 "," 15,700 "," 72,070 ","15,000","15,700","72,980","15,500","16,200","68,350","16,000","16,800","60,280","15,900","16,700","63,070","17,300","18,000","59,860","17,400","18,100","63,920","19,200","19,900","57,680","19,900","20,600","56,930","20,700","21,200","55,590","21,600","22,100","54,380"
3 bedrooms,101 to 150,3 bedrooms101 to 150," 3,600 "," 4,200 "," 684,590 ","3,700","4,300","703,790","3,700","4,300","718,550","3,700","4,300","627,190","3,800","4,400","632,050","3,800","4,500","611,640","3,800","4,500","606,110","3,800","4,500","602,170","4,000","4,700","601,810","4,100","4,800","602,220","4,200","4,900","532,850"," 14,500 "," 15,300 "," 659,510 ","14,600","15,400","658,870","15,100","15,900","616,610","15,700","16,500","533,270","15,600","16,400","559,050","16,900","17,700","526,550","17,100","17,800","558,020","18,800","19,600","513,320","19,400","20,200","504,710","20,300","20,900","491,160","21,200","21,800","484,760"
4 bedrooms,101 to 150,4 bedrooms101 to 150," 4,000 "," 4,600 "," 260,900 ","4,100","4,700","261,420","4,100","4,700","267,970","4,100","4,700","238,860","4,300","4,900","240,150","4,400","4,900","236,970","4,400","4,900","235,120","4,400","5,000","233,280","4,600","5,200","233,090","4,700","5,300","231,890","4,800","5,400","205,940"," 15,700 "," 16,500 "," 255,160 ","15,800","16,600","248,550","16,300","17,100","230,300","16,900","17,600","205,990","16,700","17,500","216,900","18,000","18,800","203,960","18,100","19,000","214,640","19,800","20,700","203,680","20,600","21,400","197,400","21,400","22,100","187,230","22,300","22,900","192,290"
5 or more bedrooms,101 to 150,5 or more bedrooms101 to 150," 4,400 "," 5,000 "," 15,910 ","4,400","5,200","15,410","4,500","5,100","15,860","4,600","5,300","14,670","4,700","5,400","14,780","4,700","5,400","15,080","4,700","5,400","14,950","4,800","5,500","14,820","5,100","5,800","14,880","5,200","5,900","14,870","5,200","6,000","13,490"," 17,500 "," 18,400 "," 15,430 ","17,700","18,600","14,550","18,200","19,100","13,610","18,900","19,900","12,550","18,700","19,700","13,180","20,300","21,100","13,060","20,400","21,200","13,850","22,400","23,000","12,580","23,000","23,700","12,300","23,900","24,400","11,950","24,900","25,400","11,850"
1 bedroom,151 to 200,1 bedroom151 to 200," 4,800 "," 6,200 ", 150 ,"5,100","6,300",160,"5,100","6,000",180,"4,800","6,200",160,"5,000","6,200",160,"5,400","6,500",150,"5,700","6,700",150,"5,500","6,600",150,"5,400","6,300",140,"5,100","6,400",150,"5,900","7,100",130," 21,600 "," 21,400 ", 110 ,"21,800","22,000",120,"22,500","22,100",110,"23,200","23,900",100,"24,800","25,400",100,"24,300","24,700",110,"24,600","24,800",120,"26,100","26,600",110,"25,300","25,700",110,"27,800","27,000",110,"27,600","27,500",80
2 bedrooms,151 to 200,2 bedrooms151 to 200," 4,400 "," 5,400 "," 4,790 ","4,600","5,900","5,270","4,600","5,600","5,690","4,800","5,800","5,260","4,900","5,900","5,340","4,900","6,000","4,960","4,900","6,000","4,920","4,900","6,000","4,890","5,100","6,200","4,850","5,100","6,200","4,880","5,300","6,500","4,200"," 20,800 "," 21,600 "," 3,600 ","20,700","21,400","3,730","21,700","22,200","3,460","22,300","22,900","3,240","22,000","22,700","3,400","23,700","24,300","3,110","24,000","24,500","3,320","26,100","26,300","2,910","26,800","26,900","2,790","27,700","27,500","2,750","28,600","28,300","2,630"
3 bedrooms,151 to 200,3 bedrooms151 to 200," 4,500 "," 5,400 "," 49,900 ","4,600","5,800","52,080","4,600","5,600","54,930","4,700","5,700","50,000","4,800","5,800","50,540","4,900","5,900","46,960","4,900","5,900","46,450","4,900","5,900","46,190","5,200","6,100","46,060","5,300","6,200","46,210","5,400","6,400","40,080"," 21,200 "," 22,000 "," 40,230 ","21,300","22,100","39,920","22,000","22,800","37,230","22,700","23,300","34,250","22,400","23,100","35,980","24,300","24,900","33,430","24,400","24,900","35,390","26,600","26,900","31,570","27,400","27,600","30,680","28,300","28,400","29,760","29,300","29,200","28,820"
4 bedrooms,151 to 200,4 bedrooms151 to 200," 4,600 "," 5,300 "," 119,460 ","4,700","5,600","118,650","4,700","5,500","123,430","4,800","5,600","111,910","5,000","5,700","112,780","5,000","5,800","108,480","5,000","5,800","107,580","5,100","5,800","106,740","5,300","6,100","106,470","5,400","6,200","106,210","5,500","6,300","94,760"," 20,600 "," 21,600 "," 106,640 ","20,800","21,800","102,260","21,500","22,500","94,260","22,100","23,100","86,570","21,700","22,800","91,240","23,500","24,400","85,070","23,600","24,500","89,720","25,600","26,300","82,690","26,200","26,900","79,740","27,300","27,900","75,190","27,800","28,400","76,190"
5 or more bedrooms,151 to 200,5 or more bedrooms151 to 200," 5,000 "," 5,700 "," 31,060 ","5,100","6,000","29,930","5,100","5,900","31,060","5,200","6,000","29,140","5,300","6,200","29,420","5,400","6,200","28,750","5,400","6,200","28,460","5,500","6,200","28,220","5,700","6,500","28,200","5,900","6,600","28,110","5,900","6,700","25,390"," 21,900 "," 22,900 "," 28,700 ","22,100","22,900","26,740","22,900","23,700","24,470","23,500","24,300","23,210","23,200","24,100","24,500","25,000","25,800","22,560","25,100","25,700","23,930","27,100","27,500","21,940","27,800","28,100","20,890","28,900","29,000","19,680","29,900","29,800","20,120"
1 bedroom,Over 200,1 bedroomOver 200," 4,600 "," 5,800 ", 50 ,"5,200","6,600",60,"5,200","5,800",60,"5,700","6,900",60,"6,000","6,500",60, n/a , n/a , n/a , n/a , n/a , n/a , n/a , n/a , n/a , n/a , n/a , n/a , n/a , n/a , n/a , n/a , n/a , n/a ," 23,200 "," 23,900 ", 30 ,"21,000","21,200",40,"19,700","19,300",30,                 -  ,                 -  ,                 -  , - , - , - , n/a , n/a , n/a , n/a , n/a , n/a , n/a , n/a , n/a , n/a , n/a , n/a , n/a , n/a , n/a , n/a , n/a , n/a 
2 bedrooms,Over 200,2 bedroomsOver 200," 5,500 "," 7,000 ", 770 ,"5,800","7,800",880,"5,800","7,000",940,"6,200","7,300",860,"6,300","7,300",870, n/a , n/a , n/a , n/a , n/a , n/a , n/a , n/a , n/a , n/a , n/a , n/a , n/a , n/a , n/a , n/a , n/a , n/a ," 25,100 "," 25,500 ", 460 ,"25,200","25,400",470,"26,000","26,300",440,"27,500","26,900",430,"28,000","27,200",450, n/a , n/a , n/a , n/a , n/a , n/a , n/a , n/a , n/a , n/a , n/a , n/a , n/a , n/a , n/a , n/a , n/a , n/a 
3 bedrooms,Over 200,3 bedroomsOver 200," 5,600 "," 6,800 "," 8,950 ","5,900","7,800","9,820","5,800","7,100","10,670","6,000","7,300","10,160","6,000","7,300","10,300", n/a , n/a , n/a , n/a , n/a , n/a , n/a , n/a , n/a , n/a , n/a , n/a , n/a , n/a , n/a , n/a , n/a , n/a ," 26,600 "," 26,800 "," 5,370 ","26,700","26,900","5,360","27,500","27,600","4,900","28,100","28,200","4,830","27,700","27,800","5,030", n/a , n/a , n/a , n/a , n/a , n/a , n/a , n/a , n/a , n/a , n/a , n/a , n/a , n/a , n/a , n/a , n/a , n/a 
4 bedrooms,Over 200,4 bedroomsOver 200," 5,700 "," 6,900 "," 36,170 ","6,000","7,700","37,490","6,000","7,200","40,170","6,100","7,300","38,590","6,300","7,500","38,980", n/a , n/a , n/a , n/a , n/a , n/a , n/a , n/a , n/a , n/a , n/a , n/a , n/a , n/a , n/a , n/a , n/a , n/a ," 27,000 "," 27,400 "," 24,820 ","27,200","27,500","23,720","27,900","28,200","21,660","28,100","28,400","21,270","27,700","28,100","22,430", n/a , n/a , n/a , n/a , n/a , n/a , n/a , n/a , n/a , n/a , n/a , n/a , n/a , n/a , n/a , n/a , n/a , n/a 
5 or more bedrooms,Over 200,5 or more bedroomsOver 200," 6,400 "," 7,700 "," 45,370 ","6,800","9,100","47,120","6,700","7,900","48,900","6,900","8,200","47,880","7,100","8,400","48,420", n/a , n/a , n/a , n/a , n/a , n/a , n/a , n/a , n/a , n/a , n/a , n/a , n/a , n/a , n/a , n/a , n/a , n/a ," 28,400 "," 28,600 "," 31,610 ","28,400","28,500","29,650","29,100","29,200","26,550","29,900","29,700","26,550","29,500","29,500","27,980", n/a , n/a , n/a , n/a , n/a , n/a , n/a , n/a , n/a , n/a , n/a , n/a , n/a , n/a , n/a , n/a , n/a , n/a 
1 bedroom,Owner-occupied,1 bedroomOwner-occupied," 2,400 "," 3,500 "," 80,710 ","2,500","3,600","81,520","2,500","3,400","86,430","2,400","3,500","96,140","2,400","3,400","97,070","2,700","3,800","56,880","2,800","3,900","56,440","2,800","4,000","56,340","3,000","4,100","55,890","2,900","4,000","55,740","3,000","4,200","50,610"," 6,600 "," 7,700 "," 49,710 ","6,700","7,800","49,620","6,900","8,000","45,830","7,000","8,100","51,800","7,000","8,200","54,330","8,200","9,300","32,940","8,200","9,400","35,940","9,100","10,400","32,030","9,500","10,800","31,550","9,800","11,100","30,750","10,400","11,700","30,160"
2 bedrooms,Owner-occupied,2 bedroomsOwner-occupied," 2,800 "," 3,600 "," 574,270 ","2,800","3,700","601,600","2,900","3,600","617,970","2,900","3,800","551,690","3,000","3,800","556,070","3,000","3,900","500,990","3,000","3,900","497,040","3,000","3,900","494,630","3,100","4,100","493,170","3,200","4,100","492,500","3,200","4,300","430,230"," 10,600 "," 11,500 "," 518,570 ","10,700","11,500","527,790","11,000","11,900","493,630","11,400","12,300","433,340","11,300","12,300","453,470","12,300","13,200","404,090","12,400","13,400","431,110","13,700","14,700","395,090","14,200","15,200","388,690","14,800","15,700","377,180","15,400","16,400","373,110"
3 bedrooms,Owner-occupied,3 bedroomsOwner-occupied," 3,400 "," 4,000 "," 1,338,690 ","3,500","4,100","1,408,320","3,500","4,100","1,431,240","3,500","4,200","1,230,460","3,600","4,300","1,239,470","3,700","4,300","1,124,880","3,700","4,400","1,115,990","3,700","4,400","1,109,410","3,900","4,600","1,109,830","4,000","4,700","1,111,350","4,000","4,800","979,670"," 13,300 "," 14,200 "," 1,296,520 ","13,400","14,300","1,326,060","13,800","14,700","1,242,750","14,400","15,300","1,055,020","14,300","15,200","1,105,720","15,400","16,300","979,440","15,600","16,500","1,035,930","17,200","18,100","957,690","17,800","18,700","940,350","18,500","19,300","916,790","19,300","20,100","906,060"
4 bedrooms,Owner-occupied,4 bedroomsOwner-occupied," 4,300 "," 5,000 "," 380,720 ","4,300","5,200","383,880","4,400","5,100","395,220","4,400","5,200","361,590","4,600","5,300","363,870","4,700","5,400","320,210","4,700","5,400","317,750","4,700","5,400","315,370","5,000","5,700","315,160","5,100","5,800","314,160","5,100","5,900","278,060"," 17,400 "," 18,700 "," 352,490 ","17,500","18,800","343,620","18,000","19,400","318,190","18,600","20,000","292,650","18,400","19,800","308,480","19,700","21,000","263,780","19,900","21,200","277,030","21,600","22,800","260,540","22,300","23,500","251,570","23,100","24,300","237,820","23,500","24,900","243,300"
5 or more bedrooms,Owner-occupied,5 or more bedroomsOwner-occupied," 5,400 "," 6,600 "," 81,550 ","5,600","7,400","81,020","5,600","6,800","83,300","5,700","6,900","80,660","5,900","7,100","81,400","5,900","7,000","67,060","5,900","7,000","66,370","6,000","7,100","65,890","6,300","7,400","65,800","6,400","7,400","65,670","6,500","7,600","58,620"," 23,500 "," 24,600 "," 66,150 ","23,600","24,700","61,650","24,300","25,300","56,230","24,900","25,900","55,200","24,600","25,600","58,130","26,000","27,000","46,720","26,100","26,900","49,350","28,000","28,400","43,950","28,400","28,800","41,660","29,500","29,600","38,930","30,400","30,200","39,580"
1 bedroom,Privately rented,1 bedroomPrivately rented," 2,400 "," 3,500 "," 84,620 ","2,400","3,600","90,700","2,400","3,300","99,440","2,200","3,300","103,530","2,200","3,200","104,720","2,600","3,700","39,220","2,600","3,700","38,740","2,700","3,800","38,550","2,700","3,900","37,940","2,700","3,800","37,470","2,900","4,100","32,010"," 5,900 "," 6,900 "," 42,850 ","5,900","6,800","45,140","6,100","7,000","41,390","6,200","7,100","49,200","6,300","7,200","51,300","6,900","7,800","17,920","6,900","7,900","20,120","7,700","8,700","17,470","8,000","9,200","17,150","8,300","9,400","16,560","9,100","10,000","15,940"
2 bedrooms,Privately rented,2 bedroomsPrivately rented," 2,700 "," 3,700 "," 207,750 ","2,700","3,700","218,490","2,700","3,600","230,120","2,700","3,700","195,340","2,800","3,700","197,770","2,800","3,800","82,600","2,800","3,800","81,510","2,800","3,900","81,010","2,900","4,000","79,840","2,900","4,000","78,620","3,000","4,200","66,730"," 8,800 "," 9,700 "," 166,560 ","8,700","9,600","170,290","9,100","9,900","155,420","9,200","10,100","134,900","9,300","10,200","141,480","10,200","11,000","57,600","10,200","11,100","63,530","11,100","12,100","55,830","11,700","12,700","54,960","12,200","13,200","52,740","13,000","14,000","51,770"
3 bedrooms,Privately rented,3 bedroomsPrivately rented," 3,300 "," 3,900 "," 197,140 ","3,300","4,000","194,860","3,300","3,900","199,450","3,400","4,100","161,350","3,500","4,100","163,020","3,500","4,100","67,170","3,400","4,100","66,380","3,500","4,100","65,740","3,600","4,300","65,220","3,700","4,400","65,180","3,800","4,500","57,660"," 12,000 "," 13,000 "," 190,420 ","11,900","12,900","183,810","12,300","13,300","169,990","12,400","13,400","134,960","12,500","13,500","141,000","13,400","14,400","57,080","13,500","14,400","61,750","14,800","15,800","55,670","15,600","16,500","54,400","16,300","17,000","52,710","17,200","18,100","51,970"
4 bedrooms,Privately rented,4 bedroomsPrivately rented," 4,300 "," 5,000 "," 35,380 ","4,300","5,300","33,930","4,300","5,100","35,000","4,400","5,300","26,770","4,600","5,400","27,070","4,500","5,200","10,470","4,500","5,200","10,350","4,500","5,300","10,270","4,800","5,500","10,140","4,900","5,600","10,030","5,100","5,800","8,910"," 16,300 "," 17,700 "," 32,920 ","16,300","17,700","30,530","16,900","18,300","27,760","17,100","18,400","20,930","17,000","18,400","21,950","17,800","19,100","8,580","17,900","19,000","9,230","19,600","20,700","8,380","20,400","21,300","8,160","21,400","22,100","7,710","22,500","23,200","7,730"
5 or more bedrooms,Privately rented,5 or more bedroomsPrivately rented," 5,600 "," 6,800 "," 9,700 ","5,900","7,900","10,030","5,700","7,000","10,260","6,200","7,700","8,780","6,400","7,700","8,920","5,900","7,000","2,740","5,800","7,100","2,720","6,000","7,100","2,690","6,300","7,400","2,660","6,400","7,500","2,650","6,600","7,600","2,380"," 21,900 "," 23,000 "," 8,290 ","21,700","22,800","7,890","22,600","23,500","7,160","23,300","24,200","5,820","23,300","24,200","6,160","22,000","23,400","2,000","21,900","23,100","2,190","24,000","24,800","1,870","25,000","25,400","1,780","26,100","26,200","1,690","27,100","27,100","1,640"
1 bedroom,Council/Housing Association,1 bedroomCouncil/Housing Association," 1,800 "," 2,500 "," 165,520 ","1,800","2,600","169,030","1,800","2,400","176,260","1,800","2,600","117,880","1,900","2,600","119,540","1,900","2,800","117,050","1,900","2,800","116,120","1,900","2,900","115,850","2,000","3,000","115,070","2,000","3,000","114,640","2,000","3,100","97,500"," 5,700 "," 6,300 "," 121,760 ","5,700","6,300","121,040","6,000","6,500","112,490","6,300","6,800","75,890","6,400","7,000","79,250","7,000","7,600","69,040","7,100","7,800","75,960","8,000","8,600","67,190","8,400","9,100","66,700","8,700","9,300","65,150","9,400","10,000","62,300"
2 bedrooms,Council/Housing Association,2 bedroomsCouncil/Housing Association," 2,700 "," 3,400 "," 243,620 ","2,700","3,400","244,370","2,700","3,300","251,240","2,600","3,300","209,280","2,700","3,400","211,440","2,800","3,500","179,620","2,700","3,500","178,010","2,800","3,600","177,010","2,900","3,800","175,840","2,900","3,800","174,540","2,900","3,900","152,170"," 8,400 "," 8,800 "," 218,180 ","8,300","8,800","213,770","8,600","9,100","199,650","9,200","9,700","167,460","9,300","9,900","174,680","10,100","10,500","139,730","10,200","10,700","151,550","11,300","11,800","135,790","11,900","12,500","134,020","12,300","12,900","130,100","13,100","13,700","126,020"
3 bedrooms,Council/Housing Association,3 bedroomsCouncil/Housing Association," 3,600 "," 4,100 "," 295,580 ","3,600","4,100","293,520","3,600","4,000","297,600","3,400","3,900","275,900","3,500","4,000","278,150","3,500","4,100","234,320","3,500","4,100","232,180","3,500","4,100","230,510","3,700","4,300","230,180","3,800","4,400","230,460","3,800","4,500","202,080"," 10,500 "," 11,100 "," 290,180 ","10,600","11,000","280,290","10,900","11,400","264,090","11,700","12,200","245,300","11,800","12,400","254,740","12,600","13,100","208,360","12,800","13,300","222,600","14,100","14,600","202,070","14,800","15,400","199,030","15,400","15,900","194,710","16,300","16,900","189,290"
4 bedrooms,Council/Housing Association,4 bedroomsCouncil/Housing Association," 4,400 "," 5,000 "," 22,450 ","4,400","5,000","21,520","4,500","5,000","21,960","4,200","4,800","18,990","4,300","4,900","19,110","4,400","5,000","13,790","4,500","5,000","13,660","4,500","5,000","13,580","4,700","5,300","13,520","4,800","5,400","13,490","4,800","5,500","11,920"," 12,900 "," 13,800 "," 21,880 ","12,800","13,600","20,430","13,100","14,000","18,990","14,100","15,000","16,560","14,200","15,200","17,220","14,800","15,600","12,280","15,000","15,800","13,100","16,500","17,300","11,890","17,400","18,200","11,700","18,100","18,800","11,350","19,100","19,800","11,080"
5 or more bedrooms,Council/Housing Association,5 or more bedroomsCouncil/Housing Association," 5,100 "," 6,000 "," 2,690 ","5,400","6,800","2,630","5,200","6,200","2,670","5,100","6,100","2,310","5,400","6,300","2,340","5,200","5,900","1,250","5,200","6,000","1,240","5,300","6,000","1,220","5,500","6,300","1,220","5,500","6,300","1,220","5,400","6,300","1,080"," 16,200 "," 18,100 "," 2,510 ","16,400","18,100","2,310","16,500","18,400","2,100","18,500","20,300","1,840","19,100","20,600","1,930","17,100","18,600","1,040","17,400","18,900","1,140","19,200","20,500",980,"20,300","21,200",980,"20,900","21,800",970,"22,500","22,900",910
1 bedroom,"Less than £15,000","1 bedroomLess than £15,000"," 1,800 "," 2,600 "," 103,850 ","1,800","2,700","121,760","1,800","2,600","128,490","1,800","2,700","122,760","1,900","2,700","124,420", n/a , n/a , n/a , n/a , n/a , n/a , n/a , n/a , n/a , n/a , n/a , n/a , n/a , n/a , n/a , n/a , n/a , n/a ," 5,700 "," 6,300 "," 72,910 ","5,800","6,400","81,980","6,000","6,600","76,330","6,200","6,900","71,600","6,300","7,100","74,630", n/a , n/a , n/a , n/a , n/a , n/a , n/a , n/a , n/a , n/a , n/a , n/a , n/a , n/a , n/a , n/a , n/a , n/a 
2 bedrooms,"Less than £15,000","2 bedroomsLess than £15,000"," 2,400 "," 3,200 "," 186,560 ","2,400","3,300","233,410","2,400","3,200","241,280","2,400","3,200","231,450","2,500","3,300","234,300", n/a , n/a , n/a , n/a , n/a , n/a , n/a , n/a , n/a , n/a , n/a , n/a , n/a , n/a , n/a , n/a , n/a , n/a ," 9,000 "," 9,700 "," 170,020 ","9,000","9,700","204,190","9,300","10,000","191,600","9,700","10,300","182,470","9,800","10,500","190,500", n/a , n/a , n/a , n/a , n/a , n/a , n/a , n/a , n/a , n/a , n/a , n/a , n/a , n/a , n/a , n/a , n/a , n/a 
3 bedrooms,"Less than £15,000","3 bedroomsLess than £15,000"," 2,800 "," 3,500 "," 247,640 ","2,900","3,600","323,470","2,900","3,500","328,590","2,900","3,600","315,290","3,000","3,600","318,070", n/a , n/a , n/a , n/a , n/a , n/a , n/a , n/a , n/a , n/a , n/a , n/a , n/a , n/a , n/a , n/a , n/a , n/a ," 11,400 "," 12,100 "," 243,880 ","11,400","12,100","306,860","11,800","12,500","289,270","12,200","13,000","274,410","12,300","13,100","285,920", n/a , n/a , n/a , n/a , n/a , n/a , n/a , n/a , n/a , n/a , n/a , n/a , n/a , n/a , n/a , n/a , n/a , n/a 
4 bedrooms,"Less than £15,000","4 bedroomsLess than £15,000"," 3,500 "," 4,200 "," 28,060 ","3,600","4,400","35,280","3,500","4,300","36,300","3,500","4,300","41,590","3,600","4,400","41,840", n/a , n/a , n/a , n/a , n/a , n/a , n/a , n/a , n/a , n/a , n/a , n/a , n/a , n/a , n/a , n/a , n/a , n/a ," 14,900 "," 16,300 "," 25,900 ","14,800","16,000","31,550","15,200","16,500","29,470","16,200","17,400","33,620","16,000","17,300","35,380", n/a , n/a , n/a , n/a , n/a , n/a , n/a , n/a , n/a , n/a , n/a , n/a , n/a , n/a , n/a , n/a , n/a , n/a 
5 or more bedrooms,"Less than £15,000","5 or more bedroomsLess than £15,000"," 4,400 "," 5,600 "," 5,030 ","4,500","6,100","6,120","4,500","5,600","6,290","4,500","5,800","7,100","4,600","5,900","7,200", n/a , n/a , n/a , n/a , n/a , n/a , n/a , n/a , n/a , n/a , n/a , n/a , n/a , n/a , n/a , n/a , n/a , n/a ," 19,000 "," 20,600 "," 4,050 ","19,300","20,700","4,680","19,800","21,300","4,320","21,300","22,600","4,760","21,100","22,500","5,010", n/a , n/a , n/a , n/a , n/a , n/a , n/a , n/a , n/a , n/a , n/a , n/a , n/a , n/a , n/a , n/a , n/a , n/a 
1 bedroom,"£15,000 - £19,999","1 bedroom£15,000 - £19,999"," 1,900 "," 2,900 "," 44,750 ","1,900","2,900","45,430","1,900","2,700","48,100","1,900","2,900","37,590","1,900","2,800","37,990", n/a , n/a , n/a , n/a , n/a , n/a , n/a , n/a , n/a , n/a , n/a , n/a , n/a , n/a , n/a , n/a , n/a , n/a ," 5,900 "," 6,600 "," 27,640 ","5,800","6,400","28,240","6,000","6,700","26,330","6,400","7,100","20,550","6,500","7,200","21,460", n/a , n/a , n/a , n/a , n/a , n/a , n/a , n/a , n/a , n/a , n/a , n/a , n/a , n/a , n/a , n/a , n/a , n/a 
2 bedrooms,"£15,000 - £19,999","2 bedrooms£15,000 - £19,999"," 2,500 "," 3,400 "," 100,370 ","2,600","3,400","103,100","2,600","3,300","106,370","2,600","3,400","87,540","2,600","3,400","88,330", n/a , n/a , n/a , n/a , n/a , n/a , n/a , n/a , n/a , n/a , n/a , n/a , n/a , n/a , n/a , n/a , n/a , n/a ," 9,100 "," 9,900 "," 87,370 ","9,100","9,800","88,420","9,400","10,200","82,770","10,000","10,800","67,690","10,100","10,900","70,680", n/a , n/a , n/a , n/a , n/a , n/a , n/a , n/a , n/a , n/a , n/a , n/a , n/a , n/a , n/a , n/a , n/a , n/a 
3 bedrooms,"£15,000 - £19,999","3 bedrooms£15,000 - £19,999"," 3,000 "," 3,600 "," 139,800 ","3,100","3,700","149,610","3,100","3,700","151,900","3,100","3,700","129,820","3,200","3,800","130,830", n/a , n/a , n/a , n/a , n/a , n/a , n/a , n/a , n/a , n/a , n/a , n/a , n/a , n/a , n/a , n/a , n/a , n/a ," 11,700 "," 12,400 "," 134,770 ","11,800","12,500","140,960","12,200","12,900","132,900","12,900","13,700","111,930","12,900","13,700","116,790", n/a , n/a , n/a , n/a , n/a , n/a , n/a , n/a , n/a , n/a , n/a , n/a , n/a , n/a , n/a , n/a , n/a , n/a 
4 bedrooms,"£15,000 - £19,999","4 bedrooms£15,000 - £19,999"," 3,500 "," 4,200 "," 18,280 ","3,700","4,500","19,370","3,700","4,400","19,900","3,800","4,500","22,450","3,900","4,600","22,600", n/a , n/a , n/a , n/a , n/a , n/a , n/a , n/a , n/a , n/a , n/a , n/a , n/a , n/a , n/a , n/a , n/a , n/a ," 15,300 "," 16,400 "," 16,810 ","15,500","16,600","17,290","16,000","17,100","16,180","17,100","18,200","18,050","16,900","18,100","19,030", n/a , n/a , n/a , n/a , n/a , n/a , n/a , n/a , n/a , n/a , n/a , n/a , n/a , n/a , n/a , n/a , n/a , n/a 
5 or more bedrooms,"£15,000 - £19,999","5 or more bedrooms£15,000 - £19,999"," 4,300 "," 5,400 "," 2,880 ","4,600","6,100","3,290","4,600","5,600","3,400","4,800","6,000","4,170","4,900","6,100","4,210", n/a , n/a , n/a , n/a , n/a , n/a , n/a , n/a , n/a , n/a , n/a , n/a , n/a , n/a , n/a , n/a , n/a , n/a ," 18,800 "," 20,200 "," 2,350 ","19,200","20,700","2,500","20,000","21,300","2,340","22,500","23,400","2,830","22,300","23,300","2,970", n/a , n/a , n/a , n/a , n/a , n/a , n/a , n/a , n/a , n/a , n/a , n/a , n/a , n/a , n/a , n/a , n/a , n/a 
1 bedroom,"£20,000 - £29,999","1 bedroom£20,000 - £29,999"," 2,100 "," 3,100 "," 76,740 ","2,200","3,200","77,670","2,100","3,000","82,750","2,200","3,200","65,020","2,200","3,200","65,680", n/a , n/a , n/a , n/a , n/a , n/a , n/a , n/a , n/a , n/a , n/a , n/a , n/a , n/a , n/a , n/a , n/a , n/a ," 5,900 "," 6,600 "," 49,770 ","5,900","6,600","49,140","6,100","6,800","45,510","6,300","7,100","35,470","6,300","7,200","37,080", n/a , n/a , n/a , n/a , n/a , n/a , n/a , n/a , n/a , n/a , n/a , n/a , n/a , n/a , n/a , n/a , n/a , n/a 
2 bedrooms,"£20,000 - £29,999","2 bedrooms£20,000 - £29,999"," 2,600 "," 3,400 "," 260,510 ","2,700","3,500","271,820","2,700","3,400","279,480","2,700","3,500","222,310","2,800","3,500","224,190", n/a , n/a , n/a , n/a , n/a , n/a , n/a , n/a , n/a , n/a , n/a , n/a , n/a , n/a , n/a , n/a , n/a , n/a ," 9,300 "," 10,000 "," 234,450 ","9,400","10,100","236,730","9,700","10,500","220,070","10,100","10,900","173,160","10,100","11,000","181,040", n/a , n/a , n/a , n/a , n/a , n/a , n/a , n/a , n/a , n/a , n/a , n/a , n/a , n/a , n/a , n/a , n/a , n/a 
3 bedrooms,"£20,000 - £29,999","3 bedrooms£20,000 - £29,999"," 3,200 "," 3,800 "," 379,480 ","3,200","3,900","399,840","3,200","3,800","405,470","3,200","3,900","325,840","3,300","3,900","328,120", n/a , n/a , n/a , n/a , n/a , n/a , n/a , n/a , n/a , n/a , n/a , n/a , n/a , n/a , n/a , n/a , n/a , n/a ," 11,800 "," 12,600 "," 369,710 ","11,900","12,700","376,530","12,300","13,100","353,650","13,000","13,800","280,120","13,000","13,800","292,370", n/a , n/a , n/a , n/a , n/a , n/a , n/a , n/a , n/a , n/a , n/a , n/a , n/a , n/a , n/a , n/a , n/a , n/a 
4 bedrooms,"£20,000 - £29,999","4 bedrooms£20,000 - £29,999"," 3,800 "," 4,500 "," 50,170 ","3,800","4,600","54,700","3,800","4,500","56,290","4,000","4,700","56,150","4,100","4,800","56,480", n/a , n/a , n/a , n/a , n/a , n/a , n/a , n/a , n/a , n/a , n/a , n/a , n/a , n/a , n/a , n/a , n/a , n/a ," 15,700 "," 16,700 "," 46,140 ","15,800","16,900","48,550","16,200","17,400","45,510","17,400","18,600","45,820","17,300","18,500","47,970", n/a , n/a , n/a , n/a , n/a , n/a , n/a , n/a , n/a , n/a , n/a , n/a , n/a , n/a , n/a , n/a , n/a , n/a 
5 or more bedrooms,"£20,000 - £29,999","5 or more bedrooms£20,000 - £29,999"," 4,600 "," 5,700 "," 8,580 ","4,700","6,500","9,350","4,700","5,900","9,650","5,000","6,200","10,930","5,200","6,400","11,050", n/a , n/a , n/a , n/a , n/a , n/a , n/a , n/a , n/a , n/a , n/a , n/a , n/a , n/a , n/a , n/a , n/a , n/a ," 20,200 "," 21,500 "," 7,110 ","20,300","21,500","7,170","20,900","22,100","6,670","23,000","23,900","7,650","22,600","23,700","8,030", n/a , n/a , n/a , n/a , n/a , n/a , n/a , n/a , n/a , n/a , n/a , n/a , n/a , n/a , n/a , n/a , n/a , n/a 
1 bedroom,"£30,000 - £39,999","1 bedroom£30,000 - £39,999"," 2,200 "," 3,300 "," 46,270 ","2,300","3,400","42,370","2,300","3,200","45,100","2,400","3,400","37,320","2,400","3,400","37,760", n/a , n/a , n/a , n/a , n/a , n/a , n/a , n/a , n/a , n/a , n/a , n/a , n/a , n/a , n/a , n/a , n/a , n/a ," 6,000 "," 6,900 "," 28,900 ","6,100","7,000","25,650","6,300","7,200","23,470","6,500","7,400","20,100","6,500","7,500","21,090", n/a , n/a , n/a , n/a , n/a , n/a , n/a , n/a , n/a , n/a , n/a , n/a , n/a , n/a , n/a , n/a , n/a , n/a 
2 bedrooms,"£30,000 - £39,999","2 bedrooms£30,000 - £39,999"," 2,800 "," 3,600 "," 193,660 ","2,900","3,700","184,490","2,900","3,600","190,190","2,900","3,800","155,670","3,000","3,800","156,780", n/a , n/a , n/a , n/a , n/a , n/a , n/a , n/a , n/a , n/a , n/a , n/a , n/a , n/a , n/a , n/a , n/a , n/a ," 9,700 "," 10,500 "," 170,260 ","10,000","10,700","158,090","10,300","11,100","146,750","10,600","11,500","119,040","10,600","11,500","124,550", n/a , n/a , n/a , n/a , n/a , n/a , n/a , n/a , n/a , n/a , n/a , n/a , n/a , n/a , n/a , n/a , n/a , n/a 
3 bedrooms,"£30,000 - £39,999","3 bedrooms£30,000 - £39,999"," 3,400 "," 4,000 "," 356,200 ","3,500","4,100","355,890","3,500","4,100","361,020","3,500","4,100","296,850","3,700","4,200","298,790", n/a , n/a , n/a , n/a , n/a , n/a , n/a , n/a , n/a , n/a , n/a , n/a , n/a , n/a , n/a , n/a , n/a , n/a ," 12,400 "," 13,100 "," 347,040 ","12,700","13,400","337,050","13,100","13,800","315,410","13,600","14,400","255,680","13,600","14,400","267,580", n/a , n/a , n/a , n/a , n/a , n/a , n/a , n/a , n/a , n/a , n/a , n/a , n/a , n/a , n/a , n/a , n/a , n/a 
4 bedrooms,"£30,000 - £39,999","4 bedrooms£30,000 - £39,999"," 3,900 "," 4,600 "," 58,760 ","4,000","4,800","57,650","4,000","4,700","59,160","4,200","4,900","56,920","4,400","5,100","57,270", n/a , n/a , n/a , n/a , n/a , n/a , n/a , n/a , n/a , n/a , n/a , n/a , n/a , n/a , n/a , n/a , n/a , n/a ," 15,900 "," 17,000 "," 54,750 ","16,100","17,300","51,630","16,700","17,800","47,970","17,700","18,800","46,350","17,400","18,700","48,650", n/a , n/a , n/a , n/a , n/a , n/a , n/a , n/a , n/a , n/a , n/a , n/a , n/a , n/a , n/a , n/a , n/a , n/a 
5 or more bedrooms,"£30,000 - £39,999","5 or more bedrooms£30,000 - £39,999"," 4,800 "," 5,800 "," 9,480 ","5,000","6,700","10,220","5,100","6,200","10,540","5,400","6,600","11,290","5,500","6,700","11,390", n/a , n/a , n/a , n/a , n/a , n/a , n/a , n/a , n/a , n/a , n/a , n/a , n/a , n/a , n/a , n/a , n/a , n/a ," 20,500 "," 21,900 "," 7,930 ","21,200","22,500","7,970","21,800","23,000","7,360","23,400","24,400","7,910","22,900","24,100","8,250", n/a , n/a , n/a , n/a , n/a , n/a , n/a , n/a , n/a , n/a , n/a , n/a , n/a , n/a , n/a , n/a , n/a , n/a 
1 bedroom,"£40,000 - £49,999","1 bedroom£40,000 - £49,999"," 2,400 "," 3,400 "," 25,430 ","2,500","3,700","23,020","2,500","3,400","24,550","2,400","3,500","22,590","2,500","3,400","22,860", n/a , n/a , n/a , n/a , n/a , n/a , n/a , n/a , n/a , n/a , n/a , n/a , n/a , n/a , n/a , n/a , n/a , n/a ," 6,300 "," 7,300 "," 15,260 ","6,400","7,400","13,290","6,600","7,700","12,150","6,700","7,800","12,260","6,800","8,000","12,900", n/a , n/a , n/a , n/a , n/a , n/a , n/a , n/a , n/a , n/a , n/a , n/a , n/a , n/a , n/a , n/a , n/a , n/a 
2 bedrooms,"£40,000 - £49,999","2 bedrooms£40,000 - £49,999"," 3,000 "," 3,800 "," 121,910 ","3,100","4,000","117,190","3,200","3,900","121,120","3,100","4,000","105,590","3,200","4,000","106,420", n/a , n/a , n/a , n/a , n/a , n/a , n/a , n/a , n/a , n/a , n/a , n/a , n/a , n/a , n/a , n/a , n/a , n/a ," 10,300 "," 11,200 "," 106,820 ","10,500","11,400","100,150","10,900","11,800","93,000","11,200","12,100","81,470","11,200","12,100","85,420", n/a , n/a , n/a , n/a , n/a , n/a , n/a , n/a , n/a , n/a , n/a , n/a , n/a , n/a , n/a , n/a , n/a , n/a 
3 bedrooms,"£40,000 - £49,999","3 bedrooms£40,000 - £49,999"," 3,700 "," 4,200 "," 283,240 ","3,800","4,400","274,800","3,800","4,300","279,180","3,800","4,400","235,140","4,000","4,500","236,830", n/a , n/a , n/a , n/a , n/a , n/a , n/a , n/a , n/a , n/a , n/a , n/a , n/a , n/a , n/a , n/a , n/a , n/a ," 13,100 "," 13,900 "," 276,880 ","13,500","14,200","261,680","13,900","14,700","244,440","14,400","15,200","204,290","14,300","15,200","213,930", n/a , n/a , n/a , n/a , n/a , n/a , n/a , n/a , n/a , n/a , n/a , n/a , n/a , n/a , n/a , n/a , n/a , n/a 
4 bedrooms,"£40,000 - £49,999","4 bedrooms£40,000 - £49,999"," 4,200 "," 4,800 "," 62,550 ","4,300","5,000","62,210","4,300","4,900","63,960","4,400","5,100","54,150","4,600","5,300","54,480", n/a , n/a , n/a , n/a , n/a , n/a , n/a , n/a , n/a , n/a , n/a , n/a , n/a , n/a , n/a , n/a , n/a , n/a ," 16,500 "," 17,600 "," 58,570 ","16,800","18,100","56,190","17,400","18,600","52,010","18,000","19,200","44,390","17,800","19,000","46,730", n/a , n/a , n/a , n/a , n/a , n/a , n/a , n/a , n/a , n/a , n/a , n/a , n/a , n/a , n/a , n/a , n/a , n/a 
5 or more bedrooms,"£40,000 - £49,999","5 or more bedrooms£40,000 - £49,999"," 5,000 "," 6,100 "," 10,700 ","5,300","7,000","11,080","5,200","6,300","11,310","5,600","6,700","10,240","5,700","6,900","10,390", n/a , n/a , n/a , n/a , n/a , n/a , n/a , n/a , n/a , n/a , n/a , n/a , n/a , n/a , n/a , n/a , n/a , n/a ," 21,500 "," 22,700 "," 9,090 ","21,900","23,100","8,670","22,700","23,800","7,980","23,300","24,400","7,290","23,200","24,300","7,680", n/a , n/a , n/a , n/a , n/a , n/a , n/a , n/a , n/a , n/a , n/a , n/a , n/a , n/a , n/a , n/a , n/a , n/a 
1 bedroom,"£50,000 - £59,999","1 bedroom£50,000 - £59,999"," 2,500 "," 3,600 "," 12,910 ","2,600","3,800","12,360","2,600","3,500","13,210","2,600","3,700","11,400","2,700","3,600","11,510", n/a , n/a , n/a , n/a , n/a , n/a , n/a , n/a , n/a , n/a , n/a , n/a , n/a , n/a , n/a , n/a , n/a , n/a ," 6,600 "," 7,700 "," 7,510 ","6,700","7,800","6,950","6,900","8,100","6,320","7,200","8,400","6,060","7,400","8,500","6,330", n/a , n/a , n/a , n/a , n/a , n/a , n/a , n/a , n/a , n/a , n/a , n/a , n/a , n/a , n/a , n/a , n/a , n/a 
2 bedrooms,"£50,000 - £59,999","2 bedrooms£50,000 - £59,999"," 3,100 "," 4,000 "," 64,660 ","3,200","4,100","62,290","3,200","4,000","64,640","3,200","4,100","57,660","3,300","4,200","58,170", n/a , n/a , n/a , n/a , n/a , n/a , n/a , n/a , n/a , n/a , n/a , n/a , n/a , n/a , n/a , n/a , n/a , n/a ," 10,600 "," 11,600 "," 55,160 ","10,500","11,600","51,570","10,900","12,000","47,580","11,400","12,400","43,190","11,300","12,400","45,310", n/a , n/a , n/a , n/a , n/a , n/a , n/a , n/a , n/a , n/a , n/a , n/a , n/a , n/a , n/a , n/a , n/a , n/a 
3 bedrooms,"£50,000 - £59,999","3 bedrooms£50,000 - £59,999"," 3,800 "," 4,300 "," 158,300 ","3,900","4,500","149,130","3,900","4,400","152,010","3,900","4,500","132,750","4,100","4,600","133,880", n/a , n/a , n/a , n/a , n/a , n/a , n/a , n/a , n/a , n/a , n/a , n/a , n/a , n/a , n/a , n/a , n/a , n/a ," 13,700 "," 14,700 "," 153,370 ","13,900","14,900","141,040","14,400","15,300","131,240","14,800","15,700","114,080","14,700","15,600","119,780", n/a , n/a , n/a , n/a , n/a , n/a , n/a , n/a , n/a , n/a , n/a , n/a , n/a , n/a , n/a , n/a , n/a , n/a 
4 bedrooms,"£50,000 - £59,999","4 bedrooms£50,000 - £59,999"," 4,300 "," 5,000 "," 51,020 ","4,400","5,200","49,670","4,400","5,100","51,070","4,600","5,300","42,320","4,800","5,400","42,610", n/a , n/a , n/a , n/a , n/a , n/a , n/a , n/a , n/a , n/a , n/a , n/a , n/a , n/a , n/a , n/a , n/a , n/a ," 17,200 "," 18,400 "," 48,080 ","17,300","18,600","44,980","17,800","19,100","41,420","18,400","19,700","34,480","18,200","19,500","36,430", n/a , n/a , n/a , n/a , n/a , n/a , n/a , n/a , n/a , n/a , n/a , n/a , n/a , n/a , n/a , n/a , n/a , n/a 
5 or more bedrooms,"£50,000 - £59,999","5 or more bedrooms£50,000 - £59,999"," 5,100 "," 6,200 "," 9,360 ","5,500","7,100","9,150","5,400","6,500","9,390","5,700","6,800","8,550","5,900","7,000","8,600", n/a , n/a , n/a , n/a , n/a , n/a , n/a , n/a , n/a , n/a , n/a , n/a , n/a , n/a , n/a , n/a , n/a , n/a ," 22,400 "," 23,700 "," 7,910 ","22,900","24,100","7,240","23,600","24,700","6,610","24,200","25,100","6,070","23,800","24,900","6,400", n/a , n/a , n/a , n/a , n/a , n/a , n/a , n/a , n/a , n/a , n/a , n/a , n/a , n/a , n/a , n/a , n/a , n/a 
1 bedroom,"£60,000 - £69,999","1 bedroom£60,000 - £69,999"," 2,500 "," 3,600 "," 8,010 ","2,700","3,900","7,240","2,600","3,600","7,710","2,800","3,900","6,770","2,900","3,900","6,840", n/a , n/a , n/a , n/a , n/a , n/a , n/a , n/a , n/a , n/a , n/a , n/a , n/a , n/a , n/a , n/a , n/a , n/a ," 6,800 "," 7,900 "," 4,680 ","6,800","8,100","4,080","7,200","8,500","3,710","7,500","8,800","3,560","7,600","8,800","3,710", n/a , n/a , n/a , n/a , n/a , n/a , n/a , n/a , n/a , n/a , n/a , n/a , n/a , n/a , n/a , n/a , n/a , n/a 
2 bedrooms,"£60,000 - £69,999","2 bedrooms£60,000 - £69,999"," 3,100 "," 4,000 "," 37,000 ","3,200","4,200","35,430","3,300","4,100","36,860","3,300","4,200","33,580","3,400","4,300","33,900", n/a , n/a , n/a , n/a , n/a , n/a , n/a , n/a , n/a , n/a , n/a , n/a , n/a , n/a , n/a , n/a , n/a , n/a ," 10,800 "," 11,900 "," 30,650 ","10,700","11,800","28,600","11,100","12,300","26,390","11,400","12,600","24,690","11,500","12,600","25,890", n/a , n/a , n/a , n/a , n/a , n/a , n/a , n/a , n/a , n/a , n/a , n/a , n/a , n/a , n/a , n/a , n/a , n/a 
3 bedrooms,"£60,000 - £69,999","3 bedrooms£60,000 - £69,999"," 3,900 "," 4,500 "," 92,030 ","4,000","4,600","85,840","4,000","4,600","87,810","4,000","4,600","78,340","4,100","4,700","78,870", n/a , n/a , n/a , n/a , n/a , n/a , n/a , n/a , n/a , n/a , n/a , n/a , n/a , n/a , n/a , n/a , n/a , n/a ," 14,300 "," 15,300 "," 88,090 ","14,500","15,500","80,480","15,000","16,000","74,870","15,300","16,300","66,420","15,200","16,200","70,000", n/a , n/a , n/a , n/a , n/a , n/a , n/a , n/a , n/a , n/a , n/a , n/a , n/a , n/a , n/a , n/a , n/a , n/a 
4 bedrooms,"£60,000 - £69,999","4 bedrooms£60,000 - £69,999"," 4,400 "," 5,100 "," 39,800 ","4,500","5,200","38,400","4,500","5,200","39,550","4,700","5,400","33,100","4,900","5,500","33,300", n/a , n/a , n/a , n/a , n/a , n/a , n/a , n/a , n/a , n/a , n/a , n/a , n/a , n/a , n/a , n/a , n/a , n/a ," 17,400 "," 18,600 "," 37,350 ","17,500","18,700","34,930","18,000","19,400","32,150","18,700","20,000","27,070","18,500","19,800","28,540", n/a , n/a , n/a , n/a , n/a , n/a , n/a , n/a , n/a , n/a , n/a , n/a , n/a , n/a , n/a , n/a , n/a , n/a 
5 or more bedrooms,"£60,000 - £69,999","5 or more bedrooms£60,000 - £69,999"," 5,300 "," 6,300 "," 7,560 ","5,500","7,300","7,120","5,500","6,700","7,310","5,800","6,900","7,060","6,000","7,100","7,100", n/a , n/a , n/a , n/a , n/a , n/a , n/a , n/a , n/a , n/a , n/a , n/a , n/a , n/a , n/a , n/a , n/a , n/a ," 23,100 "," 24,300 "," 6,400 ","23,300","24,500","5,590","24,200","25,200","5,100","24,800","25,700","5,000","24,400","25,400","5,230", n/a , n/a , n/a , n/a , n/a , n/a , n/a , n/a , n/a , n/a , n/a , n/a , n/a , n/a , n/a , n/a , n/a , n/a 
1 bedroom,"£70,000 - £99,999","1 bedroom£70,000 - £99,999"," 2,500 "," 3,600 "," 9,520 ","2,700","3,900","8,510","2,600","3,600","9,100","2,700","3,900","9,930","2,800","3,800","10,050", n/a , n/a , n/a , n/a , n/a , n/a , n/a , n/a , n/a , n/a , n/a , n/a , n/a , n/a , n/a , n/a , n/a , n/a ," 6,900 "," 8,200 "," 5,600 ","7,200","8,600","4,850","7,500","8,900","4,420","7,600","8,900","5,190","7,700","9,100","5,500", n/a , n/a , n/a , n/a , n/a , n/a , n/a , n/a , n/a , n/a , n/a , n/a , n/a , n/a , n/a , n/a , n/a , n/a 
2 bedrooms,"£70,000 - £99,999","2 bedrooms£70,000 - £99,999"," 3,200 "," 4,200 "," 42,220 ","3,400","4,400","40,150","3,400","4,300","41,910","3,400","4,400","42,820","3,500","4,400","43,290", n/a , n/a , n/a , n/a , n/a , n/a , n/a , n/a , n/a , n/a , n/a , n/a , n/a , n/a , n/a , n/a , n/a , n/a ," 11,300 "," 12,600 "," 33,890 ","11,400","12,700","31,600","11,800","13,200","29,160","11,800","13,000","30,690","11,800","13,000","32,230", n/a , n/a , n/a , n/a , n/a , n/a , n/a , n/a , n/a , n/a , n/a , n/a , n/a , n/a , n/a , n/a , n/a , n/a 
3 bedrooms,"£70,000 - £99,999","3 bedrooms£70,000 - £99,999"," 4,000 "," 4,700 "," 114,970 ","4,200","4,900","106,350","4,200","4,800","108,970","4,100","4,800","98,900","4,300","4,900","99,810", n/a , n/a , n/a , n/a , n/a , n/a , n/a , n/a , n/a , n/a , n/a , n/a , n/a , n/a , n/a , n/a , n/a , n/a ," 15,300 "," 16,400 "," 108,480 ","15,600","16,700","98,990","16,100","17,200","92,010","16,100","17,200","83,360","16,000","17,100","87,630", n/a , n/a , n/a , n/a , n/a , n/a , n/a , n/a , n/a , n/a , n/a , n/a , n/a , n/a , n/a , n/a , n/a , n/a 
4 bedrooms,"£70,000 - £99,999","4 bedrooms£70,000 - £99,999"," 4,700 "," 5,400 "," 72,870 ","4,800","5,600","69,540","4,900","5,500","71,650","4,900","5,600","55,370","5,100","5,800","55,770", n/a , n/a , n/a , n/a , n/a , n/a , n/a , n/a , n/a , n/a , n/a , n/a , n/a , n/a , n/a , n/a , n/a , n/a ," 18,200 "," 19,600 "," 68,340 ","18,300","19,600","63,610","18,900","20,200","58,410","19,600","20,900","45,140","19,400","20,800","47,640", n/a , n/a , n/a , n/a , n/a , n/a , n/a , n/a , n/a , n/a , n/a , n/a , n/a , n/a , n/a , n/a , n/a , n/a 
5 or more bedrooms,"£70,000 - £99,999","5 or more bedrooms£70,000 - £99,999"," 5,600 "," 6,700 "," 16,180 ","5,800","7,400","15,070","5,800","6,900","15,510","6,100","7,300","13,500","6,300","7,400","13,600", n/a , n/a , n/a , n/a , n/a , n/a , n/a , n/a , n/a , n/a , n/a , n/a , n/a , n/a , n/a , n/a , n/a , n/a ," 23,800 "," 24,900 "," 13,460 ","23,700","24,900","11,910","24,700","25,700","10,820","25,500","26,500","9,390","25,300","26,400","9,990", n/a , n/a , n/a , n/a , n/a , n/a , n/a , n/a , n/a , n/a , n/a , n/a , n/a , n/a , n/a , n/a , n/a , n/a 
1 bedroom,"£100,000 - £149,999","1 bedroom£100,000 - £149,999"," 2,600 "," 3,900 "," 2,700 ","2,900","4,200","2,370","2,800","3,800","2,570","2,900","4,000","3,350","2,900","4,100","3,390", n/a , n/a , n/a , n/a , n/a , n/a , n/a , n/a , n/a , n/a , n/a , n/a , n/a , n/a , n/a , n/a , n/a , n/a ," 7,200 "," 9,000 "," 1,590 ","7,900","9,900","1,300","8,600","10,400","1,170","8,000","9,800","1,650","8,300","10,000","1,740", n/a , n/a , n/a , n/a , n/a , n/a , n/a , n/a , n/a , n/a , n/a , n/a , n/a , n/a , n/a , n/a , n/a , n/a 
2 bedrooms,"£100,000 - £149,999","2 bedrooms£100,000 - £149,999"," 3,500 "," 4,600 "," 14,070 ","3,800","5,000","12,740","3,800","4,800","13,480","3,700","4,800","14,950","3,800","4,800","15,100", n/a , n/a , n/a , n/a , n/a , n/a , n/a , n/a , n/a , n/a , n/a , n/a , n/a , n/a , n/a , n/a , n/a , n/a ," 12,500 "," 14,000 "," 10,990 ","13,100","14,700","9,590","13,800","15,300","8,750","12,800","14,400","10,080","12,700","14,300","10,580", n/a , n/a , n/a , n/a , n/a , n/a , n/a , n/a , n/a , n/a , n/a , n/a , n/a , n/a , n/a , n/a , n/a , n/a 
3 bedrooms,"£100,000 - £149,999","3 bedrooms£100,000 - £149,999"," 4,300 "," 5,100 "," 45,680 ","4,500","5,500","40,120","4,600","5,400","41,340","4,500","5,300","41,220","4,700","5,400","41,710", n/a , n/a , n/a , n/a , n/a , n/a , n/a , n/a , n/a , n/a , n/a , n/a , n/a , n/a , n/a , n/a , n/a , n/a ," 17,000 "," 18,200 "," 42,110 ","17,500","18,700","36,190","18,100","19,300","33,480","17,800","18,900","33,800","17,600","18,800","35,670", n/a , n/a , n/a , n/a , n/a , n/a , n/a , n/a , n/a , n/a , n/a , n/a , n/a , n/a , n/a , n/a , n/a , n/a 
4 bedrooms,"£100,000 - £149,999","4 bedrooms£100,000 - £149,999"," 5,100 "," 5,900 "," 42,440 ","5,300","6,300","39,860","5,300","6,100","41,230","5,400","6,200","34,640","5,600","6,400","34,920", n/a , n/a , n/a , n/a , n/a , n/a , n/a , n/a , n/a , n/a , n/a , n/a , n/a , n/a , n/a , n/a , n/a , n/a ," 20,000 "," 21,400 "," 38,770 ","20,200","21,700","35,280","20,800","22,200","32,220","21,300","22,700","27,230","20,900","22,400","28,830", n/a , n/a , n/a , n/a , n/a , n/a , n/a , n/a , n/a , n/a , n/a , n/a , n/a , n/a , n/a , n/a , n/a , n/a 
5 or more bedrooms,"£100,000 - £149,999","5 or more bedrooms£100,000 - £149,999"," 6,300 "," 7,400 "," 14,620 ","6,600","8,400","13,770","6,600","7,700","14,180","6,700","7,900","12,210","6,900","8,100","12,350", n/a , n/a , n/a , n/a , n/a , n/a , n/a , n/a , n/a , n/a , n/a , n/a , n/a , n/a , n/a , n/a , n/a , n/a ," 25,900 "," 26,800 "," 11,600 ","26,200","27,100","10,250","26,800","27,700","9,120","27,700","28,300","8,000","27,400","28,100","8,520", n/a , n/a , n/a , n/a , n/a , n/a , n/a , n/a , n/a , n/a , n/a , n/a , n/a , n/a , n/a , n/a , n/a , n/a 
1 bedroom,"£150,000 and over","1 bedroom£150,000 and over"," 2,800 "," 4,000 ", 680 ,"3,100","4,600",520,"3,100","4,100",570,"3,400","4,400",830,"3,300","4,300",840, n/a , n/a , n/a , n/a , n/a , n/a , n/a , n/a , n/a , n/a , n/a , n/a , n/a , n/a , n/a , n/a , n/a , n/a ," 8,500 "," 10,700 ", 450 ,"9,000","11,200",340,"9,600","12,100",300,"9,300","11,200",440,"9,500","11,300",460, n/a , n/a , n/a , n/a , n/a , n/a , n/a , n/a , n/a , n/a , n/a , n/a , n/a , n/a , n/a , n/a , n/a , n/a 
2 bedrooms,"£150,000 and over","2 bedrooms£150,000 and over"," 3,700 "," 4,900 "," 4,690 ","4,200","5,700","3,840","4,200","5,300","4,010","3,800","5,000","4,730","3,900","5,000","4,790", n/a , n/a , n/a , n/a , n/a , n/a , n/a , n/a , n/a , n/a , n/a , n/a , n/a , n/a , n/a , n/a , n/a , n/a ," 13,100 "," 14,700 "," 3,710 ","14,500","15,600","2,920","15,000","16,100","2,650","13,700","14,800","3,240","13,700","14,900","3,430", n/a , n/a , n/a , n/a , n/a , n/a , n/a , n/a , n/a , n/a , n/a , n/a , n/a , n/a , n/a , n/a , n/a , n/a 
3 bedrooms,"£150,000 and over","3 bedrooms£150,000 and over"," 4,500 "," 5,400 "," 14,080 ","4,900","6,100","11,650","4,900","5,800","12,000","4,600","5,500","13,570","4,800","5,700","13,730", n/a , n/a , n/a , n/a , n/a , n/a , n/a , n/a , n/a , n/a , n/a , n/a , n/a , n/a , n/a , n/a , n/a , n/a ," 17,400 "," 18,900 "," 12,780 ","18,300","19,700","10,390","19,000","20,300","9,570","18,100","19,400","11,190","17,800","19,200","11,820", n/a , n/a , n/a , n/a , n/a , n/a , n/a , n/a , n/a , n/a , n/a , n/a , n/a , n/a , n/a , n/a , n/a , n/a 
4 bedrooms,"£150,000 and over","4 bedrooms£150,000 and over"," 5,600 "," 6,700 "," 14,610 ","6,000","7,400","12,670","6,100","7,100","13,070","5,900","6,900","10,660","6,000","7,100","10,780", n/a , n/a , n/a , n/a , n/a , n/a , n/a , n/a , n/a , n/a , n/a , n/a , n/a , n/a , n/a , n/a , n/a , n/a ," 22,800 "," 24,100 "," 12,590 ","23,300","24,500","10,580","24,000","25,200","9,600","23,000","24,500","8,000","22,700","24,300","8,450", n/a , n/a , n/a , n/a , n/a , n/a , n/a , n/a , n/a , n/a , n/a , n/a , n/a , n/a , n/a , n/a , n/a , n/a 
5 or more bedrooms,"£150,000 and over","5 or more bedrooms£150,000 and over"," 7,600 "," 8,700 "," 9,540 ","7,900","10,100","8,500","7,700","8,900","8,670","8,100","9,300","6,690","8,400","9,500","6,780", n/a , n/a , n/a , n/a , n/a , n/a , n/a , n/a , n/a , n/a , n/a , n/a , n/a , n/a , n/a , n/a , n/a , n/a ," 30,100 "," 30,000 "," 7,060 ","29,400","29,700","5,880","30,400","30,600","5,190","31,200","31,000","3,950","30,700","30,600","4,170", n/a , n/a , n/a , n/a , n/a , n/a , n/a , n/a , n/a , n/a , n/a , n/a , n/a , n/a , n/a , n/a , n/a , n/a 
1 bedroom,North East,1 bedroomNorth East," 1,700 "," 2,400 "," 16,260 ","1,700","2,400","16,340","1,700","2,400","17,520","1,800","2,500","15,360","1,800","2,500","15,550","1,800","2,500","16,080","1,700","2,500","15,920","1,700","2,500","15,940","1,800","2,600","15,880","1,800","2,600","15,900","1,800","2,700","15,730"," 7,100 "," 7,800 "," 12,350 ","7,200","7,900","12,470","7,600","8,300","11,620","8,000","8,700","10,140","8,100","8,900","10,430","8,800","9,500","10,560","9,000","9,800","11,600","10,300","11,100","10,260","11,000","11,800","10,250","11,400","12,100","9,930","12,200","12,900","9,630"
2 bedrooms,North East,2 bedroomsNorth East," 2,500 "," 3,000 "," 64,140 ","2,500","3,100","64,010","2,500","3,000","66,110","2,500","3,100","57,700","2,600","3,200","58,330","2,600","3,100","61,180","2,500","3,100","60,480","2,500","3,200","60,220","2,600","3,300","60,090","2,700","3,300","60,040","2,700","3,400","59,470"," 10,400 "," 11,000 "," 59,550 ","10,500","11,100","60,150","11,000","11,600","56,050","11,500","12,100","48,550","11,400","12,100","50,420","12,300","13,000","51,230","12,600","13,300","55,210","14,100","14,800","49,920","14,800","15,500","49,570","15,500","16,100","47,940","16,500","17,100","47,310"
3 bedrooms,North East,3 bedroomsNorth East," 3,200 "," 3,600 "," 94,960 ","3,200","3,700","94,960","3,300","3,700","97,020","3,200","3,700","83,950","3,400","3,800","84,670","3,300","3,800","88,940","3,300","3,800","88,140","3,300","3,800","87,480","3,500","4,000","87,560","3,600","4,100","87,520","3,600","4,100","86,910"," 13,200 "," 13,800 "," 92,600 ","13,300","14,000","93,360","13,900","14,600","87,370","14,400","15,100","75,310","14,200","14,900","78,210","15,200","16,000","79,210","15,600","16,300","84,110","17,300","18,100","77,720","18,000","18,800","76,520","18,900","19,600","74,080","20,000","20,600","73,660"
4 bedrooms,North East,4 bedroomsNorth East," 4,000 "," 4,600 "," 19,650 ","4,100","4,700","18,930","4,100","4,700","19,610","4,200","4,700","17,580","4,300","4,900","17,660","4,300","4,900","18,320","4,300","4,900","18,160","4,400","4,900","17,940","4,600","5,100","17,970","4,700","5,300","17,780","4,800","5,300","17,440"," 17,600 "," 18,700 "," 18,670 ","17,800","18,800","18,010","18,500","19,600","16,540","18,900","20,100","14,990","18,500","19,700","15,670","19,900","21,000","15,100","20,200","21,200","15,820","21,900","22,900","15,270","22,900","23,800","14,580","24,000","24,800","13,530","24,300","25,600","14,010"
5 or more bedrooms,North East,5 or more bedroomsNorth East," 4,800 "," 5,600 "," 3,730 ","5,000","6,200","3,550","5,000","5,900","3,750","5,000","6,000","3,520","5,200","6,100","3,590","5,300","6,100","3,710","5,300","6,200","3,660","5,300","6,200","3,590","5,600","6,500","3,580","5,800","6,600","3,560","5,900","6,700","3,460"," 22,500 "," 23,500 "," 3,240 ","22,500","23,500","2,990","23,500","24,300","2,710","24,200","24,800","2,650","23,600","24,500","2,780","24,900","25,700","2,700","24,900","25,800","2,850","27,100","27,600","2,600","27,500","28,100","2,440","28,300","28,700","2,310","29,600","30,000","2,320"
1 bedroom,North West,1 bedroomNorth West," 1,900 "," 2,700 "," 30,440 ","1,900","2,800","36,470","1,900","2,700","41,360","1,900","2,900","36,180","2,000","2,900","36,740","1,900","2,900","36,100","1,900","2,900","35,580","2,000","3,000","35,000","2,000","3,100","35,380","2,000","3,100","35,090","2,000","3,100","19,180"," 5,800 "," 6,500 "," 25,380 ","5,800","6,500","25,600","6,100","6,900","23,660","6,400","7,200","20,750","6,500","7,400","21,510","7,100","8,000","20,690","7,300","8,200","22,590","8,300","9,200","20,010","8,700","9,600","20,010","9,100","10,000","19,350","9,900","10,800","18,780"
2 bedrooms,North West,2 bedroomsNorth West," 2,700 "," 3,300 "," 130,890 ","2,700","3,400","150,100","2,700","3,400","155,560","2,800","3,500","134,980","2,800","3,500","136,310","2,800","3,500","141,200","2,800","3,500","139,120","2,800","3,600","137,190","2,900","3,700","138,690","3,000","3,700","137,850","3,100","3,900","82,090"," 9,600 "," 10,400 "," 138,160 ","9,700","10,500","139,470","10,200","11,000","129,130","10,600","11,500","111,000","10,700","11,600","115,700","11,600","12,400","116,480","11,800","12,600","125,250","13,100","14,000","113,930","13,700","14,700","113,260","14,300","15,200","109,430","15,000","15,900","108,450"
3 bedrooms,North West,3 bedroomsNorth West," 3,400 "," 3,900 "," 238,490 ","3,400","4,000","268,780","3,500","3,900","272,350","3,500","4,000","234,120","3,600","4,100","235,820","3,600","4,100","248,260","3,600","4,100","245,550","3,600","4,100","241,470","3,800","4,400","245,050","3,800","4,400","244,910","3,900","4,600","163,840"," 12,300 "," 13,100 "," 262,740 ","12,500","13,300","264,590","13,100","13,900","247,390","13,600","14,500","211,300","13,600","14,500","219,620","14,800","15,600","223,000","15,100","16,000","235,350","16,800","17,600","219,180","17,400","18,300","216,740","18,200","19,000","209,660","19,000","19,800","209,190"
4 bedrooms,North West,4 bedroomsNorth West," 4,300 "," 4,900 "," 49,160 ","4,400","5,100","53,190","4,400","5,000","54,660","4,500","5,100","49,300","4,700","5,300","49,570","4,700","5,300","51,130","4,700","5,400","50,670","4,700","5,400","49,780","5,000","5,600","50,340","5,100","5,700","49,910","5,200","6,000","32,070"," 17,000 "," 18,100 "," 52,420 ","17,200","18,300","50,660","17,900","19,100","46,700","18,700","19,900","42,470","18,600","19,800","44,730","20,100","21,200","42,640","20,600","21,600","44,640","22,400","23,400","43,350","23,000","24,000","41,350","24,000","24,900","38,930","24,300","25,500","40,600"
5 or more bedrooms,North West,5 or more bedroomsNorth West," 5,200 "," 6,100 "," 8,950 ","5,400","6,900","9,670","5,400","6,400","10,060","5,700","6,700","9,640","5,900","6,900","9,690","5,900","6,900","9,830","5,900","6,900","9,720","5,900","6,900","9,550","6,300","7,200","9,660","6,300","7,300","9,590","6,500","7,500","6,040"," 22,200 "," 23,300 "," 8,740 ","22,300","23,400","8,210","23,200","24,200","7,420","24,400","25,200","7,180","24,200","25,100","7,590","25,700","26,500","7,170","26,100","26,500","7,530","28,200","28,300","6,770","28,700","28,600","6,460","29,700","29,400","6,020","30,600","30,200","6,120"
1 bedroom,Yorks & Humber,1 bedroomYorks & Humber," 1,900 "," 2,800 "," 29,760 ","1,900","2,900","31,460","1,900","2,700","34,260","1,900","2,900","30,120","2,000","2,800","30,500","1,900","2,900","30,400","1,900","2,900","30,090","1,900","3,000","29,880","2,000","3,100","29,570","2,000","3,100","29,370","2,100","3,300","29,100"," 6,600 "," 7,300 "," 23,050 ","6,600","7,300","23,290","6,800","7,500","21,570","7,200","8,000","18,750","7,300","8,200","19,580","7,900","8,600","19,380","8,000","8,800","21,220","8,900","9,700","18,890","9,500","10,300","18,740","9,700","10,600","18,180","10,300","11,100","17,130"
2 bedrooms,Yorks & Humber,2 bedroomsYorks & Humber," 2,600 "," 3,300 "," 105,730 ","2,600","3,300","111,430","2,600","3,200","114,650","2,600","3,400","100,300","2,700","3,400","101,270","2,700","3,400","105,120","2,700","3,400","104,330","2,700","3,500","103,650","2,800","3,600","102,900","2,900","3,700","102,460","2,900","3,800","101,420"," 10,200 "," 11,000 "," 99,680 ","10,300","11,000","100,580","10,600","11,300","93,530","11,100","11,900","81,110","11,200","12,000","84,850","12,000","12,700","86,560","12,100","12,900","92,620","13,300","14,100","84,140","13,900","14,800","83,440","14,500","15,300","80,580","15,100","15,900","77,360"
3 bedrooms,Yorks & Humber,3 bedroomsYorks & Humber," 3,200 "," 3,700 "," 181,510 ","3,300","3,800","190,780","3,300","3,800","193,430","3,300","3,800","168,320","3,400","3,900","169,500","3,400","3,900","178,600","3,400","3,900","177,380","3,400","3,900","176,170","3,600","4,200","175,630","3,700","4,300","175,630","3,700","4,400","174,810"," 13,100 "," 13,900 "," 183,160 ","13,200","14,000","184,330","13,600","14,300","172,450","14,200","15,000","148,210","14,300","15,100","154,840","15,300","16,000","158,680","15,400","16,200","167,620","17,000","17,700","153,700","17,700","18,500","151,380","18,400","19,200","147,330","19,300","20,000","141,670"
4 bedrooms,Yorks & Humber,4 bedroomsYorks & Humber," 4,100 "," 4,700 "," 38,780 ","4,200","4,900","39,660","4,200","4,800","40,820","4,200","4,900","37,410","4,400","5,000","37,610","4,400","5,100","38,760","4,400","5,100","38,440","4,400","5,000","38,090","4,700","5,300","37,880","4,800","5,500","37,510","4,900","5,500","36,840"," 17,900 "," 19,000 "," 36,800 ","17,900","19,000","35,960","18,400","19,600","33,010","19,200","20,400","30,380","19,100","20,400","31,880","20,200","21,400","31,910","20,300","21,400","33,450","22,000","23,100","31,110","22,600","23,700","30,270","23,700","24,700","28,180","23,900","25,200","28,150"
5 or more bedrooms,Yorks & Humber,5 or more bedroomsYorks & Humber," 5,100 "," 6,100 "," 8,100 ","5,300","6,700","8,210","5,300","6,200","8,470","5,300","6,400","8,130","5,500","6,500","8,220","5,500","6,500","8,340","5,500","6,500","8,260","5,500","6,500","8,150","5,800","6,800","8,100","6,000","7,000","8,050","6,100","7,000","7,880"," 23,300 "," 24,400 "," 6,780 ","23,500","24,500","6,430","24,300","25,000","5,880","25,400","25,900","5,670","25,300","26,000","5,920","26,500","27,100","5,780","26,400","26,900","6,110","28,000","28,200","5,330","28,400","28,500","5,070","29,800","29,600","4,700","30,800","30,200","4,590"
1 bedroom,East Midlands,1 bedroomEast Midlands," 1,900 "," 2,900 "," 20,990 ","1,900","2,900","21,210","1,900","2,800","22,710","1,900","2,900","19,570","2,000","3,000","19,860","2,000","3,000","19,970","1,900","3,000","19,810","2,000","3,100","19,770","2,000","3,200","19,790","2,000","3,200","19,600","2,000","3,200","19,080"," 6,200 "," 6,900 "," 14,960 ","6,200","6,900","15,060","6,500","7,200","14,130","6,800","7,500","12,290","6,900","7,800","12,760","7,500","8,200","12,260","7,600","8,400","13,360","8,400","9,200","11,780","9,000","9,800","12,120","9,200","10,000","11,410","10,000","10,800","11,130"
2 bedrooms,East Midlands,2 bedroomsEast Midlands," 2,700 "," 3,500 "," 87,610 ","2,700","3,500","88,160","2,700","3,400","90,490","2,700","3,600","78,050","2,800","3,600","78,590","2,800","3,600","81,680","2,800","3,700","81,070","2,800","3,700","80,750","2,900","3,900","80,820","2,900","3,900","80,090","3,000","4,000","78,040"," 10,100 "," 11,000 "," 78,110 ","10,200","11,100","78,610","10,500","11,400","73,440","10,900","11,800","62,740","11,000","11,900","65,540","11,900","12,800","65,760","11,900","12,800","70,400","13,100","14,000","63,910","13,700","14,600","64,140","14,200","15,100","60,940","15,000","16,000","60,370"
3 bedrooms,East Midlands,3 bedroomsEast Midlands," 3,300 "," 3,900 "," 168,620 ","3,300","4,000","168,770","3,400","3,900","171,500","3,400","4,000","147,490","3,500","4,100","148,340","3,500","4,200","155,550","3,500","4,200","154,490","3,500","4,200","153,940","3,700","4,400","154,160","3,800","4,500","153,710","3,800","4,500","151,570"," 12,800 "," 13,600 "," 158,910 ","13,000","13,700","159,700","13,300","14,100","149,570","13,900","14,700","126,700","13,900","14,700","132,430","14,900","15,700","134,230","15,000","15,700","142,330","16,500","17,300","130,320","17,100","17,900","130,100","17,900","18,600","123,990","18,800","19,600","123,100"
4 bedrooms,East Midlands,4 bedroomsEast Midlands," 4,200 "," 4,900 "," 38,850 ","4,200","5,000","38,240","4,300","5,000","39,620","4,300","5,100","35,250","4,500","5,200","35,340","4,500","5,200","36,760","4,500","5,300","36,510","4,600","5,300","36,360","4,800","5,500","36,370","4,900","5,600","35,970","5,000","5,700","35,070"," 16,700 "," 17,800 "," 35,460 ","16,900","18,000","34,620","17,300","18,400","32,020","18,000","19,100","28,650","17,800","19,000","30,060","19,000","20,200","30,290","19,000","20,200","31,820","20,600","21,800","29,770","21,400","22,400","29,380","22,300","23,400","26,660","22,500","24,100","27,840"
5 or more bedrooms,East Midlands,5 or more bedroomsEast Midlands," 5,200 "," 6,300 "," 6,720 ","5,400","7,100","6,570","5,300","6,500","6,840","5,500","6,800","6,390","5,700","6,900","6,400","5,800","6,900","6,510","5,700","6,900","6,460","5,800","6,900","6,410","6,100","7,100","6,410","6,200","7,300","6,320","6,200","7,300","6,130"," 21,600 "," 22,800 "," 5,350 ","21,800","23,000","5,030","22,500","23,600","4,570","23,300","24,600","4,390","23,300","24,500","4,560","24,400","25,500","4,390","24,500","25,300","4,660","26,300","26,900","4,170","26,900","27,500","4,100","27,900","28,300","3,530","29,600","29,100","3,840"
1 bedroom,West Midlands,1 bedroomWest Midlands," 2,100 "," 3,000 "," 25,760 ","2,200","3,200","27,250","2,100","3,000","32,030","2,100","3,200","27,740","2,200","3,200","28,110","2,200","3,300","28,260","2,200","3,300","28,000","2,200","3,400","27,860","2,300","3,500","27,850","2,300","3,500","27,900","2,400","3,700","13,090"," 6,200 "," 6,800 "," 19,670 ","6,200","6,800","19,770","6,400","7,000","18,460","6,600","7,300","16,360","6,800","7,500","17,020","7,400","8,000","16,630","7,400","8,100","18,010","8,200","9,000","16,110","8,600","9,500","16,210","9,000","9,700","15,650","9,700","10,400","15,200"
2 bedrooms,West Midlands,2 bedroomsWest Midlands," 2,800 "," 3,600 "," 87,810 ","2,900","3,700","93,280","2,900","3,600","100,110","2,900","3,800","85,840","2,900","3,800","86,740","3,000","3,800","89,990","2,900","3,800","89,330","3,000","3,900","88,700","3,100","4,100","88,700","3,100","4,100","88,700","3,300","4,300","47,520"," 9,800 "," 10,700 "," 83,050 ","9,900","10,700","83,770","10,200","11,000","78,000","10,500","11,400","67,750","10,600","11,500","70,870","11,400","12,300","71,530","11,500","12,400","76,510","12,700","13,700","69,410","13,200","14,200","69,410","13,700","14,700","66,490","14,400","15,400","65,600"
3 bedrooms,West Midlands,3 bedroomsWest Midlands," 3,400 "," 4,000 "," 202,060 ","3,500","4,100","213,000","3,500","4,000","219,360","3,500","4,100","186,920","3,600","4,200","188,360","3,600","4,200","197,900","3,600","4,200","196,510","3,600","4,300","195,040","3,800","4,500","196,310","3,900","4,500","197,000","4,100","4,900","110,550"," 12,700 "," 13,600 "," 206,470 ","12,800","13,600","207,830","13,100","14,000","194,870","13,700","14,500","166,060","13,800","14,600","173,450","14,700","15,500","177,830","14,900","15,700","187,880","16,500","17,300","172,590","17,000","17,900","171,980","17,800","18,500","166,970","18,600","19,300","163,290"
4 bedrooms,West Midlands,4 bedroomsWest Midlands," 4,200 "," 4,900 "," 37,870 ","4,300","5,100","38,830","4,400","5,000","40,960","4,400","5,100","36,520","4,500","5,300","36,740","4,600","5,300","38,030","4,600","5,300","37,780","4,600","5,300","37,420","4,900","5,600","37,640","5,000","5,700","37,570","5,300","6,100","19,680"," 16,900 "," 18,100 "," 37,060 ","17,000","18,300","35,950","17,300","18,600","33,190","18,000","19,300","30,430","17,900","19,200","32,050","19,100","20,300","32,220","19,300","20,500","33,770","21,100","22,300","31,090","21,700","22,900","30,880","22,600","23,700","28,850","23,100","24,400","29,340"
5 or more bedrooms,West Midlands,5 or more bedroomsWest Midlands," 5,300 "," 6,400 "," 6,640 ","5,500","7,300","6,800","5,500","6,700","7,240","5,700","6,900","6,840","5,900","7,000","6,890","5,900","7,100","6,860","6,000","7,100","6,770","6,100","7,200","6,710","6,300","7,400","6,740","6,500","7,500","6,750","6,700","8,000","3,260"," 22,700 "," 23,800 "," 5,530 ","22,900","24,100","5,120","23,300","24,600","4,640","24,100","25,100","4,530","24,000","25,100","4,790","25,400","26,200","4,590","25,300","26,200","4,890","27,400","27,800","4,270","27,700","28,200","4,150","28,600","29,000","3,690","29,700","29,400","3,970"
1 bedroom,East of England,1 bedroomEast of England," 2,200 "," 3,300 "," 38,960 ","2,200","3,300","38,980","2,100","3,100","40,140","2,200","3,300","35,270","2,200","3,300","35,450","2,200","3,300","35,550","2,200","3,400","35,140","2,200","3,500","34,860","2,400","3,600","34,630","2,400","3,600","34,280","2,400","3,700","33,750"," 5,900 "," 6,600 "," 22,830 ","5,900","6,500","22,990","6,000","6,700","21,410","6,300","7,100","18,730","6,400","7,200","19,570","7,000","7,700","18,810","7,000","7,800","20,560","7,700","8,500","18,370","8,200","9,000","18,270","8,400","9,200","17,710","9,200","9,900","17,240"
2 bedrooms,East of England,2 bedroomsEast of England," 2,900 "," 3,900 "," 110,390 ","2,900","3,900","111,040","2,900","3,800","112,690","2,900","4,000","98,180","3,000","4,000","98,930","3,000","4,100","101,950","3,000","4,100","100,950","3,000","4,200","100,160","3,100","4,300","99,700","3,200","4,400","98,420","3,200","4,500","96,950"," 9,600 "," 10,600 "," 85,210 ","9,600","10,500","86,170","9,900","10,800","80,780","10,300","11,200","69,590","10,300","11,200","72,710","11,200","12,100","72,170","11,200","12,100","76,930","12,200","13,200","71,600","12,800","13,800","70,450","13,300","14,200","67,320","13,900","14,900","67,420"
3 bedrooms,East of England,3 bedroomsEast of England," 3,500 "," 4,200 "," 196,520 ","3,600","4,300","196,810","3,600","4,300","198,470","3,600","4,400","172,610","3,700","4,400","173,840","3,700","4,500","182,280","3,700","4,500","180,740","3,700","4,500","179,750","3,900","4,700","179,690","4,000","4,800","179,300","4,000","4,900","178,280"," 12,700 "," 13,600 "," 173,150 ","12,600","13,500","174,480","13,000","13,900","164,010","13,500","14,400","140,700","13,500","14,400","147,190","14,600","15,500","148,210","14,600","15,500","156,850","15,900","16,800","147,210","16,500","17,400","144,230","17,100","18,000","139,590","18,000","18,800","139,440"
4 bedrooms,East of England,4 bedroomsEast of England," 4,400 "," 5,100 "," 58,150 ","4,400","5,300","56,900","4,500","5,200","57,980","4,500","5,300","52,290","4,700","5,500","52,590","4,700","5,500","54,490","4,700","5,500","54,030","4,700","5,500","53,760","5,000","5,800","53,720","5,100","5,900","53,310","5,100","5,900","52,740"," 17,100 "," 18,300 "," 49,720 ","17,000","18,200","48,510","17,500","18,700","45,240","18,000","19,300","40,770","17,900","19,200","42,720","19,300","20,600","41,740","19,300","20,600","43,930","20,700","21,900","42,320","21,500","22,600","40,440","22,100","23,200","38,240","22,500","24,000","39,850"
5 or more bedrooms,East of England,5 or more bedroomsEast of England," 5,600 "," 6,800 "," 11,360 ","5,800","7,700","11,030","5,800","7,000","11,270","6,000","7,300","10,860","6,200","7,500","10,960","6,200","7,400","10,880","6,200","7,400","10,810","6,200","7,400","10,770","6,600","7,700","10,720","6,800","7,900","10,640","6,700","7,900","10,540"," 23,100 "," 24,500 "," 8,470 ","22,900","24,300","7,900","23,600","24,800","7,250","24,700","25,800","7,020","24,400","25,600","7,320","26,100","26,900","6,760","25,900","26,800","7,130","27,400","27,900","6,590","28,100","28,500","6,200","28,800","29,100","5,720","29,900","29,700","5,990"
1 bedroom,London,1 bedroomLondon," 2,000 "," 2,900 "," 75,360 ","2,000","3,100","75,540","2,000","2,700","91,010","2,000","2,900","80,880","2,100","2,900","82,170","2,100","3,000","76,110","2,000","3,000","75,200","2,100","3,000","75,060","2,100","3,100","74,390","2,200","3,100","73,420","2,200","3,200","72,360"," 5,900 "," 6,800 "," 53,170 ","5,900","6,800","53,920","6,100","7,100","48,690","6,400","7,400","48,550","6,500","7,500","51,130","7,000","7,900","41,860","6,900","7,900","48,950","7,600","8,700","40,920","8,000","9,100","40,490","8,200","9,200","39,980","8,900","9,900","38,540"
2 bedrooms,London,2 bedroomsLondon," 2,800 "," 3,600 "," 139,630 ","2,800","3,800","139,650","2,800","3,600","151,610","2,800","3,700","134,770","2,900","3,700","136,480","2,900","3,800","134,990","2,900","3,800","133,610","2,900","3,800","133,290","3,000","3,900","132,430","3,000","3,900","130,970","3,100","4,000","129,030"," 9,600 "," 10,500 "," 121,030 ","9,600","10,400","122,470","9,900","10,800","112,870","10,200","11,100","105,020","10,300","11,200","110,070","11,100","12,000","102,570","11,100","12,000","114,400","12,100","13,000","99,980","12,600","13,500","97,920","13,000","13,900","96,460","13,600","14,500","94,750"
3 bedrooms,London,3 bedroomsLondon," 3,600 "," 4,200 "," 196,820 ","3,600","4,300","197,340","3,600","4,200","201,470","3,600","4,300","179,400","3,700","4,400","181,490","3,700","4,400","189,630","3,700","4,400","187,440","3,700","4,400","187,390","3,900","4,600","187,430","3,900","4,600","187,120","4,000","4,700","186,160"," 14,600 "," 15,500 "," 193,490 ","14,500","15,400","196,430","15,000","15,900","183,430","15,400","16,200","162,510","15,300","16,200","170,800","16,600","17,400","170,600","16,600","17,400","184,780","18,100","18,800","166,530","18,600","19,300","163,370","19,200","19,900","161,780","20,100","20,700","159,880"
4 bedrooms,London,4 bedroomsLondon," 4,500 "," 5,400 "," 42,910 ","4,700","5,700","41,100","4,600","5,400","41,830","4,700","5,500","37,950","4,800","5,600","38,430","4,800","5,600","39,850","4,800","5,600","39,410","4,800","5,700","39,440","5,000","5,800","39,390","5,100","5,900","39,290","5,100","6,000","39,090"," 19,900 "," 21,000 "," 41,430 ","20,000","21,000","39,780","20,700","21,700","36,700","21,200","22,100","33,150","20,900","21,900","35,070","22,600","23,300","34,500","22,500","23,300","37,550","24,400","24,900","33,450","24,700","25,300","32,380","25,500","25,900","31,800","26,400","26,600","31,160"
5 or more bedrooms,London,5 or more bedroomsLondon," 6,000 "," 7,200 "," 14,880 ","6,300","8,200","14,670","6,100","7,300","14,640","6,300","7,500","13,700","6,400","7,600","13,860","6,300","7,500","14,420","6,400","7,500","14,300","6,300","7,500","14,310","6,600","7,700","14,320","6,700","7,800","14,270","6,800","7,900","14,190"," 26,300 "," 26,600 "," 13,290 ","26,400","26,500","12,590","27,100","27,200","11,370","27,500","27,600","10,460","27,200","27,300","11,110","28,800","28,600","10,700","28,700","28,300","11,750","30,100","29,400","9,800","30,400","29,800","9,500","31,100","30,300","9,200","31,800","30,800","8,760"
1 bedroom,South East,1 bedroomSouth East," 2,200 "," 3,300 "," 54,610 ","2,300","3,400","54,660","2,300","3,200","62,210","2,300","3,400","54,680","2,400","3,400","55,260","2,400","3,500","54,080","2,400","3,500","53,520","2,400","3,600","53,360","2,500","3,600","52,390","2,500","3,600","52,170","2,600","3,800","51,180"," 5,800 "," 6,600 "," 31,330 ","5,800","6,600","31,720","6,000","6,800","29,420","6,200","7,100","26,460","6,200","7,100","27,820","6,800","7,600","25,330","6,700","7,700","28,240","7,500","8,400","24,710","8,000","8,900","23,480","8,200","9,100","23,610","8,900","9,700","22,940"
2 bedrooms,South East,2 bedroomsSouth East," 2,900 "," 3,800 "," 156,680 ","2,900","3,900","157,750","2,900","3,800","166,320","2,900","3,900","143,720","3,000","3,900","144,710","3,000","4,000","147,460","3,000","4,000","145,870","3,000","4,000","145,220","3,100","4,200","142,780","3,200","4,200","142,560","3,200","4,300","139,970"," 9,500 "," 10,500 "," 131,430 ","9,500","10,500","133,460","9,800","10,800","124,060","10,100","11,100","106,770","10,100","11,100","112,210","10,900","11,900","110,250","11,000","12,000","119,230","12,100","13,100","107,040","12,700","13,800","102,490","13,100","14,200","102,000","13,600","14,800","101,100"
3 bedrooms,South East,3 bedroomsSouth East," 3,500 "," 4,200 "," 274,380 ","3,600","4,300","275,210","3,600","4,300","282,060","3,600","4,300","242,530","3,800","4,400","244,320","3,800","4,500","255,670","3,800","4,500","252,850","3,800","4,500","251,970","4,000","4,700","249,510","4,000","4,800","251,130","4,100","4,800","248,930"," 12,600 "," 13,600 "," 259,160 ","12,600","13,500","261,850","12,900","13,900","244,990","13,400","14,400","207,800","13,300","14,300","218,700","14,400","15,300","220,060","14,500","15,500","235,570","15,900","16,900","213,790","16,600","17,600","206,170","17,200","18,100","205,670","17,800","18,800","203,270"
4 bedrooms,South East,4 bedroomsSouth East," 4,400 "," 5,200 "," 83,560 ","4,500","5,400","81,260","4,500","5,300","84,390","4,600","5,400","75,840","4,800","5,500","76,410","4,800","5,600","79,460","4,800","5,600","78,660","4,800","5,600","78,280","5,100","5,900","77,550","5,200","5,900","77,950","5,200","6,000","76,850"," 17,500 "," 18,900 "," 77,090 ","17,500","18,800","74,750","18,000","19,300","69,590","18,500","19,900","62,420","18,300","19,700","65,780","19,600","20,900","65,550","19,700","21,000","69,460","21,400","22,700","63,780","22,200","23,400","60,880","22,900","24,000","59,570","23,300","24,600","59,990"
5 or more bedrooms,South East,5 or more bedroomsSouth East," 5,800 "," 7,000 "," 20,090 ","6,000","8,000","19,510","6,000","7,200","20,540","6,200","7,500","19,770","6,400","7,600","20,000","6,400","7,600","20,550","6,400","7,600","20,330","6,400","7,700","20,180","6,700","7,900","20,010","6,800","8,000","20,080","6,900","8,100","19,740"," 24,000 "," 25,000 "," 16,100 ","23,900","24,900","15,010","24,600","25,500","13,710","25,400","26,300","13,290","24,900","26,000","14,020","26,400","27,200","13,680","26,300","27,100","14,570","28,200","28,700","12,760","28,900","29,100","11,830","29,800","29,800","11,490","30,400","30,400","11,480"
1 bedroom,South West,1 bedroomSouth West," 2,400 "," 3,400 "," 28,110 ","2,400","3,500","29,250","2,400","3,300","34,190","2,500","3,500","30,260","2,500","3,500","30,550","2,600","3,600","28,950","2,600","3,700","28,780","2,600","3,700","28,720","2,700","3,900","28,030","2,800","3,800","27,990","2,900","4,000","25,320"," 5,200 "," 6,000 "," 15,260 ","5,200","6,000","15,490","5,400","6,300","14,500","5,600","6,700","13,220","5,600","6,700","13,840","6,200","7,100","12,400","6,300","7,300","13,650","7,000","8,000","11,980","7,400","8,400","11,730","7,700","8,700","11,530","8,300","9,200","10,910"
2 bedrooms,South West,2 bedroomsSouth West," 2,900 "," 4,000 "," 97,110 ","3,000","4,000","102,440","3,000","3,900","108,910","3,000","4,100","95,890","3,100","4,100","96,800","3,100","4,200","97,260","3,100","4,200","96,580","3,100","4,200","95,960","3,200","4,400","94,470","3,300","4,400","94,740","3,400","4,600","87,270"," 8,300 "," 9,200 "," 76,320 ","8,400","9,300","77,570","8,700","9,600","72,530","9,000","9,900","63,130","8,900","9,800","66,390","9,800","10,700","65,330","9,900","10,800","69,510","11,000","12,000","62,900","11,500","12,600","61,610","12,100","13,100","60,330","12,700","13,800","58,050"
3 bedrooms,South West,3 bedroomsSouth West," 3,500 "," 4,300 "," 165,310 ","3,600","4,400","173,470","3,600","4,400","178,030","3,600","4,400","155,790","3,700","4,500","157,050","3,700","4,500","162,660","3,700","4,600","161,520","3,700","4,600","160,570","3,900","4,800","158,770","4,000","4,900","160,270","4,100","5,000","147,700"," 10,900 "," 11,800 "," 144,570 ","11,100","11,900","145,900","11,400","12,300","136,570","11,800","12,600","117,650","11,600","12,500","123,330","12,800","13,600","125,270","12,900","13,800","132,100","14,400","15,300","121,120","15,000","15,900","118,230","15,700","16,500","116,450","16,500","17,400","112,910"
4 bedrooms,South West,4 bedroomsSouth West," 4,200 "," 5,000 "," 45,960 ","4,200","5,200","47,060","4,300","5,100","49,040","4,300","5,200","44,990","4,500","5,300","45,350","4,500","5,400","46,070","4,500","5,400","45,870","4,500","5,400","45,480","4,800","5,700","44,890","4,900","5,800","45,190","5,000","5,900","40,970"," 14,800 "," 16,000 "," 38,790 ","14,900","16,100","37,610","15,400","16,600","34,750","15,900","17,100","31,900","15,600","16,800","33,660","16,900","18,200","33,720","17,100","18,300","35,220","18,800","20,100","32,460","19,500","20,700","31,860","20,500","21,600","30,160","20,900","22,400","30,090"
5 or more bedrooms,South West,5 or more bedroomsSouth West," 5,200 "," 6,500 "," 9,750 ","5,500","7,600","10,350","5,500","6,800","10,690","5,700","7,100","10,710","5,800","7,200","10,840","5,900","7,200","10,640","5,900","7,200","10,530","5,900","7,200","10,480","6,200","7,500","10,380","6,400","7,600","10,460","6,400","7,700","9,590"," 20,200 "," 21,700 "," 6,900 ","20,400","21,900","6,520","21,200","22,500","6,020","21,500","23,000","6,030","21,100","22,600","6,390","23,100","24,400","6,160","23,100","24,300","6,520","25,000","25,900","5,730","25,600","26,300","5,480","26,900","27,300","5,230","27,800","28,100","5,070"
1 bedroom,Wales,1 bedroomWales," 1,900 "," 2,600 "," 11,040 ","1,900","2,700","11,650","1,900","2,600","12,690","1,900","2,800","11,050","1,900","2,800","11,120", n/a , n/a , n/a , n/a , n/a , n/a , n/a , n/a , n/a , n/a , n/a , n/a , n/a , n/a , n/a , n/a , n/a , n/a ," 5,300 "," 6,200 "," 7,790 ","5,400","6,300","7,830","5,700","6,500","7,340","5,900","6,800","6,590","5,900","7,000","6,910", n/a , n/a , n/a , n/a , n/a , n/a , n/a , n/a , n/a , n/a , n/a , n/a , n/a , n/a , n/a , n/a , n/a , n/a 
2 bedrooms,Wales,2 bedroomsWales," 2,600 "," 3,300 "," 46,490 ","2,600","3,400","49,360","2,700","3,400","51,510","2,700","3,500","44,700","2,700","3,500","45,090", n/a , n/a , n/a , n/a , n/a , n/a , n/a , n/a , n/a , n/a , n/a , n/a , n/a , n/a , n/a , n/a , n/a , n/a ," 8,900 "," 9,800 "," 39,680 ","9,100","10,000","40,030","9,500","10,400","37,750","9,900","10,800","32,550","10,000","10,900","34,080", n/a , n/a , n/a , n/a , n/a , n/a , n/a , n/a , n/a , n/a , n/a , n/a , n/a , n/a , n/a , n/a , n/a , n/a 
3 bedrooms,Wales,3 bedroomsWales," 3,300 "," 3,800 "," 114,300 ","3,300","3,900","121,190","3,300","3,900","124,210","3,300","3,900","106,500","3,400","4,000","107,260", n/a , n/a , n/a , n/a , n/a , n/a , n/a , n/a , n/a , n/a , n/a , n/a , n/a , n/a , n/a , n/a , n/a , n/a ," 11,800 "," 12,500 "," 106,720 ","12,100","12,700","107,440","12,600","13,300","101,420","13,100","13,800","85,650","13,100","13,900","89,760", n/a , n/a , n/a , n/a , n/a , n/a , n/a , n/a , n/a , n/a , n/a , n/a , n/a , n/a , n/a , n/a , n/a , n/a 
4 bedrooms,Wales,4 bedroomsWales," 4,000 "," 4,600 "," 24,370 ","4,100","4,900","25,890","4,100","4,800","27,050","4,200","4,900","24,060","4,300","5,000","24,250", n/a , n/a , n/a , n/a , n/a , n/a , n/a , n/a , n/a , n/a , n/a , n/a , n/a , n/a , n/a , n/a , n/a , n/a ," 15,700 "," 16,700 "," 21,060 ","16,100","17,000","20,710","16,700","17,700","19,000","17,300","18,300","17,140","17,100","18,100","18,300", n/a , n/a , n/a , n/a , n/a , n/a , n/a , n/a , n/a , n/a , n/a , n/a , n/a , n/a , n/a , n/a , n/a , n/a 
5 or more bedrooms,Wales,5 or more bedroomsWales," 4,900 "," 5,900 "," 4,130 ","5,100","6,700","4,460","5,100","6,200","4,760","5,200","6,400","4,430","5,400","6,600","4,490", n/a , n/a , n/a , n/a , n/a , n/a , n/a , n/a , n/a , n/a , n/a , n/a , n/a , n/a , n/a , n/a , n/a , n/a ," 20,100 "," 21,200 "," 3,110 ","20,600","21,600","2,990","21,600","22,400","2,740","22,000","23,000","2,690","21,900","22,700","2,860", n/a , n/a , n/a , n/a , n/a , n/a , n/a , n/a , n/a , n/a , n/a , n/a , n/a , n/a , n/a , n/a , n/a , n/a 
50 or less,Owner-occupied,50 or lessOwner-occupied," 2,500 "," 3,700 "," 123,800 ","2,600","3,800","123,970","2,600","3,600","131,370","2,500","3,700","131,270","2,600","3,600","132,600","2,900","4,100","82,780","2,900","4,100","82,170","3,000","4,200","81,800","3,100","4,400","80,930","3,100","4,300","79,540","3,100","4,400","71,700"," 6,800 "," 7,800 "," 77,330 ","6,900","7,900","76,710","7,100","8,200","70,060","7,000","7,700","68,730","7,000","7,900","72,330","7,900","8,600","44,190","8,000","8,800","48,610","8,700","9,600","43,520","9,200","10,000","42,560","9,600","10,300","40,450","10,300","10,900","40,570"
51 to 100,Owner-occupied,51 to 100Owner-occupied," 3,000 "," 3,700 "," 1,213,630 ","3,100","3,700","1,284,250","3,100","3,700","1,305,580","3,100","3,800","1,127,850","3,200","3,900","1,135,740","3,300","3,900","1,061,260","3,300","4,000","1,053,300","3,300","4,000","1,047,800","3,400","4,200","1,047,310","3,500","4,200","1,048,840","3,500","4,400","923,050"," 11,400 "," 12,000 "," 1,172,720 ","11,500","12,100","1,206,970","11,900","12,500","1,131,470","12,300","12,800","962,090","12,200","12,800","1,006,860","13,300","13,800","917,170","13,400","14,000","973,280","14,800","15,400","898,780","15,300","16,000","883,780","16,000","16,500","862,030","16,700","17,300","852,810"
101 to 150,Owner-occupied,101 to 150Owner-occupied," 3,700 "," 4,300 "," 851,290 ","3,800","4,400","877,430","3,800","4,400","895,590","3,800","4,400","792,890","4,000","4,600","798,530","4,000","4,700","708,090","4,000","4,700","702,320","4,100","4,700","697,780","4,300","4,900","697,870","4,400","5,000","697,320","4,400","5,100","613,840"," 15,300 "," 16,100 "," 817,090 ","15,400","16,200","817,580","16,000","16,700","764,250","16,500","17,300","672,370","16,400","17,200","706,260","17,700","18,400","609,540","17,800","18,600","642,950","19,600","20,400","598,740","20,300","21,100","585,640","21,100","21,800","565,250","22,000","22,600","564,850"
151 to 200,Owner-occupied,151 to 200Owner-occupied," 4,600 "," 5,400 "," 184,670 ","4,700","5,700","185,420","4,700","5,500","192,510","4,800","5,600","177,740","5,000","5,800","179,250","5,000","5,800","150,130","5,100","5,800","148,770","5,100","5,900","147,720","5,400","6,100","147,470","5,500","6,200","147,440","5,500","6,400","130,150"," 21,100 "," 22,100 "," 160,480 ","21,200","22,200","154,680","21,900","22,900","143,010","22,600","23,400","133,990","22,200","23,200","141,240","23,800","24,700","116,790","24,000","24,900","122,940","26,000","26,700","113,060","26,700","27,300","108,770","27,800","28,300","103,080","28,400","28,900","103,880"
Over 200,Owner-occupied,Over 200Owner-occupied," 6,000 "," 7,300 "," 82,560 ","6,300","8,200","85,270","6,200","7,400","89,120","6,400","7,600","86,460","6,600","7,800","87,360", n/a , n/a , n/a , n/a , n/a , n/a , n/a , n/a , n/a , n/a , n/a , n/a , n/a , n/a , n/a , n/a , n/a , n/a ," 27,800 "," 28,000 "," 55,830 ","27,800","28,100","52,810","28,500","28,800","47,840","29,000","29,100","47,760","28,600","28,800","50,280", n/a , n/a , n/a , n/a , n/a , n/a , n/a , n/a , n/a , n/a , n/a , n/a , n/a , n/a , n/a , n/a , n/a , n/a 
50 or less,Privately rented,50 or lessPrivately rented," 2,600 "," 3,800 "," 131,220 ","2,700","3,900","140,300","2,600","3,600","153,210","2,400","3,600","142,600","2,500","3,500","144,210","2,800","3,900","54,680","2,800","4,000","53,950","2,900","4,000","53,700","2,900","4,200","52,660","2,900","4,100","51,250","3,100","4,300","43,640"," 6,400 "," 7,400 "," 68,170 ","6,400","7,400","71,320","6,600","7,600","64,780","6,600","7,400","67,520","6,600","7,600","70,690","7,100","7,900","24,330","7,100","8,000","27,360","7,800","8,700","23,700","8,300","9,200","23,230","8,600","9,500","22,200","9,400","10,200","21,380"
51 to 100,Privately rented,51 to 100Privately rented," 2,800 "," 3,600 "," 276,690 ","2,800","3,600","281,910","2,900","3,600","291,830","2,900","3,700","249,730","2,900","3,700","252,760","3,000","3,700","107,020","2,900","3,700","105,740","3,000","3,800","104,910","3,000","3,900","103,870","3,100","3,900","103,520","3,200","4,100","89,670"," 9,900 "," 10,700 "," 254,150 ","9,800","10,500","252,520","10,200","10,900","232,340","10,300","11,000","197,160","10,400","11,200","206,260","11,300","12,000","85,650","11,400","12,100","93,560","12,400","13,200","83,320","13,100","13,800","81,760","13,700","14,400","78,990","14,600","15,300","77,670"
101 to 150,Privately rented,101 to 150Privately rented," 3,700 "," 4,300 "," 102,560 ","3,700","4,400","101,420","3,700","4,300","103,960","3,700","4,400","80,210","3,800","4,500","80,950","3,800","4,400","33,740","3,800","4,400","33,290","3,800","4,500","33,030","4,000","4,600","32,670","4,100","4,700","32,630","4,200","4,900","28,560"," 14,100 "," 15,000 "," 98,590 ","14,000","14,900","94,730","14,400","15,400","87,280","14,500","15,500","65,980","14,500","15,600","69,030","15,500","16,400","28,350","15,600","16,500","30,660","17,200","18,000","27,630","18,000","18,800","27,040","18,700","19,400","26,060","19,800","20,500","25,880"
151 to 200,Privately rented,151 to 200Privately rented," 4,700 "," 5,600 "," 16,720 ","4,900","6,000","16,460","4,800","5,700","17,090","4,900","5,900","13,100","5,000","6,000","13,260","5,000","5,800","4,650","5,000","5,900","4,640","5,100","5,900","4,550","5,400","6,200","4,530","5,500","6,200","4,500","5,600","6,400","3,990"," 20,000 "," 21,100 "," 14,870 ","20,000","21,000","14,140","20,800","21,700","12,880","21,200","22,100","9,620","21,100","22,000","10,060","21,600","22,600","3,660","21,800","22,700","3,940","23,900","24,500","3,520","24,200","24,900","3,400","25,500","25,900","3,230","26,900","27,300","3,200"
Over 200,Privately rented,Over 200Privately rented," 6,400 "," 7,600 "," 7,410 ","6,900","9,200","7,920","6,600","7,900","8,180","7,200","8,600","7,270","7,400","8,700","7,400", n/a , n/a , n/a , n/a , n/a , n/a , n/a , n/a , n/a , n/a , n/a , n/a , n/a , n/a , n/a , n/a , n/a , n/a ," 27,300 "," 27,100 "," 5,270 ","26,800","26,800","4,950","27,900","27,700","4,440","29,100","28,700","3,660","28,700","28,400","3,890", n/a , n/a , n/a , n/a , n/a , n/a , n/a , n/a , n/a , n/a , n/a , n/a , n/a , n/a , n/a , n/a , n/a , n/a 
50 or less,Council/Housing Association,50 or lessCouncil/Housing Association," 2,000 "," 2,700 "," 199,150 ","2,000","2,800","202,070","2,000","2,600","210,930","2,000","2,800","150,320","2,100","2,900","152,380","2,100","3,000","134,960","2,100","3,000","133,820","2,100","3,100","133,380","2,200","3,200","132,030","2,200","3,200","130,750","2,200","3,300","112,060"," 5,800 "," 6,400 "," 146,570 ","5,800","6,400","145,840","6,000","6,600","134,900","6,400","7,000","97,960","6,600","7,200","102,320","7,000","7,600","77,760","7,100","7,700","86,420","7,900","8,500","75,750","8,300","9,000","75,180","8,600","9,300","73,030","9,400","10,000","69,880"
51 to 100,Council/Housing Association,51 to 100Council/Housing Association," 3,100 "," 3,700 "," 438,630 ","3,100","3,700","440,280","3,100","3,600","448,570","3,000","3,600","386,490","3,100","3,600","389,970","3,100","3,700","342,960","3,100","3,700","339,900","3,100","3,800","337,810","3,200","4,000","337,000","3,300","4,000","336,880","3,300","4,100","294,210"," 9,500 "," 9,900 "," 418,580 ","9,500","9,900","408,390","9,800","10,200","384,170","10,500","11,000","333,010","10,700","11,200","346,240","11,400","11,800","292,730","11,600","12,100","313,960","12,800","13,300","283,990","13,500","14,000","279,910","13,900","14,400","273,440","14,800","15,300","265,210"
101 to 150,Council/Housing Association,101 to 150Council/Housing Association," 3,900 "," 4,500 "," 87,760 ","3,900","4,500","84,820","3,900","4,400","86,200","3,700","4,200","81,060","3,800","4,300","81,660","3,800","4,400","66,190","3,800","4,400","65,600","3,800","4,400","65,140","4,000","4,700","64,960","4,100","4,700","64,890","4,200","4,900","56,850"," 11,900 "," 12,500 "," 85,510 ","11,800","12,500","80,320","12,200","12,800","75,210","13,100","13,800","71,220","13,200","14,000","74,240","13,900","14,500","58,690","14,100","14,700","62,580","15,500","16,200","56,940","16,300","17,000","56,120","17,000","17,600","54,630","18,000","18,600","53,400"
151 to 200,Council/Housing Association,151 to 200Council/Housing Association," 4,900 "," 5,700 "," 3,440 ","5,000","5,900","3,010","5,000","5,700","3,100","4,900","5,600","3,170","4,900","5,700","3,200","5,000","5,600","1,430","5,000","5,700","1,410","5,000","5,700","1,390","5,200","5,800","1,370","5,400","6,100","1,380","5,400","6,000","1,200"," 18,300 "," 19,400 "," 3,180 ","18,300","19,500","2,690","19,000","20,100","2,480","20,700","21,300","2,510","20,600","21,300","2,610","20,000","21,000","1,150","20,100","21,000","1,250","21,700","22,900","1,110","23,100","23,700","1,080","24,100","24,500","1,070","25,200","25,800","1,010"
Over 200,Council/Housing Association,Over 200Council/Housing Association," 6,400 "," 7,500 ", 870 ,"7,000","9,100",890,"6,700","7,900",920,"6,400","7,700","1,060","6,600","7,800","1,060", n/a , n/a , n/a , n/a , n/a , n/a , n/a , n/a , n/a , n/a , n/a , n/a , n/a , n/a , n/a , n/a , n/a , n/a ," 24,800 "," 25,200 ", 670 ,"25,000","25,700",610,"26,000","26,400",560,"27,800","27,700",670,"27,700","27,400",700, n/a , n/a , n/a , n/a , n/a , n/a , n/a , n/a , n/a , n/a , n/a , n/a , n/a , n/a , n/a , n/a , n/a , n/a 
50 or less,"Less than £15,000","50 or lessLess than £15,000"," 1,900 "," 2,800 "," 117,840 ","2,000","3,000","140,320","2,000","2,800","148,530","2,000","2,900","141,010","2,000","2,900","142,990", n/a , n/a , n/a , n/a , n/a , n/a , n/a , n/a , n/a , n/a , n/a , n/a , n/a , n/a , n/a , n/a , n/a , n/a ," 5,600 "," 6,300 "," 80,610 ","5,700","6,400","93,010","5,900","6,600","86,200","6,100","6,700","80,740","6,200","6,900","84,290", n/a , n/a , n/a , n/a , n/a , n/a , n/a , n/a , n/a , n/a , n/a , n/a , n/a , n/a , n/a , n/a , n/a , n/a 
51 to 100,"Less than £15,000","51 to 100Less than £15,000"," 2,500 "," 3,200 "," 333,640 ","2,600","3,300","427,650","2,600","3,300","436,840","2,600","3,300","414,060","2,700","3,300","418,270", n/a , n/a , n/a , n/a , n/a , n/a , n/a , n/a , n/a , n/a , n/a , n/a , n/a , n/a , n/a , n/a , n/a , n/a ," 9,900 "," 10,500 "," 324,020 ","10,000","10,500","399,120","10,300","10,900","375,930","10,700","11,200","352,880","10,800","11,300","367,570", n/a , n/a , n/a , n/a , n/a , n/a , n/a , n/a , n/a , n/a , n/a , n/a , n/a , n/a , n/a , n/a , n/a , n/a 
101 to 150,"Less than £15,000","101 to 150Less than £15,000"," 3,000 "," 3,600 "," 103,970 ","3,100","3,800","132,950","3,000","3,700","135,590","3,000","3,700","137,020","3,100","3,800","138,190", n/a , n/a , n/a , n/a , n/a , n/a , n/a , n/a , n/a , n/a , n/a , n/a , n/a , n/a , n/a , n/a , n/a , n/a ," 13,300 "," 14,100 "," 100,380 ","13,300","14,000","123,410","13,700","14,400","116,090","14,300","15,000","116,340","14,300","15,100","121,810", n/a , n/a , n/a , n/a , n/a , n/a , n/a , n/a , n/a , n/a , n/a , n/a , n/a , n/a , n/a , n/a , n/a , n/a 
151 to 200,"Less than £15,000","151 to 200Less than £15,000"," 3,700 "," 4,600 "," 11,210 ","3,800","4,900","13,700","3,800","4,700","14,300","3,800","4,800","17,000","3,900","4,800","17,180", n/a , n/a , n/a , n/a , n/a , n/a , n/a , n/a , n/a , n/a , n/a , n/a , n/a , n/a , n/a , n/a , n/a , n/a ," 19,600 "," 20,500 "," 9,060 ","19,500","20,500","10,680","20,400","21,100","9,950","21,300","22,100","12,100","20,900","21,900","12,720", n/a , n/a , n/a , n/a , n/a , n/a , n/a , n/a , n/a , n/a , n/a , n/a , n/a , n/a , n/a , n/a , n/a , n/a 
Over 200,"Less than £15,000","Over 200Less than £15,000"," 4,800 "," 6,200 "," 4,480 ","5,100","7,100","5,430","5,100","6,400","5,690","5,000","6,500","7,470","5,200","6,600","7,540", n/a , n/a , n/a , n/a , n/a , n/a , n/a , n/a , n/a , n/a , n/a , n/a , n/a , n/a , n/a , n/a , n/a , n/a ," 26,300 "," 26,400 "," 2,680 ","25,900","26,000","3,050","26,600","26,800","2,810","27,200","27,400","3,780","26,700","27,100","3,980", n/a , n/a , n/a , n/a , n/a , n/a , n/a , n/a , n/a , n/a , n/a , n/a , n/a , n/a , n/a , n/a , n/a , n/a 
50 or less,"£15,000 - £19,999","50 or less£15,000 - £19,999"," 2,100 "," 3,100 "," 53,500 ","2,100","3,100","55,730","2,100","2,900","59,160","2,100","3,100","45,750","2,100","3,000","46,200", n/a , n/a , n/a , n/a , n/a , n/a , n/a , n/a , n/a , n/a , n/a , n/a , n/a , n/a , n/a , n/a , n/a , n/a ," 5,900 "," 6,500 "," 32,320 ","5,800","6,500","34,420","6,000","6,700","32,020","6,400","7,000","24,800","6,500","7,100","25,980", n/a , n/a , n/a , n/a , n/a , n/a , n/a , n/a , n/a , n/a , n/a , n/a , n/a , n/a , n/a , n/a , n/a , n/a 
51 to 100,"£15,000 - £19,999","51 to 100£15,000 - £19,999"," 2,700 "," 3,400 "," 177,870 ","2,800","3,500","185,770","2,800","3,400","189,510","2,700","3,400","155,800","2,800","3,500","157,130", n/a , n/a , n/a , n/a , n/a , n/a , n/a , n/a , n/a , n/a , n/a , n/a , n/a , n/a , n/a , n/a , n/a , n/a ," 10,100 "," 10,700 "," 167,690 ","10,100","10,700","171,720","10,500","11,100","161,580","11,100","11,600","131,320","11,100","11,700","136,940", n/a , n/a , n/a , n/a , n/a , n/a , n/a , n/a , n/a , n/a , n/a , n/a , n/a , n/a , n/a , n/a , n/a , n/a 
101 to 150,"£15,000 - £19,999","101 to 150£15,000 - £19,999"," 3,100 "," 3,800 "," 65,150 ","3,300","4,000","68,750","3,300","3,900","69,980","3,300","4,000","65,800","3,400","4,100","66,280", n/a , n/a , n/a , n/a , n/a , n/a , n/a , n/a , n/a , n/a , n/a , n/a , n/a , n/a , n/a , n/a , n/a , n/a ," 13,700 "," 14,400 "," 61,670 ","13,800","14,500","63,740","14,400","15,000","59,920","15,200","15,900","55,710","15,100","15,900","58,300", n/a , n/a , n/a , n/a , n/a , n/a , n/a , n/a , n/a , n/a , n/a , n/a , n/a , n/a , n/a , n/a , n/a , n/a 
151 to 200,"£15,000 - £19,999","151 to 200£15,000 - £19,999"," 3,800 "," 4,700 "," 7,070 ","4,000","5,100","7,720","4,000","4,800","8,020","4,100","5,100","9,340","4,200","5,100","9,430", n/a , n/a , n/a , n/a , n/a , n/a , n/a , n/a , n/a , n/a , n/a , n/a , n/a , n/a , n/a , n/a , n/a , n/a ," 19,200 "," 20,200 "," 5,770 ","19,500","20,400","6,000","20,500","21,200","5,590","21,500","22,300","6,630","21,200","22,200","6,970", n/a , n/a , n/a , n/a , n/a , n/a , n/a , n/a , n/a , n/a , n/a , n/a , n/a , n/a , n/a , n/a , n/a , n/a 
Over 200,"£15,000 - £19,999","Over 200£15,000 - £19,999"," 5,000 "," 6,300 "," 2,480 ","5,200","7,300","2,820","5,100","6,400","3,000","5,500","6,800","4,230","5,600","6,900","4,250", n/a , n/a , n/a , n/a , n/a , n/a , n/a , n/a , n/a , n/a , n/a , n/a , n/a , n/a , n/a , n/a , n/a , n/a ," 25,000 "," 25,700 "," 1,500 ","25,600","26,000","1,520","25,900","26,400","1,410","28,100","28,000","2,150","27,600","27,700","2,270", n/a , n/a , n/a , n/a , n/a , n/a , n/a , n/a , n/a , n/a , n/a , n/a , n/a , n/a , n/a , n/a , n/a , n/a 
50 or less,"£20,000 - £29,999","50 or less£20,000 - £29,999"," 2,300 "," 3,300 "," 101,070 ","2,300","3,400","102,900","2,300","3,200","110,170","2,400","3,500","84,560","2,400","3,400","85,450", n/a , n/a , n/a , n/a , n/a , n/a , n/a , n/a , n/a , n/a , n/a , n/a , n/a , n/a , n/a , n/a , n/a , n/a ," 5,900 "," 6,600 "," 63,630 ","6,000","6,700","63,530","6,200","6,900","58,240","6,300","7,000","44,400","6,400","7,100","46,550", n/a , n/a , n/a , n/a , n/a , n/a , n/a , n/a , n/a , n/a , n/a , n/a , n/a , n/a , n/a , n/a , n/a , n/a 
51 to 100,"£20,000 - £29,999","51 to 100£20,000 - £29,999"," 2,900 "," 3,500 "," 470,280 ","2,900","3,500","491,370","2,900","3,500","499,390","2,900","3,600","392,760","3,000","3,600","395,600", n/a , n/a , n/a , n/a , n/a , n/a , n/a , n/a , n/a , n/a , n/a , n/a , n/a , n/a , n/a , n/a , n/a , n/a ," 10,200 "," 10,800 "," 453,440 ","10,400","10,900","458,340","10,700","11,300","429,000","11,200","11,700","332,190","11,200","11,800","346,710", n/a , n/a , n/a , n/a , n/a , n/a , n/a , n/a , n/a , n/a , n/a , n/a , n/a , n/a , n/a , n/a , n/a , n/a 
101 to 150,"£20,000 - £29,999","101 to 150£20,000 - £29,999"," 3,400 "," 4,000 "," 175,900 ","3,400","4,100","188,000","3,400","4,000","191,460","3,500","4,100","165,860","3,600","4,200","167,060", n/a , n/a , n/a , n/a , n/a , n/a , n/a , n/a , n/a , n/a , n/a , n/a , n/a , n/a , n/a , n/a , n/a , n/a ," 13,800 "," 14,500 "," 168,460 ","13,900","14,600","173,810","14,400","15,100","163,270","15,200","15,900","140,320","15,100","15,900","146,680", n/a , n/a , n/a , n/a , n/a , n/a , n/a , n/a , n/a , n/a , n/a , n/a , n/a , n/a , n/a , n/a , n/a , n/a 
151 to 200,"£20,000 - £29,999","151 to 200£20,000 - £29,999"," 4,100 "," 4,900 "," 20,890 ","4,100","5,200","22,570","4,200","5,000","23,550","4,300","5,200","24,860","4,400","5,300","25,060", n/a , n/a , n/a , n/a , n/a , n/a , n/a , n/a , n/a , n/a , n/a , n/a , n/a , n/a , n/a , n/a , n/a , n/a ," 20,100 "," 20,900 "," 17,130 ","20,100","20,800","17,750","20,900","21,600","16,600","21,700","22,400","18,430","21,400","22,200","19,400", n/a , n/a , n/a , n/a , n/a , n/a , n/a , n/a , n/a , n/a , n/a , n/a , n/a , n/a , n/a , n/a , n/a , n/a 
Over 200,"£20,000 - £29,999","Over 200£20,000 - £29,999"," 5,200 "," 6,600 "," 7,340 ","5,400","7,600","8,550","5,300","6,700","9,070","5,600","6,900","11,010","5,800","7,000","11,120", n/a , n/a , n/a , n/a , n/a , n/a , n/a , n/a , n/a , n/a , n/a , n/a , n/a , n/a , n/a , n/a , n/a , n/a ," 25,900 "," 26,100 "," 4,510 ","25,700","26,100","4,680","26,500","26,800","4,300","28,000","28,100","6,090","27,600","27,800","6,330", n/a , n/a , n/a , n/a , n/a , n/a , n/a , n/a , n/a , n/a , n/a , n/a , n/a , n/a , n/a , n/a , n/a , n/a 
50 or less,"£30,000 - £39,999","50 or less£30,000 - £39,999"," 2,400 "," 3,500 "," 73,090 ","2,500","3,600","68,190","2,500","3,400","72,390","2,500","3,600","58,790","2,600","3,600","59,440", n/a , n/a , n/a , n/a , n/a , n/a , n/a , n/a , n/a , n/a , n/a , n/a , n/a , n/a , n/a , n/a , n/a , n/a ," 6,500 "," 7,200 "," 46,710 ","6,600","7,300","42,550","6,800","7,500","38,600","7,000","7,700","32,460","7,000","7,800","34,060", n/a , n/a , n/a , n/a , n/a , n/a , n/a , n/a , n/a , n/a , n/a , n/a , n/a , n/a , n/a , n/a , n/a , n/a 
51 to 100,"£30,000 - £39,999","51 to 100£30,000 - £39,999"," 3,100 "," 3,700 "," 378,160 ","3,200","3,800","367,070","3,200","3,800","373,570","3,200","3,900","303,310","3,300","3,900","305,290", n/a , n/a , n/a , n/a , n/a , n/a , n/a , n/a , n/a , n/a , n/a , n/a , n/a , n/a , n/a , n/a , n/a , n/a ," 10,900 "," 11,400 "," 362,160 ","11,100","11,700","343,180","11,500","12,000","320,550","11,900","12,500","256,710","11,900","12,500","268,410", n/a , n/a , n/a , n/a , n/a , n/a , n/a , n/a , n/a , n/a , n/a , n/a , n/a , n/a , n/a , n/a , n/a , n/a 
101 to 150,"£30,000 - £39,999","101 to 150£30,000 - £39,999"," 3,600 "," 4,200 "," 181,600 ","3,600","4,300","181,790","3,700","4,300","185,030","3,800","4,400","158,660","3,900","4,500","159,640", n/a , n/a , n/a , n/a , n/a , n/a , n/a , n/a , n/a , n/a , n/a , n/a , n/a , n/a , n/a , n/a , n/a , n/a ," 14,300 "," 15,000 "," 174,870 ","14,500","15,200","169,420","15,000","15,700","158,390","15,700","16,500","134,340","15,600","16,400","140,880", n/a , n/a , n/a , n/a , n/a , n/a , n/a , n/a , n/a , n/a , n/a , n/a , n/a , n/a , n/a , n/a , n/a , n/a 
151 to 200,"£30,000 - £39,999","151 to 200£30,000 - £39,999"," 4,200 "," 4,900 "," 23,470 ","4,300","5,300","24,290","4,300","5,100","25,240","4,600","5,400","25,090","4,700","5,500","25,290", n/a , n/a , n/a , n/a , n/a , n/a , n/a , n/a , n/a , n/a , n/a , n/a , n/a , n/a , n/a , n/a , n/a , n/a ," 19,800 "," 20,700 "," 20,020 ","20,000","21,000","19,830","20,800","21,600","18,470","21,900","22,800","18,690","21,600","22,600","19,610", n/a , n/a , n/a , n/a , n/a , n/a , n/a , n/a , n/a , n/a , n/a , n/a , n/a , n/a , n/a , n/a , n/a , n/a 
Over 200,"£30,000 - £39,999","Over 200£30,000 - £39,999"," 5,300 "," 6,600 "," 8,060 ","5,700","7,800","9,280","5,700","7,000","9,780","6,000","7,300","11,000","6,200","7,400","11,120", n/a , n/a , n/a , n/a , n/a , n/a , n/a , n/a , n/a , n/a , n/a , n/a , n/a , n/a , n/a , n/a , n/a , n/a ," 25,900 "," 26,200 "," 5,120 ","26,200","26,600","5,410","26,800","27,200","4,950","28,100","28,200","5,990","27,700","27,800","6,260", n/a , n/a , n/a , n/a , n/a , n/a , n/a , n/a , n/a , n/a , n/a , n/a , n/a , n/a , n/a , n/a , n/a , n/a 
50 or less,"£40,000 - £49,999","50 or less£40,000 - £49,999"," 2,500 "," 3,600 "," 43,990 ","2,700","3,800","39,270","2,600","3,600","41,790","2,600","3,700","37,520","2,600","3,600","37,950", n/a , n/a , n/a , n/a , n/a , n/a , n/a , n/a , n/a , n/a , n/a , n/a , n/a , n/a , n/a , n/a , n/a , n/a ," 6,900 "," 7,700 "," 27,540 ","6,900","7,800","23,690","7,100","8,100","21,500","7,300","8,000","20,950","7,400","8,200","22,060", n/a , n/a , n/a , n/a , n/a , n/a , n/a , n/a , n/a , n/a , n/a , n/a , n/a , n/a , n/a , n/a , n/a , n/a 
51 to 100,"£40,000 - £49,999","51 to 100£40,000 - £49,999"," 3,400 "," 4,000 "," 260,140 ","3,500","4,100","249,800","3,500","4,100","254,520","3,500","4,100","216,490","3,600","4,200","218,070", n/a , n/a , n/a , n/a , n/a , n/a , n/a , n/a , n/a , n/a , n/a , n/a , n/a , n/a , n/a , n/a , n/a , n/a ," 11,500 "," 12,100 "," 250,780 ","11,800","12,300","235,220","12,200","12,800","219,330","12,600","13,100","185,580","12,500","13,100","194,200", n/a , n/a , n/a , n/a , n/a , n/a , n/a , n/a , n/a , n/a , n/a , n/a , n/a , n/a , n/a , n/a , n/a , n/a 
101 to 150,"£40,000 - £49,999","101 to 150£40,000 - £49,999"," 3,900 "," 4,400 "," 164,290 ","3,900","4,500","161,330","4,000","4,500","164,470","4,000","4,600","138,780","4,200","4,700","139,640", n/a , n/a , n/a , n/a , n/a , n/a , n/a , n/a , n/a , n/a , n/a , n/a , n/a , n/a , n/a , n/a , n/a , n/a ," 15,000 "," 15,700 "," 159,110 ","15,300","16,000","151,660","15,800","16,500","141,490","16,400","17,100","118,900","16,200","17,000","124,830", n/a , n/a , n/a , n/a , n/a , n/a , n/a , n/a , n/a , n/a , n/a , n/a , n/a , n/a , n/a , n/a , n/a , n/a 
151 to 200,"£40,000 - £49,999","151 to 200£40,000 - £49,999"," 4,400 "," 5,100 "," 26,070 ","4,500","5,500","26,900","4,500","5,300","27,920","4,800","5,600","23,880","4,900","5,700","24,120", n/a , n/a , n/a , n/a , n/a , n/a , n/a , n/a , n/a , n/a , n/a , n/a , n/a , n/a , n/a , n/a , n/a , n/a ," 20,100 "," 21,100 "," 22,820 ","20,500","21,500","22,530","21,200","22,200","20,930","22,000","22,900","18,010","21,700","22,700","18,980", n/a , n/a , n/a , n/a , n/a , n/a , n/a , n/a , n/a , n/a , n/a , n/a , n/a , n/a , n/a , n/a , n/a , n/a 
Over 200,"£40,000 - £49,999","Over 200£40,000 - £49,999"," 5,500 "," 6,700 "," 9,330 ","5,800","7,800","11,000","5,700","6,900","11,410","6,200","7,500","9,940","6,400","7,600","10,070", n/a , n/a , n/a , n/a , n/a , n/a , n/a , n/a , n/a , n/a , n/a , n/a , n/a , n/a , n/a , n/a , n/a , n/a ," 26,500 "," 26,700 "," 6,380 ","27,000","27,300","6,880","27,700","28,000","6,320","27,900","28,100","5,450","27,700","27,800","5,740", n/a , n/a , n/a , n/a , n/a , n/a , n/a , n/a , n/a , n/a , n/a , n/a , n/a , n/a , n/a , n/a , n/a , n/a 
50 or less,"£50,000 - £59,999","50 or less£50,000 - £59,999"," 2,700 "," 3,800 "," 23,370 ","2,800","4,100","22,410","2,800","3,700","23,860","2,700","3,900","19,340","2,800","3,800","19,520", n/a , n/a , n/a , n/a , n/a , n/a , n/a , n/a , n/a , n/a , n/a , n/a , n/a , n/a , n/a , n/a , n/a , n/a ," 7,200 "," 8,100 "," 14,330 ","7,300","8,300","13,310","7,500","8,500","12,000","7,500","8,400","10,480","7,700","8,600","10,960", n/a , n/a , n/a , n/a , n/a , n/a , n/a , n/a , n/a , n/a , n/a , n/a , n/a , n/a , n/a , n/a , n/a , n/a 
51 to 100,"£50,000 - £59,999","51 to 100£50,000 - £59,999"," 3,400 "," 4,000 "," 132,020 ","3,500","4,100","123,670","3,500","4,100","126,440","3,500","4,200","115,170","3,700","4,300","116,140", n/a , n/a , n/a , n/a , n/a , n/a , n/a , n/a , n/a , n/a , n/a , n/a , n/a , n/a , n/a , n/a , n/a , n/a ," 11,800 "," 12,400 "," 125,510 ","11,800","12,500","114,870","12,200","12,900","106,620","12,600","13,300","97,320","12,600","13,300","102,170", n/a , n/a , n/a , n/a , n/a , n/a , n/a , n/a , n/a , n/a , n/a , n/a , n/a , n/a , n/a , n/a , n/a , n/a 
101 to 150,"£50,000 - £59,999","101 to 150£50,000 - £59,999"," 4,000 "," 4,500 "," 108,810 ","4,100","4,700","105,150","4,100","4,600","107,490","4,100","4,700","89,510","4,300","4,900","90,190", n/a , n/a , n/a , n/a , n/a , n/a , n/a , n/a , n/a , n/a , n/a , n/a , n/a , n/a , n/a , n/a , n/a , n/a ," 15,600 "," 16,400 "," 105,250 ","15,800","16,600","98,850","16,300","17,100","91,690","16,800","17,600","75,960","16,600","17,400","79,930", n/a , n/a , n/a , n/a , n/a , n/a , n/a , n/a , n/a , n/a , n/a , n/a , n/a , n/a , n/a , n/a , n/a , n/a 
151 to 200,"£50,000 - £59,999","151 to 200£50,000 - £59,999"," 4,500 "," 5,300 "," 23,140 ","4,700","5,600","22,260","4,700","5,400","23,020","4,900","5,700","19,570","5,100","5,800","19,730", n/a , n/a , n/a , n/a , n/a , n/a , n/a , n/a , n/a , n/a , n/a , n/a , n/a , n/a , n/a , n/a , n/a , n/a ," 20,800 "," 21,800 "," 20,550 ","21,100","22,000","18,870","21,800","22,700","17,480","22,200","23,100","14,960","22,000","22,900","15,760", n/a , n/a , n/a , n/a , n/a , n/a , n/a , n/a , n/a , n/a , n/a , n/a , n/a , n/a , n/a , n/a , n/a , n/a 
Over 200,"£50,000 - £59,999","Over 200£50,000 - £59,999"," 5,600 "," 6,800 "," 8,920 ","6,200","8,100","9,120","6,100","7,200","9,500","6,400","7,700","8,440","6,600","7,800","8,530", n/a , n/a , n/a , n/a , n/a , n/a , n/a , n/a , n/a , n/a , n/a , n/a , n/a , n/a , n/a , n/a , n/a , n/a ," 27,000 "," 27,400 "," 6,390 ","27,100","27,600","5,880","27,900","28,200","5,370","28,400","28,500","4,710","28,000","28,300","4,960", n/a , n/a , n/a , n/a , n/a , n/a , n/a , n/a , n/a , n/a , n/a , n/a , n/a , n/a , n/a , n/a , n/a , n/a 
50 or less,"£60,000 - £69,999","50 or less£60,000 - £69,999"," 2,600 "," 3,800 "," 15,530 ","2,800","4,000","14,310","2,800","3,800","15,140","2,900","4,000","12,170","3,000","4,100","12,280", n/a , n/a , n/a , n/a , n/a , n/a , n/a , n/a , n/a , n/a , n/a , n/a , n/a , n/a , n/a , n/a , n/a , n/a ," 7,500 "," 8,500 "," 9,870 ","7,600","8,500","8,710","8,000","8,900","7,900","7,800","8,700","6,600","7,900","8,800","6,900", n/a , n/a , n/a , n/a , n/a , n/a , n/a , n/a , n/a , n/a , n/a , n/a , n/a , n/a , n/a , n/a , n/a , n/a 
51 to 100,"£60,000 - £69,999","51 to 100£60,000 - £69,999"," 3,400 "," 4,100 "," 69,750 ","3,500","4,200","65,490","3,600","4,200","67,090","3,600","4,200","62,830","3,700","4,300","63,270", n/a , n/a , n/a , n/a , n/a , n/a , n/a , n/a , n/a , n/a , n/a , n/a , n/a , n/a , n/a , n/a , n/a , n/a ," 12,100 "," 12,700 "," 65,080 ","12,000","12,800","60,060","12,400","13,200","55,830","12,800","13,500","52,310","12,800","13,500","55,060", n/a , n/a , n/a , n/a , n/a , n/a , n/a , n/a , n/a , n/a , n/a , n/a , n/a , n/a , n/a , n/a , n/a , n/a 
101 to 150,"£60,000 - £69,999","101 to 150£60,000 - £69,999"," 4,100 "," 4,700 "," 73,150 ","4,200","4,800","69,600","4,200","4,800","71,410","4,300","4,900","60,390","4,400","5,000","60,810", n/a , n/a , n/a , n/a , n/a , n/a , n/a , n/a , n/a , n/a , n/a , n/a , n/a , n/a , n/a , n/a , n/a , n/a ," 16,000 "," 16,900 "," 70,440 ","16,200","17,100","65,320","16,800","17,600","60,470","17,200","18,000","51,100","17,000","17,900","53,870", n/a , n/a , n/a , n/a , n/a , n/a , n/a , n/a , n/a , n/a , n/a , n/a , n/a , n/a , n/a , n/a , n/a , n/a 
151 to 200,"£60,000 - £69,999","151 to 200£60,000 - £69,999"," 4,700 "," 5,400 "," 18,570 ","4,800","5,700","17,530","4,800","5,600","18,150","5,000","5,700","15,920","5,200","5,900","16,040", n/a , n/a , n/a , n/a , n/a , n/a , n/a , n/a , n/a , n/a , n/a , n/a , n/a , n/a , n/a , n/a , n/a , n/a ," 20,700 "," 21,600 "," 16,510 ","20,800","21,900","15,040","21,600","22,600","13,850","22,500","23,400","12,270","22,100","23,100","12,880", n/a , n/a , n/a , n/a , n/a , n/a , n/a , n/a , n/a , n/a , n/a , n/a , n/a , n/a , n/a , n/a , n/a , n/a 
Over 200,"£60,000 - £69,999","Over 200£60,000 - £69,999"," 5,800 "," 6,900 "," 7,410 ","6,200","8,100","7,110","6,100","7,300","7,420","6,400","7,700","7,020","6,700","7,800","7,080", n/a , n/a , n/a , n/a , n/a , n/a , n/a , n/a , n/a , n/a , n/a , n/a , n/a , n/a , n/a , n/a , n/a , n/a ," 26,900 "," 27,300 "," 5,260 ","27,200","27,500","4,550","28,300","28,400","4,170","28,300","28,600","4,070","27,900","28,200","4,250", n/a , n/a , n/a , n/a , n/a , n/a , n/a , n/a , n/a , n/a , n/a , n/a , n/a , n/a , n/a , n/a , n/a , n/a 
50 or less,"£70,000 - £99,999","50 or less£70,000 - £99,999"," 2,600 "," 3,800 "," 18,550 ","2,900","4,100","16,940","2,800","3,800","17,900","2,900","4,000","18,330","2,900","3,900","18,540", n/a , n/a , n/a , n/a , n/a , n/a , n/a , n/a , n/a , n/a , n/a , n/a , n/a , n/a , n/a , n/a , n/a , n/a ," 7,800 "," 8,800 "," 11,990 ","7,900","9,000","10,420","8,400","9,400","9,500","8,300","9,100","10,230","8,300","9,200","10,790", n/a , n/a , n/a , n/a , n/a , n/a , n/a , n/a , n/a , n/a , n/a , n/a , n/a , n/a , n/a , n/a , n/a , n/a 
51 to 100,"£70,000 - £99,999","51 to 100£70,000 - £99,999"," 3,500 "," 4,200 "," 75,400 ","3,600","4,400","69,400","3,600","4,300","71,400","3,600","4,300","71,690","3,700","4,400","72,410", n/a , n/a , n/a , n/a , n/a , n/a , n/a , n/a , n/a , n/a , n/a , n/a , n/a , n/a , n/a , n/a , n/a , n/a ," 12,500 "," 13,200 "," 68,800 ","12,600","13,300","62,820","13,000","13,800","58,370","13,100","13,800","58,780","13,100","13,800","61,860", n/a , n/a , n/a , n/a , n/a , n/a , n/a , n/a , n/a , n/a , n/a , n/a , n/a , n/a , n/a , n/a , n/a , n/a 
101 to 150,"£70,000 - £99,999","101 to 150£70,000 - £99,999"," 4,300 "," 4,900 "," 108,310 ","4,400","5,100","102,520","4,500","5,000","105,200","4,400","5,100","85,900","4,600","5,200","86,570", n/a , n/a , n/a , n/a , n/a , n/a , n/a , n/a , n/a , n/a , n/a , n/a , n/a , n/a , n/a , n/a , n/a , n/a ," 16,800 "," 17,700 "," 103,830 ","17,000","17,900","96,570","17,600","18,500","89,370","18,000","18,800","73,000","17,700","18,700","76,770", n/a , n/a , n/a , n/a , n/a , n/a , n/a , n/a , n/a , n/a , n/a , n/a , n/a , n/a , n/a , n/a , n/a , n/a 
151 to 200,"£70,000 - £99,999","151 to 200£70,000 - £99,999"," 4,900 "," 5,700 "," 37,550 ","5,100","6,000","35,500","5,100","5,900","36,730","5,200","6,000","29,590","5,400","6,200","29,860", n/a , n/a , n/a , n/a , n/a , n/a , n/a , n/a , n/a , n/a , n/a , n/a , n/a , n/a , n/a , n/a , n/a , n/a ," 21,300 "," 22,400 "," 33,800 ","21,500","22,600","31,040","22,300","23,300","28,420","23,000","23,800","23,010","22,600","23,600","24,300", n/a , n/a , n/a , n/a , n/a , n/a , n/a , n/a , n/a , n/a , n/a , n/a , n/a , n/a , n/a , n/a , n/a , n/a 
Over 200,"£70,000 - £99,999","Over 200£70,000 - £99,999"," 6,200 "," 7,300 "," 15,950 ","6,400","8,200","15,260","6,400","7,500","15,900","6,700","7,900","13,970","6,900","8,000","14,080", n/a , n/a , n/a , n/a , n/a , n/a , n/a , n/a , n/a , n/a , n/a , n/a , n/a , n/a , n/a , n/a , n/a , n/a ," 27,500 "," 27,900 "," 11,370 ","27,300","27,800","10,110","28,100","28,500","9,160","29,000","29,300","8,010","28,700","29,100","8,510", n/a , n/a , n/a , n/a , n/a , n/a , n/a , n/a , n/a , n/a , n/a , n/a , n/a , n/a , n/a , n/a , n/a , n/a 
50 or less,"£100,000 - £149,999","50 or less£100,000 - £149,999"," 2,800 "," 4,100 "," 5,290 ","3,000","4,400","4,560","3,000","4,100","4,810","2,900","4,000","5,500","2,900","4,000","5,580", n/a , n/a , n/a , n/a , n/a , n/a , n/a , n/a , n/a , n/a , n/a , n/a , n/a , n/a , n/a , n/a , n/a , n/a ," 8,700 "," 10,600 "," 3,550 ","9,000","11,000","2,870","9,500","11,400","2,560","8,300","9,300","2,910","8,500","9,500","3,080", n/a , n/a , n/a , n/a , n/a , n/a , n/a , n/a , n/a , n/a , n/a , n/a , n/a , n/a , n/a , n/a , n/a , n/a 
51 to 100,"£100,000 - £149,999","51 to 100£100,000 - £149,999"," 3,600 "," 4,300 "," 24,290 ","3,800","4,700","20,490","3,800","4,600","21,290","3,800","4,600","24,050","3,900","4,700","24,300", n/a , n/a , n/a , n/a , n/a , n/a , n/a , n/a , n/a , n/a , n/a , n/a , n/a , n/a , n/a , n/a , n/a , n/a ," 13,100 "," 14,000 "," 21,580 ","13,500","14,400","17,730","14,000","14,900","16,340","13,600","14,400","18,950","13,600","14,400","19,890", n/a , n/a , n/a , n/a , n/a , n/a , n/a , n/a , n/a , n/a , n/a , n/a , n/a , n/a , n/a , n/a , n/a , n/a 
101 to 150,"£100,000 - £149,999","101 to 150£100,000 - £149,999"," 4,600 "," 5,200 "," 47,520 ","4,700","5,500","42,980","4,800","5,400","44,210","4,800","5,500","40,360","4,900","5,600","40,740", n/a , n/a , n/a , n/a , n/a , n/a , n/a , n/a , n/a , n/a , n/a , n/a , n/a , n/a , n/a , n/a , n/a , n/a ," 17,900 "," 18,900 "," 45,070 ","18,300","19,300","40,040","18,900","19,800","37,010","19,100","20,000","33,850","18,900","19,800","35,790", n/a , n/a , n/a , n/a , n/a , n/a , n/a , n/a , n/a , n/a , n/a , n/a , n/a , n/a , n/a , n/a , n/a , n/a 
151 to 200,"£100,000 - £149,999","151 to 200£100,000 - £149,999"," 5,400 "," 6,200 "," 26,540 ","5,500","6,500","25,330","5,600","6,400","26,360","5,600","6,500","21,840","5,800","6,600","22,010", n/a , n/a , n/a , n/a , n/a , n/a , n/a , n/a , n/a , n/a , n/a , n/a , n/a , n/a , n/a , n/a , n/a , n/a ," 22,700 "," 23,700 "," 23,770 ","22,700","23,700","22,010","23,400","24,500","20,010","24,000","25,000","16,780","23,600","24,600","17,740", n/a , n/a , n/a , n/a , n/a , n/a , n/a , n/a , n/a , n/a , n/a , n/a , n/a , n/a , n/a , n/a , n/a , n/a 
Over 200,"£100,000 - £149,999","Over 200£100,000 - £149,999"," 6,800 "," 8,000 "," 15,870 ","7,100","9,100","15,470","7,000","8,300","16,120","7,200","8,500","13,810","7,500","8,600","14,010", n/a , n/a , n/a , n/a , n/a , n/a , n/a , n/a , n/a , n/a , n/a , n/a , n/a , n/a , n/a , n/a , n/a , n/a ," 28,800 "," 29,000 "," 11,090 ","29,300","29,500","9,960","30,000","30,100","8,820","30,500","30,500","7,690","30,000","30,200","8,200", n/a , n/a , n/a , n/a , n/a , n/a , n/a , n/a , n/a , n/a , n/a , n/a , n/a , n/a , n/a , n/a , n/a , n/a 
50 or less,"£150,000 and over","50 or less£150,000 and over"," 4,200 "," 5,700 "," 1,940 ","5,100","6,900","1,730","4,700","5,900","1,760","3,200","4,300","1,230","3,100","4,100","1,240", n/a , n/a , n/a , n/a , n/a , n/a , n/a , n/a , n/a , n/a , n/a , n/a , n/a , n/a , n/a , n/a , n/a , n/a ," 14,100 "," 16,900 "," 1,520 ","16,500","18,300","1,380","17,100","18,900","1,220","8,900","9,800",640,"9,000","10,000",670, n/a , n/a , n/a , n/a , n/a , n/a , n/a , n/a , n/a , n/a , n/a , n/a , n/a , n/a , n/a , n/a , n/a , n/a 
51 to 100,"£150,000 and over","51 to 100£150,000 and over"," 3,600 "," 4,400 "," 7,400 ","4,000","5,000","5,720","4,000","4,900","5,920","3,900","4,700","7,900","4,000","4,800","7,990", n/a , n/a , n/a , n/a , n/a , n/a , n/a , n/a , n/a , n/a , n/a , n/a , n/a , n/a , n/a , n/a , n/a , n/a ," 12,700 "," 13,600 "," 6,400 ","13,600","14,500","4,820","14,100","15,100","4,430","14,200","14,900","6,230","14,100","14,900","6,550", n/a , n/a , n/a , n/a , n/a , n/a , n/a , n/a , n/a , n/a , n/a , n/a , n/a , n/a , n/a , n/a , n/a , n/a 
101 to 150,"£150,000 and over","101 to 150£150,000 and over"," 4,600 "," 5,400 "," 12,920 ","5,000","5,900","10,600","5,000","5,800","10,910","4,800","5,600","11,890","5,000","5,700","12,010", n/a , n/a , n/a , n/a , n/a , n/a , n/a , n/a , n/a , n/a , n/a , n/a , n/a , n/a , n/a , n/a , n/a , n/a ," 18,400 "," 19,400 "," 12,110 ","18,800","19,900","9,800","19,500","20,500","9,050","19,200","20,200","10,060","18,900","20,000","10,650", n/a , n/a , n/a , n/a , n/a , n/a , n/a , n/a , n/a , n/a , n/a , n/a , n/a , n/a , n/a , n/a , n/a , n/a 
151 to 200,"£150,000 and over","151 to 200£150,000 and over"," 5,800 "," 6,800 "," 10,320 ","6,100","7,400","9,090","6,100","7,100","9,410","6,000","7,000","6,930","6,200","7,200","7,000", n/a , n/a , n/a , n/a , n/a , n/a , n/a , n/a , n/a , n/a , n/a , n/a , n/a , n/a , n/a , n/a , n/a , n/a ," 24,500 "," 25,500 "," 9,100 ","24,900","25,800","7,780","25,600","26,500","7,080","25,400","26,300","5,250","25,000","26,000","5,560", n/a , n/a , n/a , n/a , n/a , n/a , n/a , n/a , n/a , n/a , n/a , n/a , n/a , n/a , n/a , n/a , n/a , n/a 
Over 200,"£150,000 and over","Over 200£150,000 and over"," 7,900 "," 9,000 "," 11,020 ","8,300","10,400","10,030","8,100","9,200","10,320","8,500","9,600","7,920","8,800","9,800","8,030", n/a , n/a , n/a , n/a , n/a , n/a , n/a , n/a , n/a , n/a , n/a , n/a , n/a , n/a , n/a , n/a , n/a , n/a ," 31,900 "," 31,600 "," 7,460 ","31,400","31,300","6,330","32,500","32,200","5,540","33,600","32,900","4,160","33,100","32,500","4,380", n/a , n/a , n/a , n/a , n/a , n/a , n/a , n/a , n/a , n/a , n/a , n/a , n/a , n/a , n/a , n/a , n/a , n/a 
50 or less,North East,50 or lessNorth East," 1,800 "," 2,700 "," 18,880 ","1,800","2,600","18,900","1,800","2,600","20,240","1,800","2,700","17,530","1,900","2,700","17,830","1,900","2,700","18,350","1,900","2,700","18,140","1,900","2,800","18,110","1,900","2,800","18,060","1,900","2,900","17,910","1,900","2,900","17,640"," 6,500 "," 7,100 "," 13,770 ","6,600","7,300","13,840","7,000","7,600","12,720","7,400","8,000","11,050","7,500","8,300","11,420","8,200","8,900","11,410","8,400","9,100","12,720","9,400","10,300","11,180","10,100","10,900","11,060","10,500","11,300","10,680","11,500","12,100","10,440"
51 to 100,North East,51 to 100North East," 2,700 "," 3,200 "," 111,970 ","2,800","3,200","112,130","2,800","3,200","115,000","2,800","3,200","99,470","2,900","3,300","100,330","2,800","3,300","105,480","2,800","3,300","104,430","2,800","3,300","103,880","2,900","3,400","103,860","3,000","3,500","103,870","3,000","3,600","103,150"," 11,200 "," 11,600 "," 108,410 ","11,300","11,800","109,760","11,900","12,300","102,740","12,300","12,700","88,150","12,200","12,700","91,440","13,100","13,500","92,790","13,400","13,900","99,250","15,000","15,500","90,770","15,800","16,300","89,850","16,400","16,900","87,040","17,500","17,900","86,320"
101 to 150,North East,101 to 150North East," 3,400 "," 3,900 "," 55,640 ","3,500","3,900","54,730","3,500","3,900","56,040","3,500","4,000","49,540","3,600","4,100","49,940","3,600","4,100","52,480","3,600","4,100","52,010","3,600","4,100","51,540","3,800","4,300","51,570","3,900","4,400","51,460","4,000","4,500","50,920"," 15,300 "," 15,800 "," 53,680 ","15,500","16,000","53,250","16,100","16,600","49,540","16,600","17,200","43,830","16,300","16,900","45,680","17,500","18,000","45,880","17,700","18,300","48,440","19,600","20,200","45,480","20,400","21,000","44,430","21,400","21,900","42,570","22,600","23,000","42,740"
151 to 200,North East,151 to 200North East," 4,200 "," 4,900 "," 8,740 ","4,300","5,100","8,460","4,400","5,000","8,860","4,400","5,100","7,990","4,500","5,100","8,070","4,600","5,200","8,280","4,600","5,300","8,220","4,700","5,300","8,130","4,900","5,500","8,110","5,000","5,600","8,070","5,100","5,700","7,930"," 21,600 "," 22,300 "," 8,000 ","21,900","22,500","7,710","22,900","23,400","7,130","23,500","24,000","6,480","22,800","23,500","6,760","24,400","25,000","6,660","24,700","25,200","6,970","27,100","27,400","6,440","27,700","28,000","6,260","28,800","29,000","5,870","29,600","29,900","5,830"
Over 200,North East,Over 200North East," 5,400 "," 6,400 "," 3,520 ","5,600","7,100","3,570","5,600","6,600","3,870","5,700","6,800","3,560","5,900","6,900","3,620", n/a , n/a , n/a , n/a , n/a , n/a , n/a , n/a , n/a , n/a , n/a , n/a , n/a , n/a , n/a , n/a , n/a , n/a ," 28,100 "," 28,100 "," 2,540 ","28,200","28,000","2,410","29,100","28,800","2,180","29,100","29,200","2,120","28,700","28,700","2,210", n/a , n/a , n/a , n/a , n/a , n/a , n/a , n/a , n/a , n/a , n/a , n/a , n/a , n/a , n/a , n/a , n/a , n/a 
50 or less,North West,50 or lessNorth West," 2,000 "," 3,000 "," 36,760 ","2,100","3,100","44,020","2,100","3,000","50,120","2,100","3,200","43,400","2,100","3,200","44,030","2,100","3,200","42,700","2,100","3,200","42,030","2,100","3,300","41,330","2,200","3,400","41,480","2,200","3,400","40,600","2,100","3,300","21,030"," 5,500 "," 6,200 "," 27,820 ","5,600","6,200","28,090","5,900","6,500","25,650","6,100","6,800","22,670","6,200","7,100","23,590","6,800","7,500","22,230","6,900","7,700","24,400","7,800","8,600","21,860","8,300","9,100","21,640","8,700","9,400","20,660","9,700","10,200","20,280"
51 to 100,North West,51 to 100North West," 3,000 "," 3,400 "," 256,770 ","3,000","3,500","291,780","3,000","3,500","297,400","3,000","3,600","254,980","3,100","3,600","257,200","3,100","3,600","270,800","3,100","3,700","267,320","3,100","3,700","263,280","3,200","3,900","266,960","3,300","3,900","266,670","3,400","4,100","172,850"," 10,400 "," 11,000 "," 282,670 ","10,600","11,100","286,040","11,100","11,600","266,520","11,500","12,000","226,320","11,600","12,200","235,400","12,600","13,100","239,260","12,800","13,400","254,610","14,300","14,900","235,240","14,900","15,500","233,120","15,600","16,100","225,930","16,300","16,900","224,540"
101 to 150,North West,101 to 150North West," 3,700 "," 4,200 "," 133,860 ","3,700","4,300","148,580","3,800","4,200","151,100","3,800","4,300","132,430","3,900","4,400","133,270","3,900","4,500","139,550","3,900","4,500","138,150","3,900","4,500","135,870","4,100","4,700","137,770","4,200","4,800","137,290","4,300","5,000","89,390"," 14,600 "," 15,200 "," 146,980 ","14,800","15,400","145,610","15,500","16,100","135,850","16,100","16,800","118,560","16,100","16,800","123,770","17,400","18,000","123,710","17,800","18,400","130,350","19,700","20,300","122,420","20,300","20,900","120,440","21,300","21,800","115,550","22,200","22,600","116,820"
151 to 200,North West,151 to 200North West," 4,600 "," 5,300 "," 21,470 ","4,700","5,600","23,410","4,800","5,500","24,320","4,800","5,600","22,500","5,000","5,700","22,630","5,000","5,800","23,410","5,100","5,800","23,190","5,100","5,800","22,740","5,400","6,100","23,040","5,500","6,200","23,010","5,600","6,400","14,170"," 20,900 "," 21,600 "," 22,210 ","21,100","21,900","21,330","22,200","22,900","19,640","23,100","23,700","18,380","22,700","23,500","19,330","24,500","25,100","18,940","24,900","25,400","19,900","27,100","27,300","18,480","27,900","28,000","17,760","29,000","29,000","16,780","29,600","29,600","17,040"
Over 200,North West,Over 200North West," 5,900 "," 6,900 "," 9,090 ","6,200","8,100","10,410","6,200","7,300","11,050","6,300","7,500","10,450","6,500","7,700","10,530", n/a , n/a , n/a , n/a , n/a , n/a , n/a , n/a , n/a , n/a , n/a , n/a , n/a , n/a , n/a , n/a , n/a , n/a ," 27,500 "," 27,500 "," 7,760 ","27,500","27,600","7,450","28,400","28,500","6,630","29,300","29,100","6,550","29,100","28,900","6,840",,,,,,,,,,,,,,,,,,
50 or less,Yorks & Humber,50 or lessYorks & Humber," 2,100 "," 3,200 "," 30,800 ","2,100","3,400","32,530","2,100","3,000","35,710","2,100","3,200","30,780","2,100","3,200","31,160","2,100","3,200","30,250","2,000","3,300","29,960","2,000","3,300","29,720","2,100","3,400","29,230","2,100","3,400","28,420","2,200","3,500","27,870"," 6,100 "," 6,800 "," 20,400 ","6,100","6,800","20,540","6,300","7,000","18,850","6,600","7,300","16,220","6,700","7,500","17,030","7,200","7,900","16,660","7,400","8,100","18,300","8,200","8,900","16,300","8,800","9,500","16,280","9,100","9,800","15,570","9,700","10,400","14,830"
51 to 100,Yorks & Humber,51 to 100Yorks & Humber," 2,800 "," 3,400 "," 219,710 ","2,900","3,400","231,560","2,900","3,400","235,410","2,900","3,400","204,330","2,900","3,500","205,950","3,000","3,500","216,890","2,900","3,500","215,350","2,900","3,500","213,990","3,100","3,700","213,120","3,200","3,800","213,490","3,200","3,900","212,510"," 11,300 "," 11,800 "," 220,930 ","11,300","11,900","223,230","11,700","12,200","208,410","12,200","12,700","178,600","12,300","12,900","186,520","13,100","13,700","191,170","13,200","13,800","203,250","14,600","15,200","185,700","15,300","15,900","183,260","15,900","16,400","178,290","16,700","17,200","171,540"
101 to 150,Yorks & Humber,101 to 150Yorks & Humber," 3,600 "," 4,100 "," 89,550 ","3,600","4,200","93,120","3,600","4,100","95,060","3,700","4,200","84,610","3,800","4,300","85,220","3,800","4,400","89,440","3,800","4,300","88,770","3,800","4,300","88,060","4,000","4,600","87,760","4,100","4,700","87,280","4,200","4,800","86,410"," 15,700 "," 16,500 "," 88,710 ","15,800","16,500","88,100","16,200","16,900","81,940","17,000","17,700","72,650","17,000","17,800","76,060","18,100","18,800","77,650","18,100","18,900","81,760","20,000","20,600","75,470","20,700","21,400","74,180","21,600","22,200","71,110","22,500","23,000","68,960"
151 to 200,Yorks & Humber,151 to 200Yorks & Humber," 4,400 "," 5,200 "," 16,570 ","4,600","5,400","16,790","4,600","5,300","17,490","4,600","5,400","16,160","4,800","5,500","16,280","4,800","5,600","16,770","4,800","5,600","16,610","4,800","5,500","16,440","5,100","5,800","16,360","5,300","6,000","16,250","5,300","6,100","15,900"," 22,000 "," 22,900 "," 14,600 ","22,100","23,000","14,130","22,800","23,600","13,030","23,600","24,400","12,150","23,500","24,400","12,730","24,900","25,600","12,750","24,900","25,600","13,390","26,900","27,400","12,150","27,600","28,000","11,820","28,900","29,000","10,940","29,300","29,500","10,710"
Over 200,Yorks & Humber,Over 200Yorks & Humber," 5,900 "," 7,000 "," 7,260 ","6,100","7,900","7,550","6,000","7,100","7,960","6,200","7,300","7,850","6,300","7,500","7,940", n/a , n/a , n/a , n/a , n/a , n/a , n/a , n/a , n/a , n/a , n/a , n/a , n/a , n/a , n/a , n/a , n/a , n/a ," 28,600 "," 28,600 "," 4,840 ","28,600","28,400","4,600","29,300","29,100","4,210","29,700","29,500","4,200","29,900","29,700","4,420", n/a , n/a , n/a , n/a , n/a , n/a , n/a , n/a , n/a , n/a , n/a , n/a , n/a , n/a , n/a , n/a , n/a , n/a 
50 or less,East Midlands,50 or lessEast Midlands," 2,000 "," 3,200 "," 22,310 ","2,000","3,100","22,580","2,100","3,000","24,450","2,100","3,200","20,480","2,100","3,200","20,760","2,100","3,200","20,560","2,100","3,200","20,360","2,100","3,300","20,260","2,100","3,400","20,230","2,200","3,400","19,680","2,200","3,500","18,940"," 5,900 "," 6,600 "," 14,710 ","5,900","6,700","14,820","6,100","6,900","13,770","6,300","7,000","11,830","6,400","7,200","12,350","7,000","7,600","11,570","7,000","7,700","12,710","7,800","8,400","11,240","8,300","9,000","11,620","8,600","9,200","10,700","9,500","10,000","10,440"
51 to 100,East Midlands,51 to 100East Midlands," 2,900 "," 3,600 "," 183,600 ","2,900","3,600","184,230","3,000","3,600","187,420","3,000","3,600","160,850","3,100","3,700","161,850","3,100","3,700","169,940","3,000","3,700","168,860","3,100","3,800","168,190","3,200","4,000","168,510","3,200","4,000","167,920","3,300","4,100","165,150"," 11,000 "," 11,600 "," 172,290 ","11,100","11,700","173,520","11,500","12,000","162,700","11,900","12,400","137,430","12,000","12,500","143,420","12,900","13,400","145,340","12,900","13,500","154,580","14,300","14,800","141,370","14,900","15,400","141,380","15,500","16,000","135,040","16,300","16,900","133,930"
101 to 150,East Midlands,101 to 150East Midlands," 3,600 "," 4,300 "," 93,590 ","3,600","4,300","92,860","3,700","4,300","94,930","3,700","4,400","82,350","3,900","4,500","82,750","3,900","4,500","86,860","3,900","4,500","86,210","3,900","4,600","85,930","4,100","4,800","86,050","4,200","4,900","85,540","4,200","5,000","83,900"," 15,000 "," 15,700 "," 87,270 ","15,100","15,800","86,800","15,600","16,300","80,870","16,200","16,900","69,710","16,100","16,800","73,000","17,300","18,000","73,970","17,400","18,000","78,270","19,100","19,700","72,110","19,800","20,500","71,860","20,700","21,200","67,400","21,600","22,200","68,070"
151 to 200,East Midlands,151 to 200East Midlands," 4,500 "," 5,300 "," 16,620 ","4,600","5,600","16,390","4,700","5,500","17,070","4,800","5,600","15,480","5,000","5,800","15,540","5,000","5,800","16,000","5,000","5,800","15,880","5,000","5,800","15,830","5,300","6,100","15,770","5,400","6,200","15,620","5,400","6,300","15,180"," 20,400 "," 21,400 "," 14,200 ","20,600","21,600","13,750","21,300","22,200","12,630","21,900","22,900","11,670","21,700","22,700","12,270","22,900","23,900","12,120","22,900","23,900","12,790","24,900","25,700","11,710","25,500","26,300","11,530","26,800","27,400","10,400","27,500","28,100","10,770"
Over 200,East Midlands,Over 200East Midlands," 5,900 "," 7,100 "," 6,680 ","6,100","8,300","6,890","6,100","7,400","7,280","6,200","7,600","6,950","6,500","7,700","7,000", n/a , n/a , n/a , n/a , n/a , n/a , n/a , n/a , n/a , n/a , n/a , n/a , n/a , n/a , n/a , n/a , n/a , n/a ," 26,500 "," 27,100 "," 4,320 ","26,600","27,200","4,130","27,600","28,100","3,760","27,900","28,400","3,740","27,600","28,100","3,900", n/a , n/a , n/a , n/a , n/a , n/a , n/a , n/a , n/a , n/a , n/a , n/a , n/a , n/a , n/a , n/a , n/a , n/a 
50 or less,West Midlands,50 or lessWest Midlands," 2,200 "," 3,300 "," 28,370 ","2,400","3,500","30,100","2,300","3,300","35,470","2,300","3,500","30,030","2,400","3,500","30,380","2,400","3,500","30,470","2,400","3,600","30,200","2,400","3,600","30,000","2,500","3,800","29,860","2,500","3,700","29,590","2,700","4,000","13,890"," 5,900 "," 6,500 "," 20,300 ","5,900","6,600","20,430","6,100","6,700","18,880","6,300","7,000","16,710","6,500","7,200","17,400","7,000","7,600","16,690","7,000","7,700","18,290","7,800","8,500","16,120","8,200","9,000","16,350","8,500","9,300","15,390","9,400","10,000","15,090"
51 to 100,West Midlands,51 to 100West Midlands," 3,100 "," 3,700 "," 209,430 ","3,100","3,800","221,630","3,100","3,700","231,120","3,100","3,800","196,220","3,200","3,900","198,020","3,200","3,900","208,110","3,200","3,900","206,660","3,200","4,000","205,260","3,400","4,100","206,150","3,400","4,200","206,880","3,600","4,500","116,560"," 11,000 "," 11,600 "," 212,100 ","11,100","11,600","214,310","11,400","11,900","200,760","11,800","12,400","170,840","11,900","12,500","178,430","12,800","13,300","182,390","12,900","13,500","193,610","14,300","14,800","177,360","14,800","15,400","176,800","15,400","15,900","171,410","16,200","16,700","168,180"
101 to 150,West Midlands,101 to 150West Midlands," 3,700 "," 4,300 "," 99,540 ","3,800","4,400","103,770","3,800","4,300","107,630","3,800","4,400","93,740","3,900","4,500","94,370","4,000","4,500","98,730","3,900","4,600","98,060","4,000","4,600","97,220","4,200","4,800","97,880","4,300","4,900","98,040","4,500","5,300","52,840"," 15,100 "," 15,800 "," 100,590 ","15,200","16,000","99,670","15,600","16,300","92,990","16,200","16,900","81,640","16,200","17,000","85,600","17,200","17,900","87,550","17,400","18,200","92,070","19,300","20,000","84,950","19,900","20,600","84,810","20,800","21,400","81,330","21,600","22,200","80,390"
151 to 200,West Midlands,151 to 200West Midlands," 4,600 "," 5,400 "," 16,080 ","4,700","5,700","16,480","4,800","5,600","17,710","4,800","5,600","15,870","5,000","5,800","16,020","5,100","5,800","16,130","5,100","5,800","16,020","5,100","5,900","15,870","5,300","6,100","15,950","5,500","6,200","15,960","5,900","6,900","7,650"," 21,500 "," 22,400 "," 14,440 ","21,600","22,600","13,870","22,200","23,100","12,770","22,900","23,700","11,870","22,800","23,700","12,490","24,000","24,900","12,380","24,300","25,100","13,040","26,500","27,000","11,710","27,100","27,700","11,460","28,200","28,600","10,680","29,000","29,300","10,810"
Over 200,West Midlands,Over 200West Midlands," 5,900 "," 7,200 "," 6,700 ","6,300","8,500","7,170","6,300","7,600","7,770","6,500","7,800","7,460","6,600","7,900","7,510", n/a , n/a , n/a , n/a , n/a , n/a , n/a , n/a , n/a , n/a , n/a , n/a , n/a , n/a , n/a , n/a , n/a , n/a ," 27,500 "," 27,900 "," 4,350 ","28,000","28,200","4,160","28,300","28,700","3,750","28,600","28,800","3,770","28,600","28,700","3,960", n/a , n/a , n/a , n/a , n/a , n/a , n/a , n/a , n/a , n/a , n/a , n/a , n/a , n/a , n/a , n/a , n/a , n/a 
50 or less,East of England,50 or lessEast of England," 2,400 "," 3,600 "," 52,420 ","2,500","3,700","52,400","2,400","3,400","54,010","2,500","3,700","46,750","2,500","3,600","47,010","2,500","3,700","46,660","2,500","3,700","46,160","2,500","3,800","45,700","2,700","4,000","45,170","2,700","3,900","44,130","2,700","4,100","42,910"," 6,100 "," 6,700 "," 29,950 ","6,000","6,700","30,100","6,200","6,900","27,820","6,500","7,200","23,990","6,500","7,300","25,010","7,100","7,700","23,570","7,100","7,800","25,960","7,800","8,500","23,160","8,300","9,000","23,010","8,500","9,200","21,840","9,300","9,900","21,430"
51 to 100,East of England,51 to 100East of England," 3,100 "," 3,900 "," 210,330 ","3,200","4,000","211,880","3,200","3,900","213,460","3,100","4,000","184,730","3,200","4,000","186,060","3,200","4,100","195,190","3,200","4,100","193,400","3,200","4,100","192,270","3,400","4,400","192,100","3,500","4,400","191,430","3,500","4,500","190,270"," 10,800 "," 11,500 "," 181,380 ","10,800","11,400","184,130","11,100","11,800","173,270","11,500","12,100","147,910","11,500","12,100","154,490","12,500","13,100","155,850","12,600","13,200","165,190","13,700","14,300","154,790","14,300","14,900","152,080","14,800","15,400","147,110","15,500","16,200","146,710"
101 to 150,East of England,101 to 150East of England," 3,900 "," 4,600 "," 116,230 ","3,900","4,700","114,800","3,900","4,600","116,290","4,000","4,700","102,520","4,100","4,800","103,220","4,100","4,800","108,030","4,100","4,800","107,120","4,100","4,900","106,480","4,300","5,100","106,480","4,400","5,200","105,960","4,400","5,200","105,090"," 15,100 "," 15,900 "," 101,570 ","15,100","15,900","100,560","15,500","16,300","94,280","16,100","16,900","82,360","16,000","16,800","86,390","17,200","18,000","86,020","17,300","18,000","90,800","18,700","19,500","86,290","19,400","20,100","83,780","20,100","20,800","80,330","21,000","21,700","81,820"
151 to 200,East of England,151 to 200East of England," 4,800 "," 5,600 "," 25,440 ","4,900","5,900","24,670","4,900","5,700","25,390","5,000","5,900","23,410","5,100","6,000","23,600","5,200","6,100","23,920","5,100","6,000","23,730","5,200","6,100","23,610","5,500","6,400","23,540","5,600","6,400","23,390","5,600","6,500","23,070"," 20,800 "," 21,900 "," 19,960 ","20,700","21,800","19,160","21,400","22,500","17,770","22,200","23,100","16,600","21,900","22,900","17,420","23,600","24,600","16,560","23,500","24,500","17,420","25,200","26,000","16,620","25,900","26,700","15,790","26,900","27,500","14,790","27,300","28,100","15,410"
Over 200,East of England,Over 200East of England," 6,300 "," 7,600 "," 10,950 ","6,600","8,800","10,990","6,600","7,900","11,390","6,800","8,100","11,280","6,900","8,200","11,360", n/a , n/a , n/a , n/a , n/a , n/a , n/a , n/a , n/a , n/a , n/a , n/a , n/a , n/a , n/a , n/a , n/a , n/a ," 27,800 "," 28,200 "," 6,520 ","27,600","28,100","6,100","28,400","28,700","5,530","28,900","29,100","5,630","28,600","28,900","5,870", n/a , n/a , n/a , n/a , n/a , n/a , n/a , n/a , n/a , n/a , n/a , n/a , n/a , n/a , n/a , n/a , n/a , n/a 
50 or less,London,50 or lessLondon," 2,200 "," 3,200 "," 135,060 ","2,300","3,400","135,430","2,200","3,100","156,670","2,200","3,200","131,950","2,300","3,100","134,030","2,300","3,200","127,320","2,300","3,200","125,810","2,300","3,300","125,530","2,400","3,400","124,440","2,500","3,400","122,750","2,500","3,500","120,750"," 7,100 "," 8,100 "," 102,990 ","7,100","8,100","104,380","7,400","8,300","94,880","7,500","8,200","86,430","7,500","8,300","90,850","8,200","8,900","78,500","8,100","8,900","90,510","8,900","9,700","76,470","9,300","10,200","75,310","9,600","10,400","74,070","10,300","11,000","71,930"
51 to 100,London,51 to 100London," 3,100 "," 3,800 "," 193,220 ","3,200","4,000","193,940","3,200","3,800","203,440","3,200","3,900","181,270","3,300","3,900","183,400","3,300","4,000","187,460","3,300","4,000","185,410","3,300","4,000","185,210","3,400","4,100","184,740","3,500","4,200","183,840","3,500","4,200","182,340"," 11,800 "," 12,500 "," 181,370 ","11,800","12,400","184,400","12,200","12,800","171,610","12,500","13,100","155,320","12,500","13,200","162,950","13,600","14,100","158,530","13,500","14,100","173,530","14,800","15,400","154,960","15,300","15,900","151,980","15,800","16,300","150,540","16,600","17,100","148,550"
101 to 150,London,101 to 150London," 4,000 "," 4,600 "," 108,320 ","4,000","4,700","106,890","4,000","4,600","108,170","4,000","4,700","96,700","4,200","4,800","97,720","4,100","4,800","103,280","4,100","4,800","102,220","4,100","4,800","102,150","4,300","4,900","102,210","4,400","5,000","101,910","4,400","5,100","101,400"," 17,400 "," 18,100 "," 107,420 ","17,300","18,000","107,090","17,900","18,600","99,800","18,400","19,000","88,140","18,100","18,900","92,970","19,600","20,200","94,100","19,600","20,200","101,450","21,300","21,800","91,960","21,800","22,300","89,980","22,600","23,000","89,020","23,500","23,900","87,950"
151 to 200,London,151 to 200London," 5,100 "," 6,000 "," 23,040 ","5,300","6,300","22,080","5,200","6,000","22,400","5,300","6,200","20,420","5,500","6,300","20,650","5,500","6,300","21,860","5,400","6,300","21,610","5,500","6,300","21,660","5,700","6,500","21,630","5,700","6,500","21,590","5,800","6,600","21,470"," 24,600 "," 25,000 "," 22,390 ","24,600","25,000","21,510","25,600","25,900","19,850","26,100","26,300","17,930","25,600","26,000","18,920","27,600","27,600","18,940","27,400","27,400","20,530","29,400","29,200","18,010","29,800","29,500","17,400","30,700","30,200","17,030","31,500","31,000","16,520"
Over 200,London,Over 200London," 7,200 "," 8,400 "," 9,960 ","7,700","9,500","9,950","7,300","8,400","9,890","7,500","8,500","9,390","7,600","8,700","9,510", n/a , n/a , n/a , n/a , n/a , n/a , n/a , n/a , n/a , n/a , n/a , n/a , n/a , n/a , n/a , n/a , n/a , n/a ," 31,700 "," 30,900 "," 8,240 ","31,900","31,000","7,820","32,900","31,900","6,920","32,800","31,900","6,490","32,400","31,600","6,890", n/a , n/a , n/a , n/a , n/a , n/a , n/a , n/a , n/a , n/a , n/a , n/a , n/a , n/a , n/a , n/a , n/a , n/a 
50 or less,South East,50 or lessSouth East," 2,500 "," 3,600 "," 79,020 ","2,500","3,600","79,040","2,500","3,400","89,360","2,500","3,700","77,820","2,600","3,600","78,530","2,600","3,700","76,430","2,600","3,700","75,680","2,600","3,800","75,360","2,700","3,900","73,650","2,800","3,800","72,810","2,800","4,000","70,940"," 6,100 "," 6,700 "," 46,330 ","6,000","6,700","46,770","6,200","6,900","42,990","6,400","7,100","38,300","6,500","7,200","40,220","7,000","7,700","36,520","7,000","7,800","40,920","7,700","8,500","35,550","8,300","9,100","33,950","8,600","9,300","33,540","9,200","9,800","32,630"
51 to 100,South East,51 to 100South East," 3,100 "," 3,800 "," 279,200 ","3,200","3,900","281,780","3,200","3,900","289,990","3,200","3,900","248,520","3,300","4,000","250,180","3,300","4,000","260,100","3,300","4,000","257,390","3,300","4,100","256,400","3,400","4,300","253,650","3,500","4,300","254,810","3,500","4,400","252,140"," 10,600 "," 11,300 "," 257,520 ","10,600","11,300","262,300","10,900","11,600","245,250","11,300","11,900","207,650","11,300","12,000","218,120","12,200","12,800","218,240","12,300","12,900","234,540","13,500","14,200","212,190","14,100","14,900","204,290","14,600","15,200","204,290","15,200","15,800","202,540"
101 to 150,South East,101 to 150South East," 3,900 "," 4,500 "," 171,180 ","3,900","4,600","168,980","4,000","4,600","174,070","4,000","4,600","152,100","4,100","4,800","153,270","4,100","4,800","160,500","4,100","4,800","158,650","4,200","4,900","158,100","4,400","5,100","156,330","4,500","5,100","157,340","4,500","5,200","155,640"," 14,900 "," 15,800 "," 161,670 ","14,900","15,800","160,320","15,300","16,200","149,870","15,900","16,700","129,700","15,700","16,600","136,770","16,900","17,700","137,590","17,000","17,800","146,480","18,700","19,500","134,100","19,400","20,300","128,970","20,100","20,900","127,820","20,800","21,600","127,180"
151 to 200,South East,151 to 200South East," 4,700 "," 5,600 "," 40,510 ","4,900","5,900","39,260","4,900","5,700","41,350","5,000","5,800","37,200","5,100","6,000","37,540","5,200","6,000","39,230","5,200","6,000","38,760","5,300","6,100","38,520","5,500","6,300","38,240","5,600","6,400","38,390","5,700","6,500","37,770"," 21,100 "," 22,100 "," 35,910 ","21,100","22,200","34,540","21,700","22,700","31,970","22,300","23,200","29,030","21,900","22,900","30,680","23,500","24,400","30,630","23,500","24,500","32,410","25,600","26,400","29,510","26,400","27,100","27,820","27,400","27,900","27,230","28,000","28,500","27,240"
Over 200,South East,Over 200South East," 6,400 "," 7,600 "," 19,410 ","6,700","8,900","19,320","6,600","7,900","20,740","6,800","8,100","20,480","7,000","8,200","20,740", n/a , n/a , n/a , n/a , n/a , n/a , n/a , n/a , n/a , n/a , n/a , n/a , n/a , n/a , n/a , n/a , n/a , n/a ," 28,200 "," 28,500 "," 13,680 ","28,100","28,400","12,870","28,500","28,900","11,700","29,200","29,500","11,830","28,700","29,100","12,490", n/a , n/a , n/a , n/a , n/a , n/a , n/a , n/a , n/a , n/a , n/a , n/a , n/a , n/a , n/a , n/a , n/a , n/a 
50 or less,South West,50 or lessSouth West," 2,500 "," 3,500 "," 36,240 ","2,500","3,600","37,800","2,500","3,400","44,570","2,500","3,600","39,140","2,600","3,600","39,470","2,700","3,700","37,140","2,700","3,800","36,900","2,700","3,800","36,790","2,800","4,000","35,720","2,900","3,900","35,230","3,000","4,100","31,800"," 5,200 "," 6,000 "," 20,010 ","5,300","6,000","20,220","5,500","6,200","18,630","5,700","6,500","16,930","5,600","6,600","17,880","6,200","7,000","15,810","6,300","7,100","17,510","7,000","7,800","15,240","7,500","8,300","14,980","7,800","8,600","14,480","8,500","9,200","13,660"
51 to 100,South West,51 to 100South West," 3,200 "," 4,100 "," 169,600 ","3,200","4,100","178,530","3,200","4,000","184,890","3,200","4,100","160,870","3,300","4,200","162,250","3,300","4,200","167,360","3,300","4,200","166,310","3,300","4,300","165,190","3,500","4,500","163,320","3,600","4,500","164,700","3,600","4,700","151,570"," 9,100 "," 9,700 "," 146,490 ","9,200","9,800","148,950","9,500","10,100","139,590","9,800","10,400","119,600","9,700","10,300","125,420","10,700","11,300","126,270","10,800","11,400","133,590","12,100","12,700","122,050","12,600","13,300","119,130","13,200","13,700","117,460","13,900","14,500","113,660"
101 to 150,South West,101 to 150South West," 3,700 "," 4,500 "," 104,270 ","3,700","4,600","108,180","3,800","4,500","111,450","3,800","4,600","99,200","3,900","4,600","99,960","3,900","4,700","102,960","3,900","4,700","102,250","3,900","4,700","101,630","4,100","5,000","100,410","4,200","5,100","101,300","4,300","5,200","93,190"," 12,800 "," 13,500 "," 90,600 ","13,000","13,600","89,990","13,400","14,100","84,130","13,800","14,500","74,100","13,500","14,200","77,750","14,800","15,500","78,840","15,000","15,700","82,820","16,700","17,300","76,270","17,300","18,000","74,690","18,100","18,800","72,530","19,100","19,700","71,080"
151 to 200,South West,151 to 200South West," 4,400 "," 5,300 "," 23,960 ","4,500","5,600","24,790","4,500","5,400","25,990","4,600","5,600","24,290","4,700","5,700","24,560","4,800","5,700","24,360","4,800","5,700","24,190","4,800","5,700","24,030","5,000","6,000","23,720","5,200","6,100","23,930","5,200","6,200","21,990"," 17,700 "," 18,700 "," 17,900 ","17,900","18,800","17,340","18,600","19,400","15,990","19,000","19,900","15,150","18,500","19,400","16,000","20,300","21,200","15,740","20,400","21,300","16,500","22,500","23,300","15,010","23,200","24,000","14,760","24,300","25,000","14,140","25,400","26,000","13,900"
Over 200,South West,Over 200South West," 5,700 "," 7,000 "," 12,180 ","6,000","8,200","13,270","5,900","7,300","13,970","6,100","7,500","13,830","6,300","7,600","14,040", n/a , n/a , n/a , n/a , n/a , n/a , n/a , n/a , n/a , n/a , n/a , n/a , n/a , n/a , n/a , n/a , n/a , n/a ," 24,200 "," 25,100 "," 6,850 ","24,300","25,100","6,590","25,000","25,800","6,040","25,800","26,400","6,000","25,100","25,900","6,370", n/a , n/a , n/a , n/a , n/a , n/a , n/a , n/a , n/a , n/a , n/a , n/a , n/a , n/a , n/a , n/a , n/a , n/a 
50 or less,Wales,50 or lessWales," 2,000 "," 2,800 "," 14,890 ","2,000","2,900","15,770","2,000","2,800","17,150","2,000","2,900","14,800","2,000","2,900","14,900", n/a , n/a , n/a , n/a , n/a , n/a , n/a , n/a , n/a , n/a , n/a , n/a , n/a , n/a , n/a , n/a , n/a , n/a ," 5,400 "," 6,200 "," 10,550 ","5,600","6,300","10,630","5,800","6,600","9,930","6,000","6,900","8,950","6,100","7,100","9,370", n/a , n/a , n/a , n/a , n/a , n/a , n/a , n/a , n/a , n/a , n/a , n/a , n/a , n/a , n/a , n/a , n/a , n/a 
51 to 100,Wales,51 to 100Wales," 2,900 "," 3,400 "," 96,380 ","2,900","3,500","102,380","3,000","3,500","104,820","2,900","3,500","89,640","3,000","3,600","90,290", n/a , n/a , n/a , n/a , n/a , n/a , n/a , n/a , n/a , n/a , n/a , n/a , n/a , n/a , n/a , n/a , n/a , n/a ," 10,000 "," 10,600 "," 90,280 ","10,300","10,800","91,210","10,700","11,300","86,130","11,200","11,700","72,460","11,200","11,800","75,850", n/a , n/a , n/a , n/a , n/a , n/a , n/a , n/a , n/a , n/a , n/a , n/a , n/a , n/a , n/a , n/a , n/a , n/a 
101 to 150,Wales,101 to 150Wales," 3,400 "," 4,000 "," 70,570 ","3,500","4,100","74,400","3,500","4,100","76,720","3,500","4,100","66,790","3,600","4,200","67,280", n/a , n/a , n/a , n/a , n/a , n/a , n/a , n/a , n/a , n/a , n/a , n/a , n/a , n/a , n/a , n/a , n/a , n/a ," 13,300 "," 13,900 "," 64,670 ","13,700","14,300","64,600","14,200","14,800","60,580","14,800","15,400","52,280","14,700","15,300","55,060", n/a , n/a , n/a , n/a , n/a , n/a , n/a , n/a , n/a , n/a , n/a , n/a , n/a , n/a , n/a , n/a , n/a , n/a 
151 to 200,Wales,151 to 200Wales," 4,200 "," 4,900 "," 12,930 ","4,300","5,300","13,740","4,400","5,200","14,710","4,500","5,300","13,160","4,600","5,400","13,310", n/a , n/a , n/a , n/a , n/a , n/a , n/a , n/a , n/a , n/a , n/a , n/a , n/a , n/a , n/a , n/a , n/a , n/a ," 18,200 "," 19,100 "," 9,670 ","18,800","19,500","9,440","19,500","20,200","8,750","20,100","20,800","8,100","19,800","20,500","8,610", n/a , n/a , n/a , n/a , n/a , n/a , n/a , n/a , n/a , n/a , n/a , n/a , n/a , n/a , n/a , n/a , n/a , n/a 
Over 200,Wales,Over 200Wales," 5,300 "," 6,300 "," 5,560 ","5,500","7,200","6,250","5,600","6,700","6,840","5,700","6,900","6,300","5,900","7,000","6,360", n/a , n/a , n/a , n/a , n/a , n/a , n/a , n/a , n/a , n/a , n/a , n/a , n/a , n/a , n/a , n/a , n/a , n/a ," 23,700 "," 24,200 "," 3,190 ","24,200","24,700","3,120","25,100","25,500","2,860","25,600","26,000","2,800","25,100","25,700","2,980", n/a , n/a , n/a , n/a , n/a , n/a , n/a , n/a , n/a , n/a , n/a , n/a , n/a , n/a , n/a , n/a , n/a , n/a 
Owner-occupied,"Less than £15,000","Owner-occupiedLess than £15,000"," 2,500 "," 3,200 "," 250,780 ","2,600","3,400","345,190","2,600","3,400","353,510","2,600","3,400","290,730","2,600","3,400","293,500", n/a , n/a , n/a , n/a , n/a , n/a , n/a , n/a , n/a , n/a , n/a , n/a , n/a , n/a , n/a , n/a , n/a , n/a ," 11,800 "," 12,700 "," 235,100 ","11,700","12,500","309,310","12,100","12,900","291,700","12,700","13,700","232,220","12,700","13,700","243,280", n/a , n/a , n/a , n/a , n/a , n/a , n/a , n/a , n/a , n/a , n/a , n/a , n/a , n/a , n/a , n/a , n/a , n/a 
Privately rented,"Less than £15,000","Privately rentedLess than £15,000"," 2,700 "," 3,500 "," 61,610 ","2,700","3,500","83,210","2,700","3,400","87,590","2,500","3,400","91,660","2,600","3,400","92,860", n/a , n/a , n/a , n/a , n/a , n/a , n/a , n/a , n/a , n/a , n/a , n/a , n/a , n/a , n/a , n/a , n/a , n/a ," 9,400 "," 10,500 "," 51,690 ","9,200","10,300","67,570","9,600","10,600","62,470","9,200","10,200","62,150","9,200","10,300","64,850", n/a , n/a , n/a , n/a , n/a , n/a , n/a , n/a , n/a , n/a , n/a , n/a , n/a , n/a , n/a , n/a , n/a , n/a 
Council/Housing Association,"Less than £15,000","Council/Housing AssociationLess than £15,000"," 2,500 "," 3,200 "," 258,750 ","2,600","3,300","291,650","2,600","3,200","299,850","2,700","3,400","335,800","2,700","3,400","339,460", n/a , n/a , n/a , n/a , n/a , n/a , n/a , n/a , n/a , n/a , n/a , n/a , n/a , n/a , n/a , n/a , n/a , n/a ," 8,300 "," 8,900 "," 229,960 ","8,400","8,900","252,370","8,700","9,200","236,810","9,800","10,300","272,490","10,000","10,500","283,310", n/a , n/a , n/a , n/a , n/a , n/a , n/a , n/a , n/a , n/a , n/a , n/a , n/a , n/a , n/a , n/a , n/a , n/a 
Owner-occupied,"£15,000 - £19,999","Owner-occupied£15,000 - £19,999"," 2,700 "," 3,500 "," 163,920 ","2,900","3,700","164,140","2,900","3,600","167,800","2,900","3,800","153,290","3,000","3,800","154,330", n/a , n/a , n/a , n/a , n/a , n/a , n/a , n/a , n/a , n/a , n/a , n/a , n/a , n/a , n/a , n/a , n/a , n/a ," 12,000 "," 12,900 "," 146,250 ","12,200","13,100","144,710","12,700","13,500","136,440","13,500","14,300","121,900","13,400","14,300","127,680", n/a , n/a , n/a , n/a , n/a , n/a , n/a , n/a , n/a , n/a , n/a , n/a , n/a , n/a , n/a , n/a , n/a , n/a 
Privately rented,"£15,000 - £19,999","Privately rented£15,000 - £19,999"," 2,700 "," 3,500 "," 40,360 ","2,800","3,600","45,620","2,800","3,500","47,940","2,700","3,500","47,390","2,700","3,500","48,080", n/a , n/a , n/a , n/a , n/a , n/a , n/a , n/a , n/a , n/a , n/a , n/a , n/a , n/a , n/a , n/a , n/a , n/a ," 9,200 "," 10,200 "," 33,620 ","9,100","10,200","37,170","9,500","10,600","34,150","9,500","10,500","34,020","9,600","10,700","35,420", n/a , n/a , n/a , n/a , n/a , n/a , n/a , n/a , n/a , n/a , n/a , n/a , n/a , n/a , n/a , n/a , n/a , n/a 
Council/Housing Association,"£15,000 - £19,999","Council/Housing Association£15,000 - £19,999"," 2,700 "," 3,400 "," 101,800 ","2,700","3,400","111,040","2,700","3,300","113,930","2,700","3,400","80,890","2,800","3,500","81,540", n/a , n/a , n/a , n/a , n/a , n/a , n/a , n/a , n/a , n/a , n/a , n/a , n/a , n/a , n/a , n/a , n/a , n/a ," 8,600 "," 9,200 "," 89,070 ","8,700","9,200","95,520","9,000","9,500","89,920","10,100","10,600","65,130","10,200","10,800","67,820", n/a , n/a , n/a , n/a , n/a , n/a , n/a , n/a , n/a , n/a , n/a , n/a , n/a , n/a , n/a , n/a , n/a , n/a 
Owner-occupied,"£20,000 - £29,999","Owner-occupied£20,000 - £29,999"," 3,000 "," 3,700 "," 446,940 ","3,000","3,800","492,360","3,000","3,700","501,820","3,100","3,800","436,950","3,200","3,900","439,870", n/a , n/a , n/a , n/a , n/a , n/a , n/a , n/a , n/a , n/a , n/a , n/a , n/a , n/a , n/a , n/a , n/a , n/a ," 11,900 "," 12,800 "," 416,260 ","12,100","12,900","443,930","12,400","13,300","417,060","13,100","14,000","356,320","13,000","14,000","372,450", n/a , n/a , n/a , n/a , n/a , n/a , n/a , n/a , n/a , n/a , n/a , n/a , n/a , n/a , n/a , n/a , n/a , n/a 
Privately rented,"£20,000 - £29,999","Privately rented£20,000 - £29,999"," 2,800 "," 3,600 "," 137,410 ","2,900","3,700","139,820","2,900","3,600","146,400","2,900","3,700","127,040","3,000","3,800","128,400", n/a , n/a , n/a , n/a , n/a , n/a , n/a , n/a , n/a , n/a , n/a , n/a , n/a , n/a , n/a , n/a , n/a , n/a ," 9,500 "," 10,500 "," 114,920 ","9,500","10,500","113,320","9,800","10,900","103,770","10,000","11,000","90,230","10,100","11,100","94,370", n/a , n/a , n/a , n/a , n/a , n/a , n/a , n/a , n/a , n/a , n/a , n/a , n/a , n/a , n/a , n/a , n/a , n/a 
Council/Housing Association,"£20,000 - £29,999","Council/Housing Association£20,000 - £29,999"," 3,000 "," 3,600 "," 191,120 ","3,000","3,700","181,200","3,000","3,600","185,410","3,000","3,700","116,270","3,100","3,700","117,250", n/a , n/a , n/a , n/a , n/a , n/a , n/a , n/a , n/a , n/a , n/a , n/a , n/a , n/a , n/a , n/a , n/a , n/a ," 9,200 "," 9,700 "," 176,000 ","9,200","9,600","160,850","9,500","10,000","150,590","10,500","11,000","95,670","10,500","11,100","99,670", n/a , n/a , n/a , n/a , n/a , n/a , n/a , n/a , n/a , n/a , n/a , n/a , n/a , n/a , n/a , n/a , n/a , n/a 
Owner-occupied,"£30,000 - £39,999","Owner-occupied£30,000 - £39,999"," 3,300 "," 3,900 "," 461,560 ","3,400","4,100","472,930","3,400","4,000","481,940","3,500","4,200","422,910","3,600","4,200","425,400", n/a , n/a , n/a , n/a , n/a , n/a , n/a , n/a , n/a , n/a , n/a , n/a , n/a , n/a , n/a , n/a , n/a , n/a ," 12,400 "," 13,300 "," 434,350 ","12,700","13,500","432,750","13,100","13,900","404,590","13,600","14,600","348,460","13,600","14,500","364,960", n/a , n/a , n/a , n/a , n/a , n/a , n/a , n/a , n/a , n/a , n/a , n/a , n/a , n/a , n/a , n/a , n/a , n/a 
Privately rented,"£30,000 - £39,999","Privately rented£30,000 - £39,999"," 3,100 "," 3,900 "," 104,840 ","3,100","4,000","98,100","3,100","3,900","102,750","3,100","4,000","84,370","3,200","4,100","85,290", n/a , n/a , n/a , n/a , n/a , n/a , n/a , n/a , n/a , n/a , n/a , n/a , n/a , n/a , n/a , n/a , n/a , n/a ," 10,500 "," 11,500 "," 86,240 ","10,500","11,600","77,400","10,800","11,900","70,950","10,900","12,100","59,380","11,000","12,200","62,160", n/a , n/a , n/a , n/a , n/a , n/a , n/a , n/a , n/a , n/a , n/a , n/a , n/a , n/a , n/a , n/a , n/a , n/a 
Council/Housing Association,"£30,000 - £39,999","Council/Housing Association£30,000 - £39,999"," 3,200 "," 3,800 "," 97,980 ","3,200","3,900","79,580","3,200","3,800","81,310","3,200","3,800","50,770","3,300","3,900","51,310", n/a , n/a , n/a , n/a , n/a , n/a , n/a , n/a , n/a , n/a , n/a , n/a , n/a , n/a , n/a , n/a , n/a , n/a ," 9,700 "," 10,200 "," 88,290 ","9,700","10,200","70,240","10,000","10,500","65,410","10,600","11,200","41,240","10,700","11,400","43,000", n/a , n/a , n/a , n/a , n/a , n/a , n/a , n/a , n/a , n/a , n/a , n/a , n/a , n/a , n/a , n/a , n/a , n/a 
Owner-occupied,"£40,000 - £49,999","Owner-occupied£40,000 - £49,999"," 3,700 "," 4,300 "," 393,520 ","3,800","4,400","387,040","3,800","4,400","395,080","3,800","4,400","355,290","3,900","4,600","357,800", n/a , n/a , n/a , n/a , n/a , n/a , n/a , n/a , n/a , n/a , n/a , n/a , n/a , n/a , n/a , n/a , n/a , n/a ," 13,300 "," 14,300 "," 372,380 ","13,700","14,600","356,360","14,200","15,100","332,330","14,500","15,400","296,670","14,400","15,300","311,000", n/a , n/a , n/a , n/a , n/a , n/a , n/a , n/a , n/a , n/a , n/a , n/a , n/a , n/a , n/a , n/a , n/a , n/a 
Privately rented,"£40,000 - £49,999","Privately rented£40,000 - £49,999"," 3,200 "," 4,000 "," 68,920 ","3,200","4,200","66,660","3,200","4,000","69,710","3,300","4,200","50,410","3,300","4,200","50,950", n/a , n/a , n/a , n/a , n/a , n/a , n/a , n/a , n/a , n/a , n/a , n/a , n/a , n/a , n/a , n/a , n/a , n/a ," 11,200 "," 12,300 "," 57,220 ","10,900","12,000","53,050","11,300","12,500","48,800","11,400","12,600","35,410","11,400","12,800","37,220", n/a , n/a , n/a , n/a , n/a , n/a , n/a , n/a , n/a , n/a , n/a , n/a , n/a , n/a , n/a , n/a , n/a , n/a 
Council/Housing Association,"£40,000 - £49,999","Council/Housing Association£40,000 - £49,999"," 3,300 "," 3,900 "," 41,390 ","3,500","4,200","34,600","3,500","4,000","35,330","3,200","3,800","22,010","3,300","3,900","22,220", n/a , n/a , n/a , n/a , n/a , n/a , n/a , n/a , n/a , n/a , n/a , n/a , n/a , n/a , n/a , n/a , n/a , n/a ," 10,000 "," 10,700 "," 37,030 ","10,100","10,700","30,570","10,400","11,100","28,440","10,700","11,500","17,610","10,900","11,600","18,440", n/a , n/a , n/a , n/a , n/a , n/a , n/a , n/a , n/a , n/a , n/a , n/a , n/a , n/a , n/a , n/a , n/a , n/a 
Owner-occupied,"£50,000 - £59,999","Owner-occupied£50,000 - £59,999"," 3,800 "," 4,500 "," 237,220 ","3,900","4,600","225,860","4,000","4,600","231,380","4,000","4,700","214,390","4,100","4,800","216,090", n/a , n/a , n/a , n/a , n/a , n/a , n/a , n/a , n/a , n/a , n/a , n/a , n/a , n/a , n/a , n/a , n/a , n/a ," 14,300 "," 15,400 "," 222,570 ","14,500","15,600","205,740","15,000","16,100","190,880","15,200","16,200","176,410","15,000","16,100","185,440", n/a , n/a , n/a , n/a , n/a , n/a , n/a , n/a , n/a , n/a , n/a , n/a , n/a , n/a , n/a , n/a , n/a , n/a 
Privately rented,"£50,000 - £59,999","Privately rented£50,000 - £59,999"," 3,300 "," 4,100 "," 41,890 ","3,300","4,300","41,550","3,300","4,100","43,360","3,300","4,200","30,060","3,400","4,300","30,400", n/a , n/a , n/a , n/a , n/a , n/a , n/a , n/a , n/a , n/a , n/a , n/a , n/a , n/a , n/a , n/a , n/a , n/a ," 11,400 "," 12,600 "," 34,190 ","11,100","12,500","32,870","11,600","12,900","30,130","11,600","12,900","20,910","11,600","13,000","21,920", n/a , n/a , n/a , n/a , n/a , n/a , n/a , n/a , n/a , n/a , n/a , n/a , n/a , n/a , n/a , n/a , n/a , n/a 
Council/Housing Association,"£50,000 - £59,999","Council/Housing Association£50,000 - £59,999"," 3,500 "," 4,100 "," 17,150 ","3,600","4,300","15,200","3,600","4,200","15,580","3,300","4,000","8,230","3,500","4,100","8,280", n/a , n/a , n/a , n/a , n/a , n/a , n/a , n/a , n/a , n/a , n/a , n/a , n/a , n/a , n/a , n/a , n/a , n/a ," 10,400 "," 11,200 "," 15,260 ","10,200","11,000","13,170","10,500","11,300","12,150","11,000","12,000","6,570","11,200","12,200","6,880", n/a , n/a , n/a , n/a , n/a , n/a , n/a , n/a , n/a , n/a , n/a , n/a , n/a , n/a , n/a , n/a , n/a , n/a 
Owner-occupied,"£60,000 - £69,999","Owner-occupied£60,000 - £69,999"," 4,000 "," 4,600 "," 148,480 ","4,100","4,800","140,370","4,100","4,800","144,150","4,100","4,800","134,560","4,300","5,000","135,490", n/a , n/a , n/a , n/a , n/a , n/a , n/a , n/a , n/a , n/a , n/a , n/a , n/a , n/a , n/a , n/a , n/a , n/a ," 15,100 "," 16,200 "," 137,870 ","15,300","16,400","126,830","15,800","16,900","117,550","15,900","17,100","109,450","15,800","16,900","115,260", n/a , n/a , n/a , n/a , n/a , n/a , n/a , n/a , n/a , n/a , n/a , n/a , n/a , n/a , n/a , n/a , n/a , n/a 
Privately rented,"£60,000 - £69,999","Privately rented£60,000 - £69,999"," 3,300 "," 4,200 "," 26,430 ","3,400","4,400","25,350","3,400","4,200","26,530","3,400","4,400","20,200","3,500","4,400","20,380", n/a , n/a , n/a , n/a , n/a , n/a , n/a , n/a , n/a , n/a , n/a , n/a , n/a , n/a , n/a , n/a , n/a , n/a ," 11,700 "," 13,100 "," 21,020 ","11,600","12,900","19,730","12,000","13,400","18,100","11,800","13,300","14,000","11,900","13,400","14,650", n/a , n/a , n/a , n/a , n/a , n/a , n/a , n/a , n/a , n/a , n/a , n/a , n/a , n/a , n/a , n/a , n/a , n/a 
Council/Housing Association,"£60,000 - £69,999","Council/Housing Association£60,000 - £69,999"," 3,300 "," 4,000 "," 9,500 ","3,400","4,200","8,320","3,500","4,100","8,540","3,300","4,100","4,090","3,500","4,200","4,150", n/a , n/a , n/a , n/a , n/a , n/a , n/a , n/a , n/a , n/a , n/a , n/a , n/a , n/a , n/a , n/a , n/a , n/a ," 10,200 "," 11,000 "," 8,290 ","10,000","10,800","7,110","10,400","11,100","6,560","11,300","12,500","3,280","11,400","12,600","3,450", n/a , n/a , n/a , n/a , n/a , n/a , n/a , n/a , n/a , n/a , n/a , n/a , n/a , n/a , n/a , n/a , n/a , n/a 
Owner-occupied,"£70,000 - £99,999","Owner-occupied£70,000 - £99,999"," 4,300 "," 5,000 "," 213,250 ","4,400","5,200","201,320","4,500","5,100","207,080","4,400","5,200","187,180","4,600","5,300","188,830", n/a , n/a , n/a , n/a , n/a , n/a , n/a , n/a , n/a , n/a , n/a , n/a , n/a , n/a , n/a , n/a , n/a , n/a ," 16,500 "," 17,700 "," 195,500 ","16,700","17,900","180,930","17,200","18,400","167,230","17,100","18,300","150,680","17,000","18,200","158,750", n/a , n/a , n/a , n/a , n/a , n/a , n/a , n/a , n/a , n/a , n/a , n/a , n/a , n/a , n/a , n/a , n/a , n/a 
Privately rented,"£70,000 - £99,999","Privately rented£70,000 - £99,999"," 3,500 "," 4,400 "," 33,490 ","3,500","4,700","30,850","3,500","4,400","32,370","3,400","4,500","28,490","3,500","4,500","28,790", n/a , n/a , n/a , n/a , n/a , n/a , n/a , n/a , n/a , n/a , n/a , n/a , n/a , n/a , n/a , n/a , n/a , n/a ," 12,600 "," 14,100 "," 26,440 ","12,600","14,000","23,780","13,100","14,600","21,780","12,200","13,800","19,210","12,200","13,900","20,210", n/a , n/a , n/a , n/a , n/a , n/a , n/a , n/a , n/a , n/a , n/a , n/a , n/a , n/a , n/a , n/a , n/a , n/a 
Council/Housing Association,"£70,000 - £99,999","Council/Housing Association£70,000 - £99,999"," 3,400 "," 4,100 "," 9,030 ","3,600","4,500","7,450","3,600","4,300","7,690","3,300","4,100","4,840","3,400","4,100","4,900", n/a , n/a , n/a , n/a , n/a , n/a , n/a , n/a , n/a , n/a , n/a , n/a , n/a , n/a , n/a , n/a , n/a , n/a ," 10,600 "," 11,700 "," 7,840 ","10,700","11,700","6,260","11,000","12,000","5,800","11,400","12,500","3,880","11,500","12,700","4,020", n/a , n/a , n/a , n/a , n/a , n/a , n/a , n/a , n/a , n/a , n/a , n/a , n/a , n/a , n/a , n/a , n/a , n/a 
Owner-occupied,"£100,000 - £149,999","Owner-occupied£100,000 - £149,999"," 4,800 "," 5,700 "," 103,700 ","5,000","6,200","95,380","5,100","6,000","98,670","5,000","5,900","93,280","5,200","6,000","94,220", n/a , n/a , n/a , n/a , n/a , n/a , n/a , n/a , n/a , n/a , n/a , n/a , n/a , n/a , n/a , n/a , n/a , n/a ," 18,900 "," 20,300 "," 92,240 ","19,300","20,700","82,330","19,900","21,300","75,380","19,600","20,900","72,090","19,400","20,700","76,190", n/a , n/a , n/a , n/a , n/a , n/a , n/a , n/a , n/a , n/a , n/a , n/a , n/a , n/a , n/a , n/a , n/a , n/a 
Privately rented,"£100,000 - £149,999","Privately rented£100,000 - £149,999"," 3,900 "," 5,000 "," 13,370 ","4,100","5,500","11,830","4,100","5,100","12,430","3,900","5,100","11,910","4,000","5,200","12,050", n/a , n/a , n/a , n/a , n/a , n/a , n/a , n/a , n/a , n/a , n/a , n/a , n/a , n/a , n/a , n/a , n/a , n/a ," 15,000 "," 16,700 "," 10,670 ","15,200","16,800","8,880","15,800","17,300","8,040","13,800","16,000","7,690","13,800","15,900","8,120", n/a , n/a , n/a , n/a , n/a , n/a , n/a , n/a , n/a , n/a , n/a , n/a , n/a , n/a , n/a , n/a , n/a , n/a 
Council/Housing Association,"£100,000 - £149,999","Council/Housing Association£100,000 - £149,999"," 3,700 "," 4,500 "," 2,440 ","3,900","5,000","1,640","4,000","4,800","1,700","3,700","4,500","1,190","3,800","4,700","1,210", n/a , n/a , n/a , n/a , n/a , n/a , n/a , n/a , n/a , n/a , n/a , n/a , n/a , n/a , n/a , n/a , n/a , n/a ," 11,400 "," 12,900 "," 2,150 ","12,300","14,100","1,400","12,900","14,400","1,320","13,100","14,900",970,"13,000","15,000","1,020", n/a , n/a , n/a , n/a , n/a , n/a , n/a , n/a , n/a , n/a , n/a , n/a , n/a , n/a , n/a , n/a , n/a , n/a 
Owner-occupied,"£150,000 and over","Owner-occupied£150,000 and over"," 5,500 "," 6,600 "," 36,600 ","5,900","7,500","31,750","5,900","7,000","32,730","5,400","6,600","31,980","5,600","6,800","32,340", n/a , n/a , n/a , n/a , n/a , n/a , n/a , n/a , n/a , n/a , n/a , n/a , n/a , n/a , n/a , n/a , n/a , n/a ," 21,600 "," 22,900 "," 30,920 ","22,200","23,400","25,850","22,800","24,100","23,470","20,700","22,400","23,800","20,400","22,200","25,130", n/a , n/a , n/a , n/a , n/a , n/a , n/a , n/a , n/a , n/a , n/a , n/a , n/a , n/a , n/a , n/a , n/a , n/a 
Privately rented,"£150,000 and over","Privately rented£150,000 and over"," 4,600 "," 5,900 "," 6,280 ","5,100","6,800","5,040","5,000","6,200","5,190","4,400","5,900","4,260","4,600","6,000","4,310", n/a , n/a , n/a , n/a , n/a , n/a , n/a , n/a , n/a , n/a , n/a , n/a , n/a , n/a , n/a , n/a , n/a , n/a ," 17,900 "," 19,400 "," 5,040 ","18,200","19,900","3,910","18,900","20,400","3,520","16,300","18,400","2,820","16,100","18,200","2,980", n/a , n/a , n/a , n/a , n/a , n/a , n/a , n/a , n/a , n/a , n/a , n/a , n/a , n/a , n/a , n/a , n/a , n/a 
Council/Housing Association,"£150,000 and over","Council/Housing Association£150,000 and over"," 3,900 "," 4,800 ", 720 ,"4,600","5,700",390,"4,300","5,500",400,"3,700","4,900",260,"3,800","5,100",260, n/a , n/a , n/a , n/a , n/a , n/a , n/a , n/a , n/a , n/a , n/a , n/a , n/a , n/a , n/a , n/a , n/a , n/a ," 11,800 "," 13,300 ", 630 ,"12,500","14,400",340,"13,300","14,800",330,"14,000","15,900",210,"14,700","16,600",210, n/a , n/a , n/a , n/a , n/a , n/a , n/a , n/a , n/a , n/a , n/a , n/a , n/a , n/a , n/a , n/a , n/a , n/a 
Owner-occupied,North East,Owner-occupiedNorth East," 3,100 "," 3,600 "," 115,850 ","3,200","3,700","116,490","3,200","3,700","119,090","3,200","3,800","110,970","3,400","3,900","111,780","3,400","3,900","111,060","3,400","4,000","110,210","3,400","4,000","109,550","3,600","4,100","109,500","3,700","4,200","109,400","3,700","4,300","108,210"," 14,000 "," 14,800 "," 110,380 ","14,200","15,000","112,040","14,700","15,600","104,520","14,900","15,800","96,000","14,700","15,600","99,800","15,800","16,800","96,780","16,100","17,100","102,410","17,900","18,800","95,520","18,600","19,500","93,570","19,400","20,200","89,830","20,300","21,200","90,070"
Privately rented,North East,Privately rentedNorth East," 2,800 "," 3,400 "," 26,160 ","2,700","3,400","25,830","2,700","3,400","26,970","2,600","3,200","23,750","2,600","3,300","24,100","2,800","3,400","15,270","2,700","3,400","15,020","2,700","3,400","14,950","2,800","3,500","14,730","2,800","3,600","14,600","2,800","3,600","14,370"," 10,600 "," 11,500 "," 23,460 ","10,400","11,400","23,180","11,000","12,000","21,100","11,000","11,900","18,000","11,000","12,000","18,720","12,000","12,800","11,790","12,200","13,000","13,120","13,500","14,400","11,540","14,500","15,300","11,330","15,100","15,900","10,810","16,300","17,100","10,620"
Council/Housing Association,North East,Council/Housing AssociationNorth East," 2,600 "," 3,100 "," 56,620 ","2,600","3,000","55,130","2,600","3,000","56,650","2,600","3,000","42,070","2,700","3,100","42,500","2,500","3,100","41,930","2,500","3,000","41,570","2,500","3,000","41,420","2,600","3,200","41,400","2,600","3,200","41,260","2,600","3,200","40,980"," 10,000 "," 10,400 "," 52,090 ","10,000","10,400","51,100","10,500","10,900","48,090","11,500","11,900","36,890","11,500","12,000","38,160","11,900","12,400","34,940","12,300","12,800","37,680","13,800","14,400","33,910","14,700","15,200","33,640","15,300","15,800","32,760","16,500","16,900","32,000"
Owner-occupied,North West,Owner-occupiedNorth West," 3,400 "," 3,900 "," 304,830 ","3,400","4,100","348,270","3,400","4,000","354,080","3,500","4,100","312,020","3,600","4,200","313,970","3,700","4,300","313,680","3,700","4,300","310,710","3,700","4,300","306,350","3,900","4,600","310,290","3,900","4,600","309,360","4,100","4,800","197,850"," 13,000 "," 14,000 "," 331,370 ","13,200","14,200","334,670","13,900","14,800","312,090","14,400","15,400","271,560","14,400","15,400","283,440","15,500","16,600","274,790","15,900","16,900","289,930","17,600","18,600","271,500","18,200","19,200","267,010","19,000","19,800","257,110","19,700","20,600","258,760"
Privately rented,North West,Privately rentedNorth West," 3,000 "," 3,600 "," 62,160 ","2,900","3,700","68,200","2,900","3,600","71,540","2,900","3,700","58,210","2,900","3,700","59,070","3,100","3,800","33,920","3,000","3,800","33,340","3,000","3,800","32,860","3,100","4,000","32,870","3,200","4,000","32,540","3,300","4,200","19,090"," 9,900 "," 11,000 "," 60,120 ","9,600","10,700","58,770","10,100","11,200","53,370","10,000","11,100","42,400","10,100","11,300","44,240","11,400","12,400","25,480","11,500","12,600","27,950","12,700","13,800","25,000","13,400","14,500","24,640","14,000","15,000","23,490","15,100","16,100","23,490"
Council/Housing Association,North West,Council/Housing AssociationNorth West," 2,900 "," 3,400 "," 90,500 ","2,800","3,400","100,610","2,800","3,300","102,730","2,800","3,300","87,950","2,900","3,400","88,830","2,800","3,400","85,850","2,800","3,400","84,570","2,800","3,500","83,240","3,000","3,600","84,180","3,000","3,600","83,780","3,100","3,800","56,150"," 8,800 "," 9,300 "," 93,390 ","8,800","9,200","91,930","9,100","9,600","86,070","10,100","10,500","75,160","10,200","10,700","77,660","10,700","11,200","70,410","11,000","11,500","75,570","12,300","12,900","68,760","12,900","13,500","68,100","13,500","14,000","65,790","14,400","15,000","64,070"
Owner-occupied,Yorks & Humber,Owner-occupiedYorks & Humber," 3,200 "," 3,800 "," 224,610 ","3,300","3,900","239,350","3,300","3,800","243,050","3,300","3,900","223,240","3,400","4,000","224,650","3,400","4,100","243,530","3,400","4,100","242,050","3,400","4,100","240,550","3,600","4,300","239,620","3,700","4,400","239,090","3,800","4,500","236,880"," 13,800 "," 14,900 "," 220,340 ","13,900","14,900","224,720","14,300","15,300","209,690","14,800","15,800","189,260","14,800","15,900","198,270","15,600","16,600","211,610","15,700","16,700","223,560","17,300","18,300","205,480","17,900","18,900","202,550","18,600","19,500","195,320","19,400","20,200","188,860"
Privately rented,Yorks & Humber,Privately rentedYorks & Humber," 2,900 "," 3,600 "," 58,340 ","2,900","3,700","59,460","2,900","3,600","61,610","2,800","3,600","51,780","2,900","3,600","52,460","3,000","3,700","22,600","3,000","3,700","22,430","3,000","3,800","22,280","3,100","3,900","21,870","3,100","4,000","21,590","3,200","4,100","21,230"," 10,900 "," 12,000 "," 52,020 ","10,700","11,800","50,550","11,000","12,100","46,130","10,800","11,900","38,110","11,000","12,200","39,900","12,000","12,900","17,390","12,100","13,000","18,950","13,100","14,100","16,740","13,800","14,800","16,560","14,500","15,300","15,930","15,300","16,200","15,400"
Council/Housing Association,Yorks & Humber,Council/Housing AssociationYorks & Humber," 2,700 "," 3,300 "," 80,620 ","2,700","3,400","81,690","2,700","3,200","83,230","2,700","3,300","65,560","2,800","3,400","66,200","2,700","3,300","54,070","2,600","3,300","53,700","2,600","3,400","53,550","2,800","3,500","53,070","2,900","3,600","52,910","2,900","3,700","52,890"," 9,500 "," 10,000 "," 75,730 ","9,400","9,900","73,300","9,700","10,200","68,810","11,000","11,400","54,640","11,200","11,700","56,740","11,200","11,700","43,450","11,300","11,900","46,600","12,500","13,000","42,090","13,300","13,800","41,100","13,800","14,300","40,060","14,600","15,200","37,860"
Owner-occupied,East Midlands,Owner-occupiedEast Midlands," 3,300 "," 4,000 "," 217,930 ","3,300","4,100","221,000","3,400","4,000","225,120","3,400","4,200","198,930","3,600","4,300","199,990","3,600","4,400","200,460","3,600","4,400","199,350","3,700","4,400","198,870","3,800","4,600","199,100","3,900","4,700","197,990","3,900","4,800","193,800"," 13,500 "," 14,400 "," 200,410 ","13,600","14,500","203,660","14,000","14,900","190,530","14,500","15,400","165,370","14,400","15,400","173,180","15,500","16,500","169,500","15,600","16,500","179,460","17,200","18,000","165,330","17,800","18,600","164,400","18,500","19,300","155,250","19,400","20,200","156,190"
Privately rented,East Midlands,Privately rentedEast Midlands," 3,000 "," 3,800 "," 45,260 ","3,000","3,800","45,000","3,000","3,700","46,670","2,900","3,700","38,260","2,900","3,800","38,590","3,100","3,900","21,300","3,000","3,900","21,060","3,100","4,000","21,000","3,200","4,100","20,870","3,200","4,200","20,520","3,300","4,300","20,050"," 11,000 "," 12,000 "," 38,680 ","10,800","11,700","38,240","11,100","12,100","35,090","10,700","11,600","28,480","10,800","11,800","29,700","11,900","12,900","15,810","11,800","12,900","17,270","13,000","14,000","15,180","13,500","14,600","15,420","14,200","15,200","14,360","15,100","16,200","14,280"
Council/Housing Association,East Midlands,Council/Housing AssociationEast Midlands," 2,900 "," 3,600 "," 59,340 ","2,900","3,500","56,170","2,800","3,500","57,110","2,800","3,500","47,240","2,900","3,500","47,610","2,800","3,500","46,400","2,800","3,500","46,110","2,800","3,500","46,030","2,900","3,700","45,920","3,000","3,700","45,710","3,000","3,800","45,250"," 9,300 "," 9,800 "," 52,980 ","9,300","9,700","50,050","9,600","10,000","47,160","10,800","11,300","39,660","11,000","11,600","41,140","11,300","11,800","37,820","11,400","11,900","40,460","12,600","13,100","36,440","13,200","13,800","36,730","13,600","14,200","34,890","14,600","15,200","33,990"
Owner-occupied,West Midlands,Owner-occupiedWest Midlands," 3,400 "," 4,100 "," 243,700 ","3,500","4,200","258,720","3,500","4,100","269,170","3,500","4,200","229,660","3,700","4,300","231,380","3,700","4,400","220,020","3,700","4,400","218,610","3,800","4,500","217,130","4,000","4,700","218,350","4,000","4,800","218,800","4,200","5,100","120,440"," 13,300 "," 14,200 "," 240,750 ","13,400","14,300","243,640","13,700","14,600","227,770","14,300","15,300","194,960","14,300","15,400","204,310","15,400","16,400","192,630","15,600","16,700","203,240","17,300","18,300","186,580","17,800","18,800","186,160","18,500","19,400","179,050","19,300","20,200","177,730"
Privately rented,West Midlands,Privately rentedWest Midlands," 3,200 "," 3,900 "," 43,670 ","3,100","4,000","45,140","3,100","3,900","48,790","3,000","3,900","43,910","3,100","3,900","44,450","3,200","4,100","19,170","3,200","4,100","19,010","3,200","4,100","18,830","3,300","4,200","18,800","3,400","4,300","18,680","3,600","4,600","10,390"," 11,000 "," 12,100 "," 39,380 ","10,700","11,800","38,440","10,900","12,000","35,360","10,500","11,500","31,970","10,600","11,800","33,350","12,200","13,200","14,220","12,200","13,200","15,460","13,300","14,400","13,750","13,800","14,900","13,670","14,600","15,500","13,030","15,400","16,500","12,780"
Council/Housing Association,West Midlands,Council/Housing AssociationWest Midlands," 3,100 "," 3,700 "," 72,480 ","3,100","3,800","74,450","3,000","3,700","78,980","3,000","3,700","67,370","3,100","3,800","68,040","3,100","3,800","82,880","3,100","3,800","82,270","3,100","3,900","81,980","3,300","4,000","81,920","3,300","4,000","81,960","3,500","4,400","45,300"," 9,400 "," 10,000 "," 70,790 ","9,400","9,900","69,030","9,700","10,200","64,810","10,600","11,100","56,530","10,800","11,300","58,780","11,400","11,900","68,080","11,500","12,100","72,720","12,700","13,300","66,180","13,300","14,000","65,700","13,700","14,300","63,360","14,500","15,200","60,990"
Owner-occupied,East of England,Owner-occupiedEast of England," 3,600 "," 4,400 "," 284,150 ","3,600","4,500","284,450","3,700","4,400","287,010","3,700","4,500","255,120","3,800","4,600","256,950","3,900","4,700","255,920","3,900","4,700","254,010","3,900","4,800","252,920","4,100","5,000","252,810","4,200","5,100","251,460","4,200","5,100","249,190"," 13,500 "," 14,600 "," 237,650 ","13,400","14,500","238,870","13,800","14,900","224,150","14,300","15,400","196,320","14,200","15,300","205,580","15,400","16,500","197,710","15,400","16,500","208,970","16,700","17,800","197,630","17,300","18,400","192,130","17,900","18,900","184,400","18,700","19,700","186,890"
Privately rented,East of England,Privately rentedEast of England," 3,100 "," 4,100 "," 59,180 ","3,200","4,200","60,100","3,200","4,000","61,160","3,200","4,200","51,610","3,200","4,200","51,920","3,400","4,400","20,130","3,400","4,400","19,880","3,400","4,400","19,660","3,600","4,600","19,370","3,600","4,700","19,040","3,700","4,800","18,500"," 10,400 "," 11,600 "," 43,230 ","10,200","11,300","43,940","10,500","11,600","40,790","10,500","11,700","33,430","10,500","11,800","34,970","11,400","12,600","12,910","11,400","12,600","13,940","12,400","13,600","12,700","12,900","14,100","12,370","13,500","14,700","11,740","14,200","15,500","11,690"
Council/Housing Association,East of England,Council/Housing AssociationEast of England," 3,000 "," 3,700 "," 71,670 ","3,000","3,800","69,220","3,000","3,700","69,600","2,900","3,700","59,580","3,000","3,800","59,950","3,000","3,800","65,290","3,000","3,900","64,570","3,000","4,000","64,120","3,200","4,200","63,780","3,300","4,200","63,320","3,300","4,300","62,810"," 8,800 "," 9,300 "," 57,790 ","8,800","9,200","56,030","9,000","9,500","52,640","9,900","10,400","45,590","10,000","10,600","47,440","10,700","11,200","48,480","10,600","11,200","52,100","11,600","12,200","47,610","12,200","12,900","47,340","12,700","13,300","45,730","13,600","14,200","44,540"
Owner-occupied,London,Owner-occupiedLondon," 3,500 "," 4,300 "," 259,350 ","3,600","4,500","257,650","3,600","4,300","260,440","3,600","4,400","235,260","3,700","4,500","237,850", n/a , n/a , n/a , n/a , n/a , n/a , n/a , n/a , n/a , n/a , n/a , n/a , n/a , n/a , n/a , n/a , n/a , n/a ," 14,900 "," 16,200 "," 238,200 ","14,800","16,000","239,890","15,300","16,600","222,640","15,600","16,800","199,150","15,500","16,700","209,830", n/a , n/a , n/a , n/a , n/a , n/a , n/a , n/a , n/a , n/a , n/a , n/a , n/a , n/a , n/a , n/a , n/a , n/a 
Privately rented,London,Privately rentedLondon," 3,000 "," 4,100 "," 89,140 ","3,200","4,300","90,080","3,100","4,000","93,520","3,100","4,100","84,240","3,100","4,100","85,290", n/a , n/a , n/a , n/a , n/a , n/a , n/a , n/a , n/a , n/a , n/a , n/a , n/a , n/a , n/a , n/a , n/a , n/a ," 11,300 "," 13,000 "," 67,800 ","11,200","12,900","68,180","11,700","13,300","62,460","11,200","12,900","59,400","11,300","13,000","62,240", n/a , n/a , n/a , n/a , n/a , n/a , n/a , n/a , n/a , n/a , n/a , n/a , n/a , n/a , n/a , n/a , n/a , n/a 
Council/Housing Association,London,Council/Housing AssociationLondon," 2,600 "," 3,200 "," 120,090 ","2,700","3,500","118,090","2,700","3,200","120,740","2,700","3,400","104,490","2,800","3,400","106,120", n/a , n/a , n/a , n/a , n/a , n/a , n/a , n/a , n/a , n/a , n/a , n/a , n/a , n/a , n/a , n/a , n/a , n/a ," 8,700 "," 9,500 "," 102,090 ","8,700","9,400","101,620","9,000","9,700","93,960","9,600","10,400","82,830","9,800","10,600","86,830", n/a , n/a , n/a , n/a , n/a , n/a , n/a , n/a , n/a , n/a , n/a , n/a , n/a , n/a , n/a , n/a , n/a , n/a 
Owner-occupied,South East,Owner-occupiedSouth East," 3,600 "," 4,400 "," 417,980 ","3,700","4,500","421,100","3,700","4,400","433,830","3,700","4,600","380,880","3,900","4,600","383,740","3,900","4,700","380,740","3,900","4,800","376,610","4,000","4,800","375,400","4,100","5,000","371,780","4,200","5,000","373,190","4,200","5,100","368,250"," 13,400 "," 14,700 "," 375,740 ","13,300","14,600","380,720","13,700","14,900","355,470","14,300","15,500","305,890","14,100","15,400","322,370","15,200","16,500","308,380","15,300","16,500","329,110","16,800","18,000","299,640","17,400","18,700","286,840","18,000","19,100","284,370","18,600","19,700","282,880"
Privately rented,South East,Privately rentedSouth East," 3,200 "," 4,100 "," 82,360 ","3,200","4,200","82,920","3,200","4,000","88,530","3,200","4,100","75,390","3,200","4,100","76,070","3,300","4,200","32,540","3,300","4,200","32,100","3,400","4,300","31,970","3,500","4,400","31,300","3,500","4,400","31,200","3,600","4,600","30,470"," 10,200 "," 11,500 "," 62,570 ","10,100","11,400","63,040","10,400","11,700","58,170","10,400","11,600","49,810","10,400","11,600","52,230","11,200","12,300","21,210","11,100","12,300","23,380","12,300","13,500","20,700","13,000","14,200","19,570","13,400","14,500","19,710","14,200","15,300","19,200"
Council/Housing Association,South East,Council/Housing AssociationSouth East," 3,000 "," 3,800 "," 88,380 ","3,100","3,800","82,920","3,000","3,700","85,600","3,000","3,700","73,050","3,000","3,700","73,460","3,200","3,800","79,900","3,200","3,900","79,340","3,200","3,900","79,180","3,300","4,100","77,790","3,400","4,100","78,010","3,400","4,200","77,460"," 8,600 "," 9,100 "," 74,030 ","8,500","9,000","69,640","8,700","9,200","65,060","9,400","9,900","57,170","9,500","10,100","59,880","10,700","11,200","62,210","10,800","11,300","68,030","11,900","12,400","60,050","12,600","13,200","58,340","13,000","13,600","58,570","13,600","14,200","57,310"
Owner-occupied,South West,Owner-occupiedSouth West," 3,500 "," 4,400 "," 246,490 ","3,600","4,500","260,080","3,600","4,400","268,430","3,600","4,500","240,290","3,700","4,600","242,180","3,800","4,700","219,050","3,800","4,700","217,690","3,800","4,700","216,520","4,000","5,000","214,220","4,100","5,000","216,190","4,200","5,200","198,500"," 11,500 "," 12,600 "," 204,320 ","11,600","12,600","206,680","11,900","13,000","193,420","12,300","13,400","168,630","12,100","13,200","177,080","13,400","14,500","165,120","13,600","14,700","173,320","15,100","16,200","159,480","15,600","16,800","155,950","16,400","17,400","151,820","17,200","18,200","148,070"
Privately rented,South West,Privately rentedSouth West," 3,100 "," 4,100 "," 44,630 ","3,200","4,200","47,080","3,100","4,000","50,590","3,100","4,100","46,720","3,200","4,100","47,220","3,300","4,200","25,180","3,300","4,300","24,950","3,400","4,300","24,840","3,500","4,500","24,190","3,600","4,500","24,150","3,700","4,800","21,980"," 9,000 "," 10,200 "," 33,730 ","9,100","10,200","33,950","9,300","10,600","31,190","9,200","10,400","28,140","9,100","10,300","29,710","10,400","11,400","16,110","10,300","11,500","17,430","11,400","12,700","15,510","12,000","13,200","15,110","12,600","13,800","14,650","13,500","14,700","14,120"
Council/Housing Association,South West,Council/Housing AssociationSouth West," 3,300 "," 4,200 "," 54,790 ","3,300","4,200","54,200","3,300","4,100","56,040","3,200","4,000","44,880","3,300","4,100","45,330","3,300","4,200","52,590","3,300","4,200","52,340","3,400","4,200","52,000","3,500","4,500","51,230","3,600","4,500","51,190","3,700","4,600","47,640"," 7,600 "," 8,100 "," 42,290 ","7,600","8,100","40,340","7,800","8,400","37,820","8,700","9,200","32,360","8,600","9,200","33,870","9,300","9,900","34,880","9,400","10,000","37,820","10,500","11,200","33,570","11,100","11,800","32,600","11,500","12,100","32,600","12,400","13,000","31,050"
Owner-occupied,Wales,Owner-occupiedWales," 3,200 "," 3,900 "," 141,070 ","3,300","4,000","149,220","3,400","4,000","153,950","3,400","4,100","134,170","3,500","4,100","135,170", n/a , n/a , n/a , n/a , n/a , n/a , n/a , n/a , n/a , n/a , n/a , n/a , n/a , n/a , n/a , n/a , n/a , n/a ," 12,400 "," 13,300 "," 124,290 ","12,800","13,600","123,860","13,300","14,100","116,370","13,800","14,700","100,880","13,700","14,600","106,250", n/a , n/a , n/a , n/a , n/a , n/a , n/a , n/a , n/a , n/a , n/a , n/a , n/a , n/a , n/a , n/a , n/a , n/a 
Privately rented,Wales,Privately rentedWales," 2,900 "," 3,500 "," 23,700 ","2,900","3,600","24,180","2,900","3,500","24,890","2,800","3,600","21,920","2,900","3,600","22,120", n/a , n/a , n/a , n/a , n/a , n/a , n/a , n/a , n/a , n/a , n/a , n/a , n/a , n/a , n/a , n/a , n/a , n/a ," 9,200 "," 10,200 "," 20,070 ","9,000","10,000","19,360","9,400","10,500","18,060","10,100","11,100","16,080","10,100","11,300","16,790", n/a , n/a , n/a , n/a , n/a , n/a , n/a , n/a , n/a , n/a , n/a , n/a , n/a , n/a , n/a , n/a , n/a , n/a 
Council/Housing Association,Wales,Council/Housing AssociationWales," 3,000 "," 3,500 "," 35,390 ","3,000","3,500","38,600","2,900","3,400","39,040","2,900","3,400","32,170","3,000","3,500","32,430", n/a , n/a , n/a , n/a , n/a , n/a , n/a , n/a , n/a , n/a , n/a , n/a , n/a , n/a , n/a , n/a , n/a , n/a ," 9,100 "," 9,800 "," 33,310 ","9,400","9,900","34,800","9,800","10,400","32,910","10,100","10,800","26,220","10,300","11,000","27,330", n/a , n/a , n/a , n/a , n/a , n/a , n/a , n/a , n/a , n/a , n/a , n/a , n/a , n/a , n/a , n/a , n/a , n/a 
"Less than £15,000",North East,"Less than £15,000North East"," 2,300 "," 3,000 "," 37,920 ","2,400","3,000","42,060","2,400","3,000","43,310","2,400","3,000","48,260","2,400","3,000","48,780", n/a , n/a , n/a , n/a , n/a , n/a , n/a , n/a , n/a , n/a , n/a , n/a , n/a , n/a , n/a , n/a , n/a , n/a ," 11,000 "," 11,900 "," 34,940 ","11,100","11,900","39,370","11,600","12,400","36,990","11,800","12,600","40,670","11,800","12,600","42,210", n/a , n/a , n/a , n/a , n/a , n/a , n/a , n/a , n/a , n/a , n/a , n/a , n/a , n/a , n/a , n/a , n/a , n/a 
"£15,000 - £19,999",North East,"£15,000 - £19,999North East"," 2,600 "," 3,100 "," 19,070 ","2,600","3,100","20,840","2,600","3,100","21,450","2,600","3,100","17,960","2,700","3,200","18,140", n/a , n/a , n/a , n/a , n/a , n/a , n/a , n/a , n/a , n/a , n/a , n/a , n/a , n/a , n/a , n/a , n/a , n/a ," 11,200 "," 11,800 "," 17,700 ","11,200","11,900","19,510","11,800","12,500","18,330","12,400","13,100","15,300","12,400","13,000","15,810", n/a , n/a , n/a , n/a , n/a , n/a , n/a , n/a , n/a , n/a , n/a , n/a , n/a , n/a , n/a , n/a , n/a , n/a 
"£20,000 - £29,999",North East,"£20,000 - £29,999North East"," 2,700 "," 3,200 "," 55,120 ","2,700","3,200","54,390","2,700","3,200","55,630","2,800","3,300","42,590","2,900","3,400","42,960", n/a , n/a , n/a , n/a , n/a , n/a , n/a , n/a , n/a , n/a , n/a , n/a , n/a , n/a , n/a , n/a , n/a , n/a ," 11,100 "," 11,700 "," 51,800 ","11,200","11,900","51,570","11,700","12,400","48,070","12,600","13,200","36,590","12,400","13,100","37,910", n/a , n/a , n/a , n/a , n/a , n/a , n/a , n/a , n/a , n/a , n/a , n/a , n/a , n/a , n/a , n/a , n/a , n/a 
"£30,000 - £39,999",North East,"£30,000 - £39,999North East"," 3,100 "," 3,600 "," 34,930 ","3,200","3,700","32,220","3,200","3,700","32,950","3,300","3,800","25,070","3,400","3,900","25,240", n/a , n/a , n/a , n/a , n/a , n/a , n/a , n/a , n/a , n/a , n/a , n/a , n/a , n/a , n/a , n/a , n/a , n/a ," 12,600 "," 13,300 "," 32,870 ","13,000","13,700","30,570","13,600","14,200","28,420","14,400","15,200","21,690","14,100","15,000","22,530", n/a , n/a , n/a , n/a , n/a , n/a , n/a , n/a , n/a , n/a , n/a , n/a , n/a , n/a , n/a , n/a , n/a , n/a 
"£40,000 - £49,999",North East,"£40,000 - £49,999North East"," 3,500 "," 3,900 "," 24,770 ","3,600","4,000","24,950","3,600","4,000","25,590","3,700","4,100","20,540","3,800","4,200","20,720", n/a , n/a , n/a , n/a , n/a , n/a , n/a , n/a , n/a , n/a , n/a , n/a , n/a , n/a , n/a , n/a , n/a , n/a ," 14,100 "," 14,800 "," 23,760 ","14,400","14,900","24,190","15,000","15,600","22,460","15,500","16,200","18,090","15,200","16,000","18,920", n/a , n/a , n/a , n/a , n/a , n/a , n/a , n/a , n/a , n/a , n/a , n/a , n/a , n/a , n/a , n/a , n/a , n/a 
"£50,000 - £59,999",North East,"£50,000 - £59,999North East"," 3,600 "," 4,100 "," 11,680 ","3,700","4,200","10,410","3,800","4,200","10,680","3,700","4,300","9,460","3,900","4,400","9,530", n/a , n/a , n/a , n/a , n/a , n/a , n/a , n/a , n/a , n/a , n/a , n/a , n/a , n/a , n/a , n/a , n/a , n/a ," 15,100 "," 15,900 "," 11,070 ","15,500","16,400","9,860","16,200","17,000","9,110","16,200","17,100","8,120","15,900","16,800","8,440", n/a , n/a , n/a , n/a , n/a , n/a , n/a , n/a , n/a , n/a , n/a , n/a , n/a , n/a , n/a , n/a , n/a , n/a 
"£60,000 - £69,999",North East,"£60,000 - £69,999North East"," 3,800 "," 4,300 "," 5,890 ","4,000","4,500","5,300","4,100","4,500","5,450","3,900","4,500","5,210","4,200","4,700","5,230", n/a , n/a , n/a , n/a , n/a , n/a , n/a , n/a , n/a , n/a , n/a , n/a , n/a , n/a , n/a , n/a , n/a , n/a ," 16,300 "," 17,300 "," 5,580 ","17,000","17,800","4,950","17,700","18,500","4,550","17,800","18,800","4,450","17,400","18,400","4,590", n/a , n/a , n/a , n/a , n/a , n/a , n/a , n/a , n/a , n/a , n/a , n/a , n/a , n/a , n/a , n/a , n/a , n/a 
"£70,000 - £99,999",North East,"£70,000 - £99,999North East"," 4,100 "," 4,700 "," 6,120 ","4,400","5,100","5,200","4,500","5,000","5,410","4,300","4,900","5,080","4,400","5,000","5,120", n/a , n/a , n/a , n/a , n/a , n/a , n/a , n/a , n/a , n/a , n/a , n/a , n/a , n/a , n/a , n/a , n/a , n/a ," 17,700 "," 18,900 "," 5,640 ","19,200","20,300","4,760","19,900","20,900","4,400","19,300","20,500","4,180","18,900","20,100","4,360", n/a , n/a , n/a , n/a , n/a , n/a , n/a , n/a , n/a , n/a , n/a , n/a , n/a , n/a , n/a , n/a , n/a , n/a 
"£100,000 - £149,999",North East,"£100,000 - £149,999North East"," 4,300 "," 5,100 "," 2,160 ","5,100","6,200","1,530","5,100","6,000","1,640","4,700","5,600","1,910","4,900","5,700","1,930", n/a , n/a , n/a , n/a , n/a , n/a , n/a , n/a , n/a , n/a , n/a , n/a , n/a , n/a , n/a , n/a , n/a , n/a ," 18,800 "," 20,300 "," 1,820 ","22,200","23,500","1,170","22,900","24,200","1,050","21,300","23,000","1,390","20,700","22,400","1,470", n/a , n/a , n/a , n/a , n/a , n/a , n/a , n/a , n/a , n/a , n/a , n/a , n/a , n/a , n/a , n/a , n/a , n/a 
"£150,000 and over",North East,"£150,000 and overNorth East"," 4,800 "," 5,900 ", 960 ,"6,100","7,500",560,"6,000","6,900",590,"5,700","7,000",710,"6,000","7,200",720, n/a , n/a , n/a , n/a , n/a , n/a , n/a , n/a , n/a , n/a , n/a , n/a , n/a , n/a , n/a , n/a , n/a , n/a ," 20,200 "," 21,900 ", 750 ,"26,700","27,800",360,"27,200","28,700",320,"23,700","25,600",420,"22,800","24,800",440, n/a , n/a , n/a , n/a , n/a , n/a , n/a , n/a , n/a , n/a , n/a , n/a , n/a , n/a , n/a , n/a , n/a , n/a 
"Less than £15,000",North West,"Less than £15,000North West"," 2,500 "," 3,100 "," 92,570 ","2,600","3,200","119,660","2,500","3,200","122,360","2,600","3,200","119,360","2,600","3,300","120,680", n/a , n/a , n/a , n/a , n/a , n/a , n/a , n/a , n/a , n/a , n/a , n/a , n/a , n/a , n/a , n/a , n/a , n/a ," 9,700 "," 10,500 "," 96,730 ","9,800","10,500","109,460","10,200","11,000","102,520","10,700","11,500","99,140","10,800","11,700","102,660", n/a , n/a , n/a , n/a , n/a , n/a , n/a , n/a , n/a , n/a , n/a , n/a , n/a , n/a , n/a , n/a , n/a , n/a 
"£15,000 - £19,999",North West,"£15,000 - £19,999North West"," 2,900 "," 3,400 "," 34,150 ","2,900","3,400","40,820","2,800","3,400","41,750","2,900","3,500","37,610","3,000","3,600","37,980", n/a , n/a , n/a , n/a , n/a , n/a , n/a , n/a , n/a , n/a , n/a , n/a , n/a , n/a , n/a , n/a , n/a , n/a ," 9,700 "," 10,600 "," 35,610 ","9,800","10,600","37,920","10,300","11,100","35,210","11,400","12,300","31,720","11,500","12,400","32,940", n/a , n/a , n/a , n/a , n/a , n/a , n/a , n/a , n/a , n/a , n/a , n/a , n/a , n/a , n/a , n/a , n/a , n/a 
"£20,000 - £29,999",North West,"£20,000 - £29,999North West"," 3,000 "," 3,500 "," 120,730 ","3,000","3,600","130,710","3,000","3,500","133,150","3,100","3,700","107,230","3,100","3,700","108,120", n/a , n/a , n/a , n/a , n/a , n/a , n/a , n/a , n/a , n/a , n/a , n/a , n/a , n/a , n/a , n/a , n/a , n/a ," 10,600 "," 11,400 "," 128,590 ","10,800","11,600","122,800","11,400","12,200","114,270","12,100","13,000","91,120","12,100","13,000","94,640", n/a , n/a , n/a , n/a , n/a , n/a , n/a , n/a , n/a , n/a , n/a , n/a , n/a , n/a , n/a , n/a , n/a , n/a 
"£30,000 - £39,999",North West,"£30,000 - £39,999North West"," 3,300 "," 3,800 "," 75,030 ","3,400","3,900","81,300","3,400","3,900","82,890","3,500","4,100","68,300","3,600","4,200","68,670", n/a , n/a , n/a , n/a , n/a , n/a , n/a , n/a , n/a , n/a , n/a , n/a , n/a , n/a , n/a , n/a , n/a , n/a ," 12,000 "," 12,800 "," 80,600 ","12,300","13,100","77,800","12,900","13,700","72,400","13,700","14,700","58,830","13,700","14,700","61,420", n/a , n/a , n/a , n/a , n/a , n/a , n/a , n/a , n/a , n/a , n/a , n/a , n/a , n/a , n/a , n/a , n/a , n/a 
"£40,000 - £49,999",North West,"£40,000 - £49,999North West"," 3,700 "," 4,200 "," 57,180 ","3,800","4,400","63,120","3,900","4,300","64,460","3,900","4,400","54,410","4,100","4,600","54,670", n/a , n/a , n/a , n/a , n/a , n/a , n/a , n/a , n/a , n/a , n/a , n/a , n/a , n/a , n/a , n/a , n/a , n/a ," 13,200 "," 14,000 "," 61,490 ","13,500","14,400","60,650","14,200","15,100","56,460","15,000","16,000","47,700","15,000","15,900","49,770", n/a , n/a , n/a , n/a , n/a , n/a , n/a , n/a , n/a , n/a , n/a , n/a , n/a , n/a , n/a , n/a , n/a , n/a 
"£50,000 - £59,999",North West,"£50,000 - £59,999North West"," 3,900 "," 4,400 "," 31,250 ","4,000","4,600","32,710","4,000","4,600","33,520","4,100","4,700","26,600","4,200","4,800","26,780", n/a , n/a , n/a , n/a , n/a , n/a , n/a , n/a , n/a , n/a , n/a , n/a , n/a , n/a , n/a , n/a , n/a , n/a ," 14,700 "," 15,800 "," 33,350 ","15,000","16,100","31,140","15,800","16,800","28,860","15,700","16,700","22,820","15,700","16,700","24,010", n/a , n/a , n/a , n/a , n/a , n/a , n/a , n/a , n/a , n/a , n/a , n/a , n/a , n/a , n/a , n/a , n/a , n/a 
"£60,000 - £69,999",North West,"£60,000 - £69,999North West"," 4,100 "," 4,700 "," 16,320 ","4,200","4,800","16,850","4,300","4,800","17,280","4,300","4,900","15,530","4,500","5,000","15,620", n/a , n/a , n/a , n/a , n/a , n/a , n/a , n/a , n/a , n/a , n/a , n/a , n/a , n/a , n/a , n/a , n/a , n/a ," 15,500 "," 16,600 "," 17,290 ","15,600","16,700","16,020","16,400","17,500","14,710","16,700","17,700","13,280","16,600","17,700","14,020", n/a , n/a , n/a , n/a , n/a , n/a , n/a , n/a , n/a , n/a , n/a , n/a , n/a , n/a , n/a , n/a , n/a , n/a 
"£70,000 - £99,999",North West,"£70,000 - £99,999North West"," 4,500 "," 5,100 "," 20,940 ","4,600","5,300","21,980","4,600","5,200","22,620","4,600","5,200","19,180","4,700","5,400","19,320", n/a , n/a , n/a , n/a , n/a , n/a , n/a , n/a , n/a , n/a , n/a , n/a , n/a , n/a , n/a , n/a , n/a , n/a ," 17,100 "," 18,400 "," 21,950 ","17,300","18,500","20,780","18,000","19,300","19,140","18,200","19,400","16,470","18,000","19,300","17,370", n/a , n/a , n/a , n/a , n/a , n/a , n/a , n/a , n/a , n/a , n/a , n/a , n/a , n/a , n/a , n/a , n/a , n/a 
"£100,000 - £149,999",North West,"£100,000 - £149,999North West"," 5,000 "," 5,700 "," 7,240 ","5,200","6,300","7,920","5,300","6,100","8,230","5,100","5,900","7,860","5,300","6,100","7,900", n/a , n/a , n/a , n/a , n/a , n/a , n/a , n/a , n/a , n/a , n/a , n/a , n/a , n/a , n/a , n/a , n/a , n/a ," 19,900 "," 21,300 "," 7,380 ","20,500","21,900","7,190","21,400","22,700","6,510","21,000","22,200","6,440","20,600","22,000","6,830", n/a , n/a , n/a , n/a , n/a , n/a , n/a , n/a , n/a , n/a , n/a , n/a , n/a , n/a , n/a , n/a , n/a , n/a 
"£150,000 and over",North West,"£150,000 and overNorth West"," 5,900 "," 7,000 "," 2,070 ","6,300","7,900","2,020","6,400","7,500","2,090","5,800","6,800","2,110","6,000","7,100","2,130", n/a , n/a , n/a , n/a , n/a , n/a , n/a , n/a , n/a , n/a , n/a , n/a , n/a , n/a , n/a , n/a , n/a , n/a ," 24,100 "," 25,400 "," 1,900 ","24,800","25,700","1,620","25,800","26,400","1,450","23,100","24,600","1,620","22,700","24,100","1,690", n/a , n/a , n/a , n/a , n/a , n/a , n/a , n/a , n/a , n/a , n/a , n/a , n/a , n/a , n/a , n/a , n/a , n/a 
"Less than £15,000",Yorks & Humber,"Less than £15,000Yorks & Humber"," 2,300 "," 3,000 "," 76,530 ","2,400","3,100","89,780","2,400","3,000","91,870","2,500","3,200","88,730","2,500","3,200","89,730", n/a , n/a , n/a , n/a , n/a , n/a , n/a , n/a , n/a , n/a , n/a , n/a , n/a , n/a , n/a , n/a , n/a , n/a ," 10,400 "," 11,300 "," 72,230 ","10,500","11,300","81,140","10,800","11,600","76,150","11,400","12,200","72,600","11,600","12,500","75,660", n/a , n/a , n/a , n/a , n/a , n/a , n/a , n/a , n/a , n/a , n/a , n/a , n/a , n/a , n/a , n/a , n/a , n/a 
"£15,000 - £19,999",Yorks & Humber,"£15,000 - £19,999Yorks & Humber"," 2,700 "," 3,400 "," 28,220 ","2,800","3,400","33,770","2,700","3,300","34,420","2,800","3,400","29,510","2,800","3,500","29,760", n/a , n/a , n/a , n/a , n/a , n/a , n/a , n/a , n/a , n/a , n/a , n/a , n/a , n/a , n/a , n/a , n/a , n/a ," 10,800 "," 11,700 "," 26,640 ","10,800","11,700","30,620","11,100","12,100","28,520","11,900","12,800","24,130","12,100","13,000","25,100", n/a , n/a , n/a , n/a , n/a , n/a , n/a , n/a , n/a , n/a , n/a , n/a , n/a , n/a , n/a , n/a , n/a , n/a 
"£20,000 - £29,999",Yorks & Humber,"£20,000 - £29,999Yorks & Humber"," 2,800 "," 3,500 "," 85,380 ","2,900","3,500","90,760","2,900","3,400","92,390","2,900","3,600","74,030","3,000","3,600","74,650", n/a , n/a , n/a , n/a , n/a , n/a , n/a , n/a , n/a , n/a , n/a , n/a , n/a , n/a , n/a , n/a , n/a , n/a ," 11,400 "," 12,300 "," 81,800 ","11,600","12,500","83,400","12,000","12,800","77,870","12,600","13,500","61,190","12,700","13,700","63,930", n/a , n/a , n/a , n/a , n/a , n/a , n/a , n/a , n/a , n/a , n/a , n/a , n/a , n/a , n/a , n/a , n/a , n/a 
"£30,000 - £39,999",Yorks & Humber,"£30,000 - £39,999Yorks & Humber"," 3,200 "," 3,800 "," 65,430 ","3,300","4,000","61,790","3,400","3,900","62,790","3,400","4,000","54,760","3,500","4,100","55,120", n/a , n/a , n/a , n/a , n/a , n/a , n/a , n/a , n/a , n/a , n/a , n/a , n/a , n/a , n/a , n/a , n/a , n/a ," 12,800 "," 13,600 "," 63,530 ","12,900","13,700","57,490","13,300","14,000","53,580","14,100","15,000","46,100","14,100","15,000","48,230", n/a , n/a , n/a , n/a , n/a , n/a , n/a , n/a , n/a , n/a , n/a , n/a , n/a , n/a , n/a , n/a , n/a , n/a 
"£40,000 - £49,999",Yorks & Humber,"£40,000 - £49,999Yorks & Humber"," 3,500 "," 4,000 "," 45,890 ","3,600","4,100","46,520","3,600","4,100","47,220","3,600","4,200","39,970","3,800","4,300","40,130", n/a , n/a , n/a , n/a , n/a , n/a , n/a , n/a , n/a , n/a , n/a , n/a , n/a , n/a , n/a , n/a , n/a , n/a ," 13,800 "," 14,700 "," 44,880 ","14,000","14,900","43,700","14,500","15,300","40,590","15,200","16,100","34,200","15,200","16,200","35,820", n/a , n/a , n/a , n/a , n/a , n/a , n/a , n/a , n/a , n/a , n/a , n/a , n/a , n/a , n/a , n/a , n/a , n/a 
"£50,000 - £59,999",Yorks & Humber,"£50,000 - £59,999Yorks & Humber"," 3,600 "," 4,200 "," 24,810 ","3,700","4,300","23,740","3,800","4,300","24,210","3,800","4,400","20,960","3,900","4,500","21,080", n/a , n/a , n/a , n/a , n/a , n/a , n/a , n/a , n/a , n/a , n/a , n/a , n/a , n/a , n/a , n/a , n/a , n/a ," 14,800 "," 15,900 "," 23,910 ","14,800","15,900","21,800","15,200","16,400","20,080","15,700","16,700","17,400","15,800","16,800","18,340", n/a , n/a , n/a , n/a , n/a , n/a , n/a , n/a , n/a , n/a , n/a , n/a , n/a , n/a , n/a , n/a , n/a , n/a 
"£60,000 - £69,999",Yorks & Humber,"£60,000 - £69,999Yorks & Humber"," 3,900 "," 4,500 "," 13,610 ","4,000","4,600","12,930","4,000","4,600","13,270","4,000","4,600","12,150","4,100","4,700","12,240", n/a , n/a , n/a , n/a , n/a , n/a , n/a , n/a , n/a , n/a , n/a , n/a , n/a , n/a , n/a , n/a , n/a , n/a ," 15,900 "," 17,100 "," 12,930 ","16,100","17,200","11,730","16,600","17,700","10,720","16,900","18,100","9,970","16,900","18,100","10,530", n/a , n/a , n/a , n/a , n/a , n/a , n/a , n/a , n/a , n/a , n/a , n/a , n/a , n/a , n/a , n/a , n/a , n/a 
"£70,000 - £99,999",Yorks & Humber,"£70,000 - £99,999Yorks & Humber"," 4,000 "," 4,700 "," 15,490 ","4,200","4,900","14,640","4,200","4,800","14,970","4,100","4,800","13,230","4,300","4,900","13,300", n/a , n/a , n/a , n/a , n/a , n/a , n/a , n/a , n/a , n/a , n/a , n/a , n/a , n/a , n/a , n/a , n/a , n/a ," 16,900 "," 18,200 "," 14,700 ","17,300","18,700","13,130","17,900","19,300","12,040","18,100","19,300","10,790","18,000","19,300","11,370", n/a , n/a , n/a , n/a , n/a , n/a , n/a , n/a , n/a , n/a , n/a , n/a , n/a , n/a , n/a , n/a , n/a , n/a 
"£100,000 - £149,999",Yorks & Humber,"£100,000 - £149,999Yorks & Humber"," 4,300 "," 5,000 "," 5,440 ","4,700","5,700","5,030","4,800","5,500","5,170","4,700","5,500","5,610","4,900","5,600","5,640", n/a , n/a , n/a , n/a , n/a , n/a , n/a , n/a , n/a , n/a , n/a , n/a , n/a , n/a , n/a , n/a , n/a , n/a ," 17,900 "," 19,400 "," 5,010 ","20,100","21,600","4,380","20,800","22,100","4,010","20,600","21,800","4,460","20,500","21,800","4,680", n/a , n/a , n/a , n/a , n/a , n/a , n/a , n/a , n/a , n/a , n/a , n/a , n/a , n/a , n/a , n/a , n/a , n/a 
"£150,000 and over",Yorks & Humber,"£150,000 and overYorks & Humber"," 4,300 "," 5,100 "," 2,770 ","5,600","7,000","1,540","5,300","6,400","1,580","5,100","6,200","1,630","5,300","6,400","1,660", n/a , n/a , n/a , n/a , n/a , n/a , n/a , n/a , n/a , n/a , n/a , n/a , n/a , n/a , n/a , n/a , n/a , n/a ," 16,400 "," 18,400 "," 2,460 ","22,400","23,800","1,200","23,100","24,200","1,070","21,700","23,000","1,180","21,700","23,200","1,250", n/a , n/a , n/a , n/a , n/a , n/a , n/a , n/a , n/a , n/a , n/a , n/a , n/a , n/a , n/a , n/a , n/a , n/a 
"Less than £15,000",East Midlands,"Less than £15,000East Midlands"," 2,400 "," 3,200 "," 58,020 ","2,500","3,300","65,410","2,500","3,200","66,620","2,500","3,300","62,380","2,500","3,300","62,950", n/a , n/a , n/a , n/a , n/a , n/a , n/a , n/a , n/a , n/a , n/a , n/a , n/a , n/a , n/a , n/a , n/a , n/a ," 10,500 "," 11,400 "," 51,450 ","10,600","11,400","58,520","11,000","11,700","55,150","11,400","12,100","50,900","11,500","12,300","53,070", n/a , n/a , n/a , n/a , n/a , n/a , n/a , n/a , n/a , n/a , n/a , n/a , n/a , n/a , n/a , n/a , n/a , n/a 
"£15,000 - £19,999",East Midlands,"£15,000 - £19,999East Midlands"," 2,700 "," 3,400 "," 25,850 ","2,800","3,500","28,130","2,800","3,400","28,720","2,900","3,600","22,350","2,900","3,700","22,470", n/a , n/a , n/a , n/a , n/a , n/a , n/a , n/a , n/a , n/a , n/a , n/a , n/a , n/a , n/a , n/a , n/a , n/a ," 10,600 "," 11,400 "," 23,210 ","10,600","11,400","25,380","10,900","11,700","23,870","12,100","12,800","18,240","12,200","13,000","19,060", n/a , n/a , n/a , n/a , n/a , n/a , n/a , n/a , n/a , n/a , n/a , n/a , n/a , n/a , n/a , n/a , n/a , n/a 
"£20,000 - £29,999",East Midlands,"£20,000 - £29,999East Midlands"," 2,900 "," 3,600 "," 75,200 ","3,000","3,700","74,680","3,000","3,600","75,880","3,000","3,700","64,730","3,100","3,800","65,060", n/a , n/a , n/a , n/a , n/a , n/a , n/a , n/a , n/a , n/a , n/a , n/a , n/a , n/a , n/a , n/a , n/a , n/a ," 11,200 "," 12,000 "," 68,020 ","11,500","12,200","67,740","11,800","12,500","63,360","12,500","13,200","53,120","12,500","13,300","55,490", n/a , n/a , n/a , n/a , n/a , n/a , n/a , n/a , n/a , n/a , n/a , n/a , n/a , n/a , n/a , n/a , n/a , n/a 
"£30,000 - £39,999",East Midlands,"£30,000 - £39,999East Midlands"," 3,300 "," 3,900 "," 62,590 ","3,300","4,000","57,030","3,400","4,000","58,140","3,400","4,100","48,610","3,500","4,200","48,810", n/a , n/a , n/a , n/a , n/a , n/a , n/a , n/a , n/a , n/a , n/a , n/a , n/a , n/a , n/a , n/a , n/a , n/a ," 12,500 "," 13,300 "," 57,520 ","12,800","13,600","52,500","13,200","13,900","49,050","13,700","14,500","40,290","13,700","14,500","42,060", n/a , n/a , n/a , n/a , n/a , n/a , n/a , n/a , n/a , n/a , n/a , n/a , n/a , n/a , n/a , n/a , n/a , n/a 
"£40,000 - £49,999",East Midlands,"£40,000 - £49,999East Midlands"," 3,700 "," 4,300 "," 44,070 ","3,800","4,400","42,870","3,800","4,300","43,800","3,800","4,500","35,590","4,000","4,600","35,810", n/a , n/a , n/a , n/a , n/a , n/a , n/a , n/a , n/a , n/a , n/a , n/a , n/a , n/a , n/a , n/a , n/a , n/a ," 13,600 "," 14,500 "," 41,050 ","13,900","14,700","39,910","14,300","15,100","37,210","14,900","15,700","29,950","14,800","15,700","31,400", n/a , n/a , n/a , n/a , n/a , n/a , n/a , n/a , n/a , n/a , n/a , n/a , n/a , n/a , n/a , n/a , n/a , n/a 
"£50,000 - £59,999",East Midlands,"£50,000 - £59,999East Midlands"," 3,800 "," 4,400 "," 22,670 ","3,800","4,500","21,990","3,800","4,500","22,630","3,900","4,600","20,740","4,000","4,700","20,870", n/a , n/a , n/a , n/a , n/a , n/a , n/a , n/a , n/a , n/a , n/a , n/a , n/a , n/a , n/a , n/a , n/a , n/a ," 14,100 "," 15,100 "," 20,740 ","14,100","15,000","20,070","14,500","15,400","18,590","15,000","16,000","17,190","14,900","16,000","17,980", n/a , n/a , n/a , n/a , n/a , n/a , n/a , n/a , n/a , n/a , n/a , n/a , n/a , n/a , n/a , n/a , n/a , n/a 
"£60,000 - £69,999",East Midlands,"£60,000 - £69,999East Midlands"," 4,000 "," 4,600 "," 12,400 ","3,900","4,800","12,160","4,000","4,700","12,530","4,000","4,800","11,830","4,200","4,900","11,880", n/a , n/a , n/a , n/a , n/a , n/a , n/a , n/a , n/a , n/a , n/a , n/a , n/a , n/a , n/a , n/a , n/a , n/a ," 15,100 "," 16,100 "," 11,220 ","15,000","16,000","10,840","15,400","16,500","9,950","15,700","16,800","9,670","15,600","16,800","10,090", n/a , n/a , n/a , n/a , n/a , n/a , n/a , n/a , n/a , n/a , n/a , n/a , n/a , n/a , n/a , n/a , n/a , n/a 
"£70,000 - £99,999",East Midlands,"£70,000 - £99,999East Midlands"," 4,300 "," 5,100 "," 15,050 ","4,400","5,300","13,840","4,500","5,200","14,340","4,400","5,200","12,450","4,600","5,400","12,540", n/a , n/a , n/a , n/a , n/a , n/a , n/a , n/a , n/a , n/a , n/a , n/a , n/a , n/a , n/a , n/a , n/a , n/a ," 16,900 "," 18,100 "," 13,380 ","17,300","18,400","12,120","17,800","19,000","11,170","17,500","18,700","9,860","17,500","18,600","10,370", n/a , n/a , n/a , n/a , n/a , n/a , n/a , n/a , n/a , n/a , n/a , n/a , n/a , n/a , n/a , n/a , n/a , n/a 
"£100,000 - £149,999",East Midlands,"£100,000 - £149,999East Midlands"," 4,900 "," 5,900 "," 5,330 ","5,100","6,200","4,970","5,200","6,100","5,130","5,000","6,100","4,680","5,200","6,200","4,720", n/a , n/a , n/a , n/a , n/a , n/a , n/a , n/a , n/a , n/a , n/a , n/a , n/a , n/a , n/a , n/a , n/a , n/a ," 19,600 "," 20,900 "," 4,460 ","20,600","22,000","4,060","21,200","22,700","3,690","21,100","22,300","3,530","20,800","22,100","3,710", n/a , n/a , n/a , n/a , n/a , n/a , n/a , n/a , n/a , n/a , n/a , n/a , n/a , n/a , n/a , n/a , n/a , n/a 
"£150,000 and over",East Midlands,"£150,000 and overEast Midlands"," 5,300 "," 6,500 "," 1,360 ","6,000","8,200","1,100","5,700","7,400","1,130","5,500","6,800","1,070","5,700","6,900","1,070", n/a , n/a , n/a , n/a , n/a , n/a , n/a , n/a , n/a , n/a , n/a , n/a , n/a , n/a , n/a , n/a , n/a , n/a ," 21,300 "," 23,400 "," 1,040 ","23,100","24,000",810,"24,200","24,900",750,"22,200","23,800",750,"21,900","23,700",790, n/a , n/a , n/a , n/a , n/a , n/a , n/a , n/a , n/a , n/a , n/a , n/a , n/a , n/a , n/a , n/a , n/a , n/a 
"Less than £15,000",West Midlands,"Less than £15,000West Midlands"," 2,600 "," 3,300 "," 67,410 ","2,700","3,500","85,750","2,700","3,400","91,090","2,700","3,500","82,650","2,800","3,500","83,560", n/a , n/a , n/a , n/a , n/a , n/a , n/a , n/a , n/a , n/a , n/a , n/a , n/a , n/a , n/a , n/a , n/a , n/a ," 10,300 "," 11,100 "," 65,950 ","10,400","11,100","80,170","10,700","11,400","75,320","11,100","11,800","68,330","11,200","12,000","71,290", n/a , n/a , n/a , n/a , n/a , n/a , n/a , n/a , n/a , n/a , n/a , n/a , n/a , n/a , n/a , n/a , n/a , n/a 
"£15,000 - £19,999",West Midlands,"£15,000 - £19,999West Midlands"," 2,800 "," 3,600 "," 29,080 ","3,000","3,700","32,970","3,000","3,600","34,920","3,000","3,700","30,910","3,100","3,800","31,190", n/a , n/a , n/a , n/a , n/a , n/a , n/a , n/a , n/a , n/a , n/a , n/a , n/a , n/a , n/a , n/a , n/a , n/a ," 10,900 "," 11,700 "," 27,720 ","10,800","11,600","30,010","11,100","11,900","28,210","12,000","12,800","25,120","12,100","13,000","26,240", n/a , n/a , n/a , n/a , n/a , n/a , n/a , n/a , n/a , n/a , n/a , n/a , n/a , n/a , n/a , n/a , n/a , n/a 
"£20,000 - £29,999",West Midlands,"£20,000 - £29,999West Midlands"," 3,100 "," 3,700 "," 81,050 ","3,100","3,800","91,260","3,100","3,700","95,220","3,100","3,900","81,180","3,200","3,900","81,860", n/a , n/a , n/a , n/a , n/a , n/a , n/a , n/a , n/a , n/a , n/a , n/a , n/a , n/a , n/a , n/a , n/a , n/a ," 11,000 "," 11,900 "," 79,200 ","11,400","12,100","84,520","11,600","12,400","79,140","12,300","13,200","67,550","12,400","13,300","70,490", n/a , n/a , n/a , n/a , n/a , n/a , n/a , n/a , n/a , n/a , n/a , n/a , n/a , n/a , n/a , n/a , n/a , n/a 
"£30,000 - £39,999",West Midlands,"£30,000 - £39,999West Midlands"," 3,400 "," 4,000 "," 70,200 ","3,500","4,200","66,330","3,500","4,100","68,860","3,600","4,200","56,540","3,700","4,300","56,830", n/a , n/a , n/a , n/a , n/a , n/a , n/a , n/a , n/a , n/a , n/a , n/a , n/a , n/a , n/a , n/a , n/a , n/a ," 12,300 "," 13,100 "," 69,390 ","12,600","13,400","62,730","12,900","13,700","58,430","13,600","14,400","48,130","13,600","14,500","50,370", n/a , n/a , n/a , n/a , n/a , n/a , n/a , n/a , n/a , n/a , n/a , n/a , n/a , n/a , n/a , n/a , n/a , n/a 
"£40,000 - £49,999",West Midlands,"£40,000 - £49,999West Midlands"," 3,700 "," 4,300 "," 46,420 ","3,800","4,500","44,200","3,900","4,400","45,990","3,900","4,500","37,950","4,000","4,600","38,270", n/a , n/a , n/a , n/a , n/a , n/a , n/a , n/a , n/a , n/a , n/a , n/a , n/a , n/a , n/a , n/a , n/a , n/a ," 13,300 "," 14,200 "," 46,090 ","13,800","14,700","41,630","14,100","15,000","38,740","14,700","15,500","32,330","14,700","15,600","33,930", n/a , n/a , n/a , n/a , n/a , n/a , n/a , n/a , n/a , n/a , n/a , n/a , n/a , n/a , n/a , n/a , n/a , n/a 
"£50,000 - £59,999",West Midlands,"£50,000 - £59,999West Midlands"," 3,900 "," 4,500 "," 24,360 ","4,000","4,700","22,000","4,000","4,600","23,040","4,000","4,700","19,570","4,200","4,800","19,710", n/a , n/a , n/a , n/a , n/a , n/a , n/a , n/a , n/a , n/a , n/a , n/a , n/a , n/a , n/a , n/a , n/a , n/a ," 14,200 "," 15,300 "," 23,710 ","14,800","15,900","20,250","15,100","16,200","18,770","15,400","16,400","16,340","15,400","16,400","17,180", n/a , n/a , n/a , n/a , n/a , n/a , n/a , n/a , n/a , n/a , n/a , n/a , n/a , n/a , n/a , n/a , n/a , n/a 
"£60,000 - £69,999",West Midlands,"£60,000 - £69,999West Midlands"," 4,000 "," 4,700 "," 13,930 ","4,200","4,900","11,960","4,200","4,800","12,660","4,300","4,900","10,910","4,400","5,100","10,990", n/a , n/a , n/a , n/a , n/a , n/a , n/a , n/a , n/a , n/a , n/a , n/a , n/a , n/a , n/a , n/a , n/a , n/a ," 15,300 "," 16,400 "," 13,380 ","15,800","16,900","10,970","16,200","17,400","10,180","16,500","17,600","8,960","16,400","17,600","9,430", n/a , n/a , n/a , n/a , n/a , n/a , n/a , n/a , n/a , n/a , n/a , n/a , n/a , n/a , n/a , n/a , n/a , n/a 
"£70,000 - £99,999",West Midlands,"£70,000 - £99,999West Midlands"," 4,300 "," 5,000 "," 17,670 ","4,500","5,300","15,580","4,600","5,200","16,440","4,600","5,300","13,430","4,800","5,500","13,580", n/a , n/a , n/a , n/a , n/a , n/a , n/a , n/a , n/a , n/a , n/a , n/a , n/a , n/a , n/a , n/a , n/a , n/a ," 16,700 "," 18,000 "," 16,770 ","17,100","18,300","14,080","17,600","18,800","12,980","17,800","19,100","10,800","17,600","19,000","11,290", n/a , n/a , n/a , n/a , n/a , n/a , n/a , n/a , n/a , n/a , n/a , n/a , n/a , n/a , n/a , n/a , n/a , n/a 
"£100,000 - £149,999",West Midlands,"£100,000 - £149,999West Midlands"," 4,800 "," 5,600 "," 7,370 ","5,100","6,300","6,530","5,200","6,100","6,920","5,200","6,100","6,130","5,400","6,200","6,190", n/a , n/a , n/a , n/a , n/a , n/a , n/a , n/a , n/a , n/a , n/a , n/a , n/a , n/a , n/a , n/a , n/a , n/a ," 18,800 "," 20,100 "," 6,690 ","19,900","21,500","5,460","20,300","21,800","5,000","20,200","21,600","4,670","20,100","21,600","4,930", n/a , n/a , n/a , n/a , n/a , n/a , n/a , n/a , n/a , n/a , n/a , n/a , n/a , n/a , n/a , n/a , n/a , n/a 
"£150,000 and over",West Midlands,"£150,000 and overWest Midlands"," 5,200 "," 6,300 "," 2,380 ","6,000","7,700","1,740","5,900","7,200","1,810","5,700","6,900","1,680","6,000","7,200","1,690", n/a , n/a , n/a , n/a , n/a , n/a , n/a , n/a , n/a , n/a , n/a , n/a , n/a , n/a , n/a , n/a , n/a , n/a ," 20,700 "," 22,300 "," 2,020 ","24,000","25,300","1,300","24,100","25,200","1,180","22,600","24,300","1,230","22,300","24,300","1,290", n/a , n/a , n/a , n/a , n/a , n/a , n/a , n/a , n/a , n/a , n/a , n/a , n/a , n/a , n/a , n/a , n/a , n/a 
"Less than £15,000",East of England,"Less than £15,000East of England"," 2,600 "," 3,500 "," 57,890 ","2,700","3,600","70,470","2,700","3,500","70,950","2,700","3,600","65,850","2,700","3,600","66,330", n/a , n/a , n/a , n/a , n/a , n/a , n/a , n/a , n/a , n/a , n/a , n/a , n/a , n/a , n/a , n/a , n/a , n/a ," 10,000 "," 11,100 "," 45,980 ","10,100","11,000","56,360","10,500","11,400","53,340","10,900","11,900","48,950","10,900","11,900","51,090", n/a , n/a , n/a , n/a , n/a , n/a , n/a , n/a , n/a , n/a , n/a , n/a , n/a , n/a , n/a , n/a , n/a , n/a 
"£15,000 - £19,999",East of England,"£15,000 - £19,999East of England"," 2,700 "," 3,600 "," 32,050 ","2,900","3,800","31,770","2,900","3,700","32,000","3,000","3,900","26,540","3,000","3,900","26,670", n/a , n/a , n/a , n/a , n/a , n/a , n/a , n/a , n/a , n/a , n/a , n/a , n/a , n/a , n/a , n/a , n/a , n/a ," 10,600 "," 11,500 "," 24,660 ","10,600","11,500","25,140","11,000","11,800","23,820","11,800","12,800","19,240","11,800","12,800","20,080", n/a , n/a , n/a , n/a , n/a , n/a , n/a , n/a , n/a , n/a , n/a , n/a , n/a , n/a , n/a , n/a , n/a , n/a 
"£20,000 - £29,999",East of England,"£20,000 - £29,999East of England"," 3,100 "," 3,900 "," 83,060 ","3,100","4,000","82,460","3,100","3,800","83,140","3,100","4,000","72,340","3,200","4,000","72,800", n/a , n/a , n/a , n/a , n/a , n/a , n/a , n/a , n/a , n/a , n/a , n/a , n/a , n/a , n/a , n/a , n/a , n/a ," 10,800 "," 11,600 "," 66,730 ","10,700","11,600","67,230","11,000","11,900","63,210","11,700","12,600","54,450","11,800","12,600","56,920", n/a , n/a , n/a , n/a , n/a , n/a , n/a , n/a , n/a , n/a , n/a , n/a , n/a , n/a , n/a , n/a , n/a , n/a 
"£30,000 - £39,999",East of England,"£30,000 - £39,999East of England"," 3,400 "," 4,100 "," 71,810 ","3,500","4,300","69,000","3,500","4,200","69,610","3,500","4,300","61,620","3,600","4,300","61,990", n/a , n/a , n/a , n/a , n/a , n/a , n/a , n/a , n/a , n/a , n/a , n/a , n/a , n/a , n/a , n/a , n/a , n/a ," 11,500 "," 12,300 "," 58,980 ","11,700","12,500","56,880","12,100","12,900","53,270","12,600","13,400","46,360","12,500","13,400","48,400", n/a , n/a , n/a , n/a , n/a , n/a , n/a , n/a , n/a , n/a , n/a , n/a , n/a , n/a , n/a , n/a , n/a , n/a 
"£40,000 - £49,999",East of England,"£40,000 - £49,999East of England"," 3,700 "," 4,400 "," 55,570 ","3,800","4,500","51,570","3,800","4,500","52,070","3,800","4,600","43,000","4,000","4,700","43,330", n/a , n/a , n/a , n/a , n/a , n/a , n/a , n/a , n/a , n/a , n/a , n/a , n/a , n/a , n/a , n/a , n/a , n/a ," 12,700 "," 13,500 "," 46,730 ","12,700","13,600","43,270","13,100","14,000","40,460","13,600","14,500","33,160","13,600","14,500","34,730", n/a , n/a , n/a , n/a , n/a , n/a , n/a , n/a , n/a , n/a , n/a , n/a , n/a , n/a , n/a , n/a , n/a , n/a 
"£50,000 - £59,999",East of England,"£50,000 - £59,999East of England"," 3,800 "," 4,600 "," 33,850 ","3,900","4,700","31,630","3,900","4,600","32,100","4,000","4,800","28,400","4,100","4,900","28,630", n/a , n/a , n/a , n/a , n/a , n/a , n/a , n/a , n/a , n/a , n/a , n/a , n/a , n/a , n/a , n/a , n/a , n/a ," 13,100 "," 14,100 "," 28,340 ","13,200","14,100","26,330","13,600","14,600","24,480","14,200","15,200","21,630","14,100","15,200","22,580", n/a , n/a , n/a , n/a , n/a , n/a , n/a , n/a , n/a , n/a , n/a , n/a , n/a , n/a , n/a , n/a , n/a , n/a 
"£60,000 - £69,999",East of England,"£60,000 - £69,999East of England"," 3,900 "," 4,700 "," 21,930 ","3,900","4,800","21,940","4,000","4,700","22,250","4,100","4,900","20,270","4,200","5,000","20,340", n/a , n/a , n/a , n/a , n/a , n/a , n/a , n/a , n/a , n/a , n/a , n/a , n/a , n/a , n/a , n/a , n/a , n/a ," 14,100 "," 15,100 "," 18,320 ","13,900","15,000","18,090","14,300","15,400","16,890","14,900","16,000","15,220","14,900","15,900","16,000", n/a , n/a , n/a , n/a , n/a , n/a , n/a , n/a , n/a , n/a , n/a , n/a , n/a , n/a , n/a , n/a , n/a , n/a 
"£70,000 - £99,999",East of England,"£70,000 - £99,999East of England"," 4,300 "," 5,000 "," 33,940 ","4,300","5,200","31,570","4,300","5,100","31,940","4,400","5,200","26,770","4,500","5,400","27,020", n/a , n/a , n/a , n/a , n/a , n/a , n/a , n/a , n/a , n/a , n/a , n/a , n/a , n/a , n/a , n/a , n/a , n/a ," 15,700 "," 16,800 "," 28,440 ","15,500","16,500","26,410","16,000","17,000","24,530","16,300","17,500","20,270","16,300","17,500","21,300", n/a , n/a , n/a , n/a , n/a , n/a , n/a , n/a , n/a , n/a , n/a , n/a , n/a , n/a , n/a , n/a , n/a , n/a 
"£100,000 - £149,999",East of England,"£100,000 - £149,999East of England"," 5,000 "," 5,800 "," 18,240 ","5,100","6,300","17,430","5,200","6,000","17,700","5,200","6,100","16,640","5,300","6,200","16,810", n/a , n/a , n/a , n/a , n/a , n/a , n/a , n/a , n/a , n/a , n/a , n/a , n/a , n/a , n/a , n/a , n/a , n/a ," 18,900 "," 20,100 "," 15,230 ","18,900","20,200","14,440","19,600","20,800","13,320","19,500","20,800","12,530","19,300","20,600","13,160", n/a , n/a , n/a , n/a , n/a , n/a , n/a , n/a , n/a , n/a , n/a , n/a , n/a , n/a , n/a , n/a , n/a , n/a 
"£150,000 and over",East of England,"£150,000 and overEast of England"," 5,700 "," 6,800 "," 6,660 ","6,000","7,600","5,940","6,000","7,100","6,010","5,400","6,600","4,880","5,600","6,700","4,930", n/a , n/a , n/a , n/a , n/a , n/a , n/a , n/a , n/a , n/a , n/a , n/a , n/a , n/a , n/a , n/a , n/a , n/a ," 22,000 "," 23,300 "," 5,240 ","22,700","23,900","4,700","23,400","24,400","4,270","20,200","22,000","3,540","20,100","21,900","3,740", n/a , n/a , n/a , n/a , n/a , n/a , n/a , n/a , n/a , n/a , n/a , n/a , n/a , n/a , n/a , n/a , n/a , n/a 
"Less than £15,000",London,"Less than £15,000London"," 2,600 "," 3,300 "," 45,620 ","2,800","3,600","60,540","2,700","3,400","61,940","2,800","3,400","58,520","2,900","3,500","59,450", n/a , n/a , n/a , n/a , n/a , n/a , n/a , n/a , n/a , n/a , n/a , n/a , n/a , n/a , n/a , n/a , n/a , n/a ," 9,200 "," 10,300 "," 38,520 ","9,500","10,500","52,500","9,800","10,900","48,450","10,300","11,400","46,010","10,400","11,400","48,360", n/a , n/a , n/a , n/a , n/a , n/a , n/a , n/a , n/a , n/a , n/a , n/a , n/a , n/a , n/a , n/a , n/a , n/a 
"£15,000 - £19,999",London,"£15,000 - £19,999London"," 2,600 "," 3,300 "," 26,830 ","2,700","3,500","35,090","2,600","3,300","35,710","2,600","3,400","37,020","2,700","3,400","37,480", n/a , n/a , n/a , n/a , n/a , n/a , n/a , n/a , n/a , n/a , n/a , n/a , n/a , n/a , n/a , n/a , n/a , n/a ," 11,000 "," 12,000 "," 22,720 ","11,200","12,200","30,650","11,600","12,600","28,820","12,200","13,200","30,060","12,100","13,200","31,620", n/a , n/a , n/a , n/a , n/a , n/a , n/a , n/a , n/a , n/a , n/a , n/a , n/a , n/a , n/a , n/a , n/a , n/a 
"£20,000 - £29,999",London,"£20,000 - £29,999London"," 2,800 "," 3,600 "," 46,150 ","2,900","3,800","49,940","2,900","3,500","50,710","2,900","3,800","31,950","3,000","3,800","32,320", n/a , n/a , n/a , n/a , n/a , n/a , n/a , n/a , n/a , n/a , n/a , n/a , n/a , n/a , n/a , n/a , n/a , n/a ," 11,600 "," 12,800 "," 40,390 ","11,100","12,400","44,820","11,600","12,800","41,780","12,500","13,900","25,990","12,600","14,000","27,180", n/a , n/a , n/a , n/a , n/a , n/a , n/a , n/a , n/a , n/a , n/a , n/a , n/a , n/a , n/a , n/a , n/a , n/a 
"£30,000 - £39,999",London,"£30,000 - £39,999London"," 2,900 "," 3,600 "," 80,560 ","3,000","3,800","85,490","3,000","3,600","86,970","3,000","3,800","68,690","3,100","3,800","69,570", n/a , n/a , n/a , n/a , n/a , n/a , n/a , n/a , n/a , n/a , n/a , n/a , n/a , n/a , n/a , n/a , n/a , n/a ," 10,700 "," 12,000 "," 70,430 ","11,200","12,400","75,450","11,600","12,800","69,820","12,100","13,500","56,090","12,200","13,600","58,740", n/a , n/a , n/a , n/a , n/a , n/a , n/a , n/a , n/a , n/a , n/a , n/a , n/a , n/a , n/a , n/a , n/a , n/a 
"£40,000 - £49,999",London,"£40,000 - £49,999London"," 3,100 "," 3,800 "," 73,130 ","3,300","4,100","63,690","3,200","3,900","64,820","3,200","4,000","66,060","3,300","4,000","66,830", n/a , n/a , n/a , n/a , n/a , n/a , n/a , n/a , n/a , n/a , n/a , n/a , n/a , n/a , n/a , n/a , n/a , n/a ," 11,800 "," 13,100 "," 63,060 ","12,300","13,600","55,260","12,800","14,100","51,160","12,500","13,800","52,900","12,600","13,800","55,550", n/a , n/a , n/a , n/a , n/a , n/a , n/a , n/a , n/a , n/a , n/a , n/a , n/a , n/a , n/a , n/a , n/a , n/a 
"£50,000 - £59,999",London,"£50,000 - £59,999London"," 3,500 "," 4,200 "," 50,810 ","3,600","4,500","45,220","3,600","4,300","46,070","3,600","4,300","41,910","3,700","4,400","42,390", n/a , n/a , n/a , n/a , n/a , n/a , n/a , n/a , n/a , n/a , n/a , n/a , n/a , n/a , n/a , n/a , n/a , n/a ," 13,700 "," 14,900 "," 44,790 ","14,000","15,200","39,950","14,500","15,700","36,920","14,600","15,700","34,800","14,600","15,700","36,590", n/a , n/a , n/a , n/a , n/a , n/a , n/a , n/a , n/a , n/a , n/a , n/a , n/a , n/a , n/a , n/a , n/a , n/a 
"£60,000 - £69,999",London,"£60,000 - £69,999London"," 3,500 "," 4,300 "," 38,770 ","3,700","4,500","33,920","3,700","4,300","34,610","3,800","4,500","27,840","3,900","4,600","28,130", n/a , n/a , n/a , n/a , n/a , n/a , n/a , n/a , n/a , n/a , n/a , n/a , n/a , n/a , n/a , n/a , n/a , n/a ," 13,900 "," 15,200 "," 33,900 ","14,200","15,400","30,000","14,800","16,000","27,790","15,100","16,300","22,790","15,100","16,300","24,070", n/a , n/a , n/a , n/a , n/a , n/a , n/a , n/a , n/a , n/a , n/a , n/a , n/a , n/a , n/a , n/a , n/a , n/a 
"£70,000 - £99,999",London,"£70,000 - £99,999London"," 3,700 "," 4,500 "," 61,570 ","3,900","4,800","53,820","3,900","4,600","55,070","3,800","4,600","54,210","3,900","4,700","54,820", n/a , n/a , n/a , n/a , n/a , n/a , n/a , n/a , n/a , n/a , n/a , n/a , n/a , n/a , n/a , n/a , n/a , n/a ," 14,900 "," 16,200 "," 53,790 ","15,400","16,600","47,400","16,000","17,200","43,730","15,200","16,500","43,150","15,200","16,500","45,450", n/a , n/a , n/a , n/a , n/a , n/a , n/a , n/a , n/a , n/a , n/a , n/a , n/a , n/a , n/a , n/a , n/a , n/a 
"£100,000 - £149,999",London,"£100,000 - £149,999London"," 4,200 "," 5,100 "," 30,710 ","4,400","5,500","25,730","4,300","5,200","26,200","4,300","5,200","25,650","4,400","5,300","25,970", n/a , n/a , n/a , n/a , n/a , n/a , n/a , n/a , n/a , n/a , n/a , n/a , n/a , n/a , n/a , n/a , n/a , n/a ," 17,500 "," 18,900 "," 27,600 ","17,400","18,700","22,600","18,000","19,300","20,550","17,700","18,900","19,900","17,500","18,800","21,100", n/a , n/a , n/a , n/a , n/a , n/a , n/a , n/a , n/a , n/a , n/a , n/a , n/a , n/a , n/a , n/a , n/a , n/a 
"£150,000 and over",London,"£150,000 and overLondon"," 5,200 "," 6,400 "," 14,440 ","5,400","6,700","12,390","5,300","6,300","12,590","4,900","6,000","12,160","5,000","6,100","12,300", n/a , n/a , n/a , n/a , n/a , n/a , n/a , n/a , n/a , n/a , n/a , n/a , n/a , n/a , n/a , n/a , n/a , n/a ," 20,500 "," 21,700 "," 12,890 ","19,500","20,800","11,070","20,200","21,600","10,040","19,400","21,000","9,670","19,100","20,600","10,230", n/a , n/a , n/a , n/a , n/a , n/a , n/a , n/a , n/a , n/a , n/a , n/a , n/a , n/a , n/a , n/a , n/a , n/a 
"Less than £15,000",South East,"Less than £15,000South East"," 2,700 "," 3,500 "," 46,320 ","2,700","3,500","78,820","2,700","3,400","81,450","2,700","3,500","77,960","2,700","3,500","78,620", n/a , n/a , n/a , n/a , n/a , n/a , n/a , n/a , n/a , n/a , n/a , n/a , n/a , n/a , n/a , n/a , n/a , n/a ," 8,900 "," 9,700 "," 37,980 ","9,400","10,100","66,710","9,600","10,400","62,670","10,300","11,300","59,140","10,300","11,300","62,160", n/a , n/a , n/a , n/a , n/a , n/a , n/a , n/a , n/a , n/a , n/a , n/a , n/a , n/a , n/a , n/a , n/a , n/a 
"£15,000 - £19,999",South East,"£15,000 - £19,999South East"," 2,500 "," 3,500 "," 61,250 ","2,800","3,700","42,180","2,800","3,600","43,780","2,800","3,800","33,680","2,900","3,800","33,890", n/a , n/a , n/a , n/a , n/a , n/a , n/a , n/a , n/a , n/a , n/a , n/a , n/a , n/a , n/a , n/a , n/a , n/a ," 10,500 "," 11,300 "," 50,570 ","10,500","11,400","34,800","10,800","11,700","32,720","11,600","12,500","24,690","11,500","12,600","25,970", n/a , n/a , n/a , n/a , n/a , n/a , n/a , n/a , n/a , n/a , n/a , n/a , n/a , n/a , n/a , n/a , n/a , n/a 
"£20,000 - £29,999",South East,"£20,000 - £29,999South East"," 3,100 "," 3,900 "," 103,140 ","3,100","3,900","106,130","3,100","3,800","109,790","3,200","4,000","89,760","3,300","4,000","90,300", n/a , n/a , n/a , n/a , n/a , n/a , n/a , n/a , n/a , n/a , n/a , n/a , n/a , n/a , n/a , n/a , n/a , n/a ," 10,600 "," 11,600 "," 87,800 ","10,600","11,500","91,240","10,900","11,800","85,460","11,900","13,100","68,900","11,800","13,100","72,500", n/a , n/a , n/a , n/a , n/a , n/a , n/a , n/a , n/a , n/a , n/a , n/a , n/a , n/a , n/a , n/a , n/a , n/a 
"£30,000 - £39,999",South East,"£30,000 - £39,999South East"," 3,200 "," 4,000 "," 102,410 ","3,300","4,100","96,070","3,300","4,000","99,200","3,300","4,100","87,670","3,400","4,200","88,250", n/a , n/a , n/a , n/a , n/a , n/a , n/a , n/a , n/a , n/a , n/a , n/a , n/a , n/a , n/a , n/a , n/a , n/a ," 11,100 "," 12,100 "," 89,750 ","11,400","12,400","85,100","11,700","12,700","79,340","12,000","13,000","69,070","11,900","13,000","72,600", n/a , n/a , n/a , n/a , n/a , n/a , n/a , n/a , n/a , n/a , n/a , n/a , n/a , n/a , n/a , n/a , n/a , n/a 
"£40,000 - £49,999",South East,"£40,000 - £49,999South East"," 3,600 "," 4,300 "," 82,360 ","3,700","4,500","77,250","3,700","4,400","79,720","3,700","4,400","66,310","3,800","4,500","66,800", n/a , n/a , n/a , n/a , n/a , n/a , n/a , n/a , n/a , n/a , n/a , n/a , n/a , n/a , n/a , n/a , n/a , n/a ," 12,500 "," 13,600 "," 74,250 ","12,700","13,800","69,610","13,100","14,200","64,870","13,300","14,300","54,160","13,200","14,200","56,890", n/a , n/a , n/a , n/a , n/a , n/a , n/a , n/a , n/a , n/a , n/a , n/a , n/a , n/a , n/a , n/a , n/a , n/a 
"£50,000 - £59,999",South East,"£50,000 - £59,999South East"," 3,700 "," 4,400 "," 55,640 ","3,800","4,600","52,740","3,800","4,500","54,440","3,900","4,700","48,210","4,100","4,800","48,590", n/a , n/a , n/a , n/a , n/a , n/a , n/a , n/a , n/a , n/a , n/a , n/a , n/a , n/a , n/a , n/a , n/a , n/a ," 13,000 "," 14,200 "," 50,250 ","13,000","14,100","47,680","13,400","14,500","44,220","14,100","15,200","38,900","14,000","15,200","41,040", n/a , n/a , n/a , n/a , n/a , n/a , n/a , n/a , n/a , n/a , n/a , n/a , n/a , n/a , n/a , n/a , n/a , n/a 
"£60,000 - £69,999",South East,"£60,000 - £69,999South East"," 3,800 "," 4,500 "," 37,090 ","3,900","4,700","35,880","4,000","4,600","37,170","4,000","4,800","34,340","4,200","4,900","34,570", n/a , n/a , n/a , n/a , n/a , n/a , n/a , n/a , n/a , n/a , n/a , n/a , n/a , n/a , n/a , n/a , n/a , n/a ," 13,800 "," 14,900 "," 33,490 ","13,700","14,800","32,220","14,100","15,300","29,960","14,400","15,600","27,520","14,300","15,500","28,900", n/a , n/a , n/a , n/a , n/a , n/a , n/a , n/a , n/a , n/a , n/a , n/a , n/a , n/a , n/a , n/a , n/a , n/a 
"£70,000 - £99,999",South East,"£70,000 - £99,999South East"," 4,300 "," 5,000 "," 57,450 ","4,400","5,200","57,070","4,400","5,100","59,380","4,400","5,200","52,450","4,500","5,300","52,880", n/a , n/a , n/a , n/a , n/a , n/a , n/a , n/a , n/a , n/a , n/a , n/a , n/a , n/a , n/a , n/a , n/a , n/a ," 15,900 "," 17,100 "," 51,790 ","15,700","16,900","51,680","16,100","17,300","47,880","16,200","17,400","41,720","16,000","17,300","43,960", n/a , n/a , n/a , n/a , n/a , n/a , n/a , n/a , n/a , n/a , n/a , n/a , n/a , n/a , n/a , n/a , n/a , n/a 
"£100,000 - £149,999",South East,"£100,000 - £149,999South East"," 5,000 "," 5,900 "," 32,940 ","5,200","6,300","30,870","5,200","6,100","32,550","5,100","6,000","28,830","5,200","6,200","29,110", n/a , n/a , n/a , n/a , n/a , n/a , n/a , n/a , n/a , n/a , n/a , n/a , n/a , n/a , n/a , n/a , n/a , n/a ," 19,100 "," 20,400 "," 28,560 ","19,000","20,400","26,670","19,600","20,900","24,550","18,800","20,200","21,760","18,600","20,000","23,050", n/a , n/a , n/a , n/a , n/a , n/a , n/a , n/a , n/a , n/a , n/a , n/a , n/a , n/a , n/a , n/a , n/a , n/a 
"£150,000 and over",South East,"£150,000 and overSouth East"," 6,000 "," 7,200 "," 10,120 ","6,100","8,000","9,940","6,200","7,400","10,480","5,700","7,000","10,120","5,900","7,200","10,260", n/a , n/a , n/a , n/a , n/a , n/a , n/a , n/a , n/a , n/a , n/a , n/a , n/a , n/a , n/a , n/a , n/a , n/a ," 23,200 "," 24,600 "," 7,920 ","22,800","24,100","7,700","23,200","24,600","7,010","20,200","22,200","7,010","20,000","22,100","7,410", n/a , n/a , n/a , n/a , n/a , n/a , n/a , n/a , n/a , n/a , n/a , n/a , n/a , n/a , n/a , n/a , n/a , n/a 
"Less than £15,000",South West,"Less than £15,000South West"," 2,800 "," 3,800 "," 46,760 ","2,900","4,000","57,430","2,900","3,800","59,910","2,800","3,900","63,980","2,900","3,900","64,570", n/a , n/a , n/a , n/a , n/a , n/a , n/a , n/a , n/a , n/a , n/a , n/a , n/a , n/a , n/a , n/a , n/a , n/a ," 8,800 "," 9,700 "," 35,390 ","9,000","9,900","42,210","9,300","10,200","39,810","9,600","10,400","41,730","9,500","10,400","43,690", n/a , n/a , n/a , n/a , n/a , n/a , n/a , n/a , n/a , n/a , n/a , n/a , n/a , n/a , n/a , n/a , n/a , n/a 
"£15,000 - £19,999",South West,"£15,000 - £19,999South West"," 2,900 "," 4,000 "," 29,780 ","3,000","4,100","31,580","3,000","4,000","32,720","3,200","4,200","25,470","3,300","4,200","25,700", n/a , n/a , n/a , n/a , n/a , n/a , n/a , n/a , n/a , n/a , n/a , n/a , n/a , n/a , n/a , n/a , n/a , n/a ," 9,100 "," 10,100 "," 22,490 ","9,100","10,000","23,160","9,500","10,400","21,870","10,300","11,300","16,780","10,100","11,200","17,590", n/a , n/a , n/a , n/a , n/a , n/a , n/a , n/a , n/a , n/a , n/a , n/a , n/a , n/a , n/a , n/a , n/a , n/a 
"£20,000 - £29,999",South West,"£20,000 - £29,999South West"," 3,100 "," 4,000 "," 79,470 ","3,100","4,100","84,320","3,100","4,000","87,560","3,100","4,100","74,600","3,200","4,100","75,210", n/a , n/a , n/a , n/a , n/a , n/a , n/a , n/a , n/a , n/a , n/a , n/a , n/a , n/a , n/a , n/a , n/a , n/a ," 9,300 "," 10,200 "," 62,920 ","9,400","10,300","64,920","9,700","10,700","60,700","10,300","11,300","51,900","10,100","11,100","54,520", n/a , n/a , n/a , n/a , n/a , n/a , n/a , n/a , n/a , n/a , n/a , n/a , n/a , n/a , n/a , n/a , n/a , n/a 
"£30,000 - £39,999",South West,"£30,000 - £39,999South West"," 3,400 "," 4,300 "," 65,250 ","3,500","4,400","64,170","3,500","4,300","66,270","3,600","4,500","55,080","3,700","4,500","55,510", n/a , n/a , n/a , n/a , n/a , n/a , n/a , n/a , n/a , n/a , n/a , n/a , n/a , n/a , n/a , n/a , n/a , n/a ," 10,300 "," 11,200 "," 54,100 ","10,500","11,400","50,930","10,800","11,700","47,520","11,400","12,400","39,020","11,200","12,200","40,950", n/a , n/a , n/a , n/a , n/a , n/a , n/a , n/a , n/a , n/a , n/a , n/a , n/a , n/a , n/a , n/a , n/a , n/a 
"£40,000 - £49,999",South West,"£40,000 - £49,999South West"," 3,700 "," 4,500 "," 49,860 ","3,800","4,600","50,600","3,900","4,600","52,210","3,900","4,700","44,140","4,000","4,800","44,470", n/a , n/a , n/a , n/a , n/a , n/a , n/a , n/a , n/a , n/a , n/a , n/a , n/a , n/a , n/a , n/a , n/a , n/a ," 11,300 "," 12,200 "," 43,040 ","11,500","12,400","41,670","11,900","12,800","38,860","12,300","13,200","32,220","12,200","13,100","33,840", n/a , n/a , n/a , n/a , n/a , n/a , n/a , n/a , n/a , n/a , n/a , n/a , n/a , n/a , n/a , n/a , n/a , n/a 
"£50,000 - £59,999",South West,"£50,000 - £59,999South West"," 3,900 "," 4,600 "," 28,870 ","3,900","4,800","30,420","3,900","4,700","31,550","3,900","4,800","27,330","4,100","4,900","27,560", n/a , n/a , n/a , n/a , n/a , n/a , n/a , n/a , n/a , n/a , n/a , n/a , n/a , n/a , n/a , n/a , n/a , n/a ," 12,100 "," 13,100 "," 24,700 ","12,100","13,200","24,850","12,500","13,600","22,980","12,700","13,800","19,520","12,400","13,600","20,510", n/a , n/a , n/a , n/a , n/a , n/a , n/a , n/a , n/a , n/a , n/a , n/a , n/a , n/a , n/a , n/a , n/a , n/a 
"£60,000 - £69,999",South West,"£60,000 - £69,999South West"," 4,000 "," 4,800 "," 16,780 ","4,100","5,000","16,190","4,100","4,900","16,910","4,100","5,000","15,060","4,300","5,100","15,220", n/a , n/a , n/a , n/a , n/a , n/a , n/a , n/a , n/a , n/a , n/a , n/a , n/a , n/a , n/a , n/a , n/a , n/a ," 13,300 "," 14,500 "," 14,020 ","13,100","14,300","13,060","13,600","14,700","12,130","13,800","14,900","10,590","13,400","14,700","11,180", n/a , n/a , n/a , n/a , n/a , n/a , n/a , n/a , n/a , n/a , n/a , n/a , n/a , n/a , n/a , n/a , n/a , n/a 
"£70,000 - £99,999",South West,"£70,000 - £99,999South West"," 4,300 "," 5,200 "," 19,490 ","4,400","5,500","18,510","4,400","5,300","19,330","4,400","5,300","17,630","4,500","5,400","17,790", n/a , n/a , n/a , n/a , n/a , n/a , n/a , n/a , n/a , n/a , n/a , n/a , n/a , n/a , n/a , n/a , n/a , n/a ," 14,400 "," 15,800 "," 16,010 ","14,900","16,000","14,390","15,300","16,600","13,270","15,100","16,600","11,920","14,900","16,300","12,640", n/a , n/a , n/a , n/a , n/a , n/a , n/a , n/a , n/a , n/a , n/a , n/a , n/a , n/a , n/a , n/a , n/a , n/a 
"£100,000 - £149,999",South West,"£100,000 - £149,999South West"," 4,700 "," 5,700 "," 7,410 ","5,100","6,400","6,580","5,200","6,200","6,950","5,000","6,100","6,900","5,200","6,200","6,990", n/a , n/a , n/a , n/a , n/a , n/a , n/a , n/a , n/a , n/a , n/a , n/a , n/a , n/a , n/a , n/a , n/a , n/a ," 16,100 "," 17,700 "," 5,850 ","18,000","19,600","4,760","18,600","20,100","4,340","18,000","19,500","4,400","17,500","19,000","4,640", n/a , n/a , n/a , n/a , n/a , n/a , n/a , n/a , n/a , n/a , n/a , n/a , n/a , n/a , n/a , n/a , n/a , n/a 
"£150,000 and over",South West,"£150,000 and overSouth West"," 4,500 "," 5,800 "," 2,240 ","5,700","7,500","1,580","5,800","7,000","1,660","5,300","6,700","1,690","5,500","6,700","1,710", n/a , n/a , n/a , n/a , n/a , n/a , n/a , n/a , n/a , n/a , n/a , n/a , n/a , n/a , n/a , n/a , n/a , n/a ," 14,100 "," 16,500 "," 1,820 ","20,000","21,500","1,030","20,400","22,200",940,"17,800","19,600","1,050","17,700","19,500","1,100", n/a , n/a , n/a , n/a , n/a , n/a , n/a , n/a , n/a , n/a , n/a , n/a , n/a , n/a , n/a , n/a , n/a , n/a 
"Less than £15,000",Wales,"Less than £15,000Wales"," 2,500 "," 3,200 "," 42,090 ","2,600","3,300","50,140","2,600","3,200","51,430","2,600","3,300","50,510","2,600","3,300","51,050", n/a , n/a , n/a , n/a , n/a , n/a , n/a , n/a , n/a , n/a , n/a , n/a , n/a , n/a , n/a , n/a , n/a , n/a ," 9,600 "," 10,500 "," 37,590 ","9,900","10,600","42,820","10,300","11,100","40,590","10,800","11,600","39,390","10,900","11,800","41,230", n/a , n/a , n/a , n/a , n/a , n/a , n/a , n/a , n/a , n/a , n/a , n/a , n/a , n/a , n/a , n/a , n/a , n/a 
"£15,000 - £19,999",Wales,"£15,000 - £19,999Wales"," 2,800 "," 3,400 "," 19,790 ","2,900","3,500","23,660","2,900","3,500","24,200","2,900","3,600","20,520","3,000","3,600","20,640", n/a , n/a , n/a , n/a , n/a , n/a , n/a , n/a , n/a , n/a , n/a , n/a , n/a , n/a , n/a , n/a , n/a , n/a ," 10,400 "," 11,100 "," 17,630 ","10,500","11,200","20,220","11,000","11,700","19,140","12,000","12,800","15,780","12,000","12,800","16,510", n/a , n/a , n/a , n/a , n/a , n/a , n/a , n/a , n/a , n/a , n/a , n/a , n/a , n/a , n/a , n/a , n/a , n/a 
"£20,000 - £29,999",Wales,"£20,000 - £29,999Wales"," 3,000 "," 3,600 "," 46,180 ","3,000","3,700","48,740","3,000","3,700","50,180","3,100","3,800","41,860","3,100","3,800","42,120", n/a , n/a , n/a , n/a , n/a , n/a , n/a , n/a , n/a , n/a , n/a , n/a , n/a , n/a , n/a , n/a , n/a , n/a ," 10,700 "," 11,500 "," 39,940 ","11,100","11,800","39,880","11,500","12,300","37,550","12,300","13,100","31,420","12,200","13,100","32,850", n/a , n/a , n/a , n/a , n/a , n/a , n/a , n/a , n/a , n/a , n/a , n/a , n/a , n/a , n/a , n/a , n/a , n/a 
"£30,000 - £39,999",Wales,"£30,000 - £39,999Wales"," 3,300 "," 3,900 "," 36,150 ","3,500","4,100","37,210","3,500","4,100","38,330","3,600","4,200","31,730","3,700","4,300","31,900", n/a , n/a , n/a , n/a , n/a , n/a , n/a , n/a , n/a , n/a , n/a , n/a , n/a , n/a , n/a , n/a , n/a , n/a ," 11,600 "," 12,400 "," 31,720 ","12,300","13,000","30,930","12,700","13,500","29,130","13,600","14,500","23,510","13,500","14,400","24,810", n/a , n/a , n/a , n/a , n/a , n/a , n/a , n/a , n/a , n/a , n/a , n/a , n/a , n/a , n/a , n/a , n/a , n/a 
"£40,000 - £49,999",Wales,"£40,000 - £49,999Wales"," 3,600 "," 4,200 "," 24,580 ","3,700","4,400","23,520","3,800","4,400","24,250","3,800","4,500","19,750","4,000","4,600","19,880", n/a , n/a , n/a , n/a , n/a , n/a , n/a , n/a , n/a , n/a , n/a , n/a , n/a , n/a , n/a , n/a , n/a , n/a ," 12,500 "," 13,400 "," 22,270 ","13,100","14,000","20,080","13,600","14,600","18,770","14,300","15,200","14,980","14,200","15,100","15,810", n/a , n/a , n/a , n/a , n/a , n/a , n/a , n/a , n/a , n/a , n/a , n/a , n/a , n/a , n/a , n/a , n/a , n/a 
"£50,000 - £59,999",Wales,"£50,000 - £59,999Wales"," 3,800 "," 4,300 "," 12,320 ","3,800","4,500","11,750","3,900","4,500","12,080","3,900","4,600","9,510","4,100","4,800","9,590", n/a , n/a , n/a , n/a , n/a , n/a , n/a , n/a , n/a , n/a , n/a , n/a , n/a , n/a , n/a , n/a , n/a , n/a ," 13,300 "," 14,400 "," 11,150 ","14,000","15,100","9,850","14,600","15,700","9,160","14,900","15,800","7,170","14,600","15,600","7,590", n/a , n/a , n/a , n/a , n/a , n/a , n/a , n/a , n/a , n/a , n/a , n/a , n/a , n/a , n/a , n/a , n/a , n/a 
"£60,000 - £69,999",Wales,"£60,000 - £69,999Wales"," 3,900 "," 4,500 "," 7,710 ","4,100","4,800","6,930","4,100","4,700","7,100","4,100","4,800","5,720","4,300","4,900","5,780", n/a , n/a , n/a , n/a , n/a , n/a , n/a , n/a , n/a , n/a , n/a , n/a , n/a , n/a , n/a , n/a , n/a , n/a ," 14,400 "," 15,400 "," 7,030 ","15,000","16,000","5,810","15,500","16,500","5,340","15,500","16,500","4,290","15,200","16,400","4,550", n/a , n/a , n/a , n/a , n/a , n/a , n/a , n/a , n/a , n/a , n/a , n/a , n/a , n/a , n/a , n/a , n/a , n/a 
"£70,000 - £99,999",Wales,"£70,000 - £99,999Wales"," 4,100 "," 4,700 "," 8,050 ","4,300","5,000","7,420","4,400","5,000","7,640","4,300","4,900","6,060","4,500","5,100","6,110", n/a , n/a , n/a , n/a , n/a , n/a , n/a , n/a , n/a , n/a , n/a , n/a , n/a , n/a , n/a , n/a , n/a , n/a ," 14,900 "," 16,000 "," 7,310 ","15,600","16,700","6,210","16,400","17,400","5,680","16,200","17,400","4,600","16,000","17,300","4,860", n/a , n/a , n/a , n/a , n/a , n/a , n/a , n/a , n/a , n/a , n/a , n/a , n/a , n/a , n/a , n/a , n/a , n/a 
"£100,000 - £149,999",Wales,"£100,000 - £149,999Wales"," 4,400 "," 5,100 "," 2,690 ","4,600","5,400","2,250","4,700","5,300","2,310","4,600","5,200","2,170","4,800","5,400","2,210", n/a , n/a , n/a , n/a , n/a , n/a , n/a , n/a , n/a , n/a , n/a , n/a , n/a , n/a , n/a , n/a , n/a , n/a ," 16,100 "," 17,400 "," 2,460 ","17,200","18,900","1,890","17,800","19,600","1,710","16,800","18,100","1,690","17,000","18,100","1,780", n/a , n/a , n/a , n/a , n/a , n/a , n/a , n/a , n/a , n/a , n/a , n/a , n/a , n/a , n/a , n/a , n/a , n/a 
"£150,000 and over",Wales,"£150,000 and overWales"," 4,200 "," 5,000 ", 600 ,"4,600","5,700",370,"4,600","5,300",380,"4,700","5,200",450,"4,800","5,400",450, n/a , n/a , n/a , n/a , n/a , n/a , n/a , n/a , n/a , n/a , n/a , n/a , n/a , n/a , n/a , n/a , n/a , n/a ," 15,300 "," 16,700 ", 550 ,"17,300","18,700",310,"17,800","19,100",280,"17,300","18,500",360,"17,400","18,600",380, n/a , n/a , n/a , n/a , n/a , n/a , n/a , n/a , n/a , n/a , n/a , n/a , n/a , n/a , n/a , n/a , n/a , n/a 
1,Pre 1919,1Pre 1919," 2,400 "," 3,300 "," 222,490 ","2,600","3,500","238,440","2,500","3,300","247,240","2,600","3,500","225,270","2,600","3,500","229,110", n/a , n/a , n/a , n/a , n/a , n/a , n/a , n/a , n/a , n/a , n/a , n/a , n/a , n/a , n/a , n/a , n/a , n/a ," 10,400 "," 11,700 "," 202,820 ","10,600","11,800","212,490","11,000","12,200","195,510","11,500","12,800","177,830","11,400","12,700","186,330", n/a , n/a , n/a , n/a , n/a , n/a , n/a , n/a , n/a , n/a , n/a , n/a , n/a , n/a , n/a , n/a , n/a , n/a 
2,Pre 1919,2Pre 1919," 3,400 "," 4,200 "," 295,980 ","3,400","4,500","302,980","3,500","4,300","312,430","3,500","4,500","274,040","3,600","4,500","277,150", n/a , n/a , n/a , n/a , n/a , n/a , n/a , n/a , n/a , n/a , n/a , n/a , n/a , n/a , n/a , n/a , n/a , n/a ," 13,100 "," 14,500 "," 266,120 ","13,200","14,500","262,970","13,600","15,000","243,750","14,300","15,700","211,050","14,200","15,600","220,860", n/a , n/a , n/a , n/a , n/a , n/a , n/a , n/a , n/a , n/a , n/a , n/a , n/a , n/a , n/a , n/a , n/a , n/a 
3,Pre 1919,3Pre 1919," 3,900 "," 4,700 "," 107,770 ","3,900","5,100","105,740","4,000","4,900","109,100","4,000","5,000","98,750","4,200","5,100","100,000", n/a , n/a , n/a , n/a , n/a , n/a , n/a , n/a , n/a , n/a , n/a , n/a , n/a , n/a , n/a , n/a , n/a , n/a ," 14,500 "," 16,000 "," 98,900 ","14,600","16,100","93,470","15,200","16,700","87,060","15,700","17,100","77,660","15,700","17,300","81,160", n/a , n/a , n/a , n/a , n/a , n/a , n/a , n/a , n/a , n/a , n/a , n/a , n/a , n/a , n/a , n/a , n/a , n/a 
4,Pre 1919,4Pre 1919," 4,400 "," 5,300 "," 44,250 ","4,500","5,700","45,440","4,600","5,500","46,640","4,500","5,500","42,430","4,700","5,700","42,920", n/a , n/a , n/a , n/a , n/a , n/a , n/a , n/a , n/a , n/a , n/a , n/a , n/a , n/a , n/a , n/a , n/a , n/a ," 16,200 "," 17,800 "," 40,910 ","16,300","17,700","40,240","16,900","18,400","37,560","17,300","18,700","33,620","17,400","18,900","35,180", n/a , n/a , n/a , n/a , n/a , n/a , n/a , n/a , n/a , n/a , n/a , n/a , n/a , n/a , n/a , n/a , n/a , n/a 
5 or more,Pre 1919,5 or morePre 1919," 4,900 "," 5,900 "," 24,190 ","5,000","6,500","26,940","5,000","6,000","27,500","4,900","6,100","25,610","5,200","6,200","25,990", n/a , n/a , n/a , n/a , n/a , n/a , n/a , n/a , n/a , n/a , n/a , n/a , n/a , n/a , n/a , n/a , n/a , n/a ," 18,100 "," 19,600 "," 23,030 ","17,700","19,200","24,360","18,400","19,900","22,710","18,600","20,100","20,870","19,300","20,700","21,720", n/a , n/a , n/a , n/a , n/a , n/a , n/a , n/a , n/a , n/a , n/a , n/a , n/a , n/a , n/a , n/a , n/a , n/a 
1,1919-44,11919-44," 2,500 "," 3,100 "," 192,400 ","2,600","3,300","206,580","2,600","3,200","209,220","2,700","3,300","187,230","2,700","3,300","189,270", n/a , n/a , n/a , n/a , n/a , n/a , n/a , n/a , n/a , n/a , n/a , n/a , n/a , n/a , n/a , n/a , n/a , n/a ," 11,600 "," 12,600 "," 190,180 ","11,700","12,700","199,630","12,100","13,000","186,950","12,600","13,600","164,830","12,600","13,500","172,130", n/a , n/a , n/a , n/a , n/a , n/a , n/a , n/a , n/a , n/a , n/a , n/a , n/a , n/a , n/a , n/a , n/a , n/a 
2,1919-44,21919-44," 3,500 "," 4,100 "," 297,080 ","3,600","4,200","302,370","3,600","4,100","305,460","3,600","4,200","262,760","3,700","4,300","264,820", n/a , n/a , n/a , n/a , n/a , n/a , n/a , n/a , n/a , n/a , n/a , n/a , n/a , n/a , n/a , n/a , n/a , n/a ," 13,800 "," 14,800 "," 294,800 ","13,900","14,900","292,720","14,300","15,300","275,120","15,000","16,000","233,340","14,900","15,900","243,570", n/a , n/a , n/a , n/a , n/a , n/a , n/a , n/a , n/a , n/a , n/a , n/a , n/a , n/a , n/a , n/a , n/a , n/a 
3,1919-44,31919-44," 4,100 "," 4,700 "," 117,070 ","4,100","4,800","114,300","4,200","4,700","115,410","4,100","4,700","100,860","4,300","4,900","101,740", n/a , n/a , n/a , n/a , n/a , n/a , n/a , n/a , n/a , n/a , n/a , n/a , n/a , n/a , n/a , n/a , n/a , n/a ," 14,800 "," 16,000 "," 116,510 ","14,800","15,900","111,320","15,300","16,500","104,930","15,900","17,100","90,240","15,900","17,100","94,150", n/a , n/a , n/a , n/a , n/a , n/a , n/a , n/a , n/a , n/a , n/a , n/a , n/a , n/a , n/a , n/a , n/a , n/a 
4,1919-44,41919-44," 4,600 "," 5,200 "," 50,390 ","4,600","5,300","50,970","4,700","5,300","51,490","4,600","5,200","43,970","4,900","5,500","44,320", n/a , n/a , n/a , n/a , n/a , n/a , n/a , n/a , n/a , n/a , n/a , n/a , n/a , n/a , n/a , n/a , n/a , n/a ," 16,100 "," 17,300 "," 50,100 ","16,100","17,300","49,650","16,700","18,000","46,790","17,200","18,400","39,260","17,400","18,600","41,030", n/a , n/a , n/a , n/a , n/a , n/a , n/a , n/a , n/a , n/a , n/a , n/a , n/a , n/a , n/a , n/a , n/a , n/a 
5 or more,1919-44,5 or more1919-44," 5,000 "," 5,800 "," 22,780 ","5,000","5,900","22,840","5,200","5,900","23,090","5,000","5,700","19,940","5,300","6,000","20,100", n/a , n/a , n/a , n/a , n/a , n/a , n/a , n/a , n/a , n/a , n/a , n/a , n/a , n/a , n/a , n/a , n/a , n/a ," 17,800 "," 19,100 "," 22,520 ","17,500","18,900","22,120","18,200","19,500","20,820","18,500","19,800","17,780","19,000","20,200","18,480", n/a , n/a , n/a , n/a , n/a , n/a , n/a , n/a , n/a , n/a , n/a , n/a , n/a , n/a , n/a , n/a , n/a , n/a 
1,1945-64,11945-64," 2,300 "," 3,000 "," 263,930 ","2,400","3,200","279,890","2,400","3,000","285,380","2,400","3,100","249,580","2,400","3,100","252,330", n/a , n/a , n/a , n/a , n/a , n/a , n/a , n/a , n/a , n/a , n/a , n/a , n/a , n/a , n/a , n/a , n/a , n/a ," 10,200 "," 11,000 "," 252,490 ","10,300","11,000","261,350","10,600","11,400","245,680","11,200","11,900","211,690","11,100","11,900","220,910", n/a , n/a , n/a , n/a , n/a , n/a , n/a , n/a , n/a , n/a , n/a , n/a , n/a , n/a , n/a , n/a , n/a , n/a 
2,1945-64,21945-64," 3,400 "," 4,000 "," 331,340 ","3,400","4,000","337,310","3,400","4,000","342,100","3,400","4,000","290,050","3,500","4,100","292,020", n/a , n/a , n/a , n/a , n/a , n/a , n/a , n/a , n/a , n/a , n/a , n/a , n/a , n/a , n/a , n/a , n/a , n/a ," 12,200 "," 13,100 "," 321,220 ","12,300","13,200","318,540","12,700","13,500","301,020","13,300","14,100","250,810","13,300","14,100","261,170", n/a , n/a , n/a , n/a , n/a , n/a , n/a , n/a , n/a , n/a , n/a , n/a , n/a , n/a , n/a , n/a , n/a , n/a 
3,1945-64,31945-64," 4,000 "," 4,600 "," 111,180 ","4,000","4,700","109,070","4,100","4,700","110,660","4,000","4,700","96,420","4,200","4,800","97,280", n/a , n/a , n/a , n/a , n/a , n/a , n/a , n/a , n/a , n/a , n/a , n/a , n/a , n/a , n/a , n/a , n/a , n/a ," 13,000 "," 14,000 "," 108,110 ","13,100","14,000","103,850","13,600","14,500","98,210","14,200","15,200","84,360","14,300","15,200","87,940", n/a , n/a , n/a , n/a , n/a , n/a , n/a , n/a , n/a , n/a , n/a , n/a , n/a , n/a , n/a , n/a , n/a , n/a 
4,1945-64,41945-64," 4,500 "," 5,200 "," 43,440 ","4,500","5,200","44,210","4,700","5,300","44,770","4,500","5,200","38,190","4,800","5,400","38,570", n/a , n/a , n/a , n/a , n/a , n/a , n/a , n/a , n/a , n/a , n/a , n/a , n/a , n/a , n/a , n/a , n/a , n/a ," 13,900 "," 15,000 "," 42,320 ","14,000","15,100","42,130","14,500","15,600","39,820","15,100","16,100","33,490","15,200","16,300","34,940", n/a , n/a , n/a , n/a , n/a , n/a , n/a , n/a , n/a , n/a , n/a , n/a , n/a , n/a , n/a , n/a , n/a , n/a 
5 or more,1945-64,5 or more1945-64," 5,000 "," 5,600 "," 16,990 ","5,000","5,800","17,050","5,200","5,800","17,240","4,900","5,600","14,840","5,200","5,900","14,990", n/a , n/a , n/a , n/a , n/a , n/a , n/a , n/a , n/a , n/a , n/a , n/a , n/a , n/a , n/a , n/a , n/a , n/a ," 14,700 "," 16,100 "," 16,500 ","14,600","16,000","16,230","15,200","16,600","15,340","15,500","16,800","12,910","15,900","17,100","13,480", n/a , n/a , n/a , n/a , n/a , n/a , n/a , n/a , n/a , n/a , n/a , n/a , n/a , n/a , n/a , n/a , n/a , n/a 
1,1965-82,11965-82," 2,300 "," 3,100 "," 308,020 ","2,400","3,200","324,290","2,300","3,100","333,560","2,400","3,200","291,770","2,400","3,200","294,580", n/a , n/a , n/a , n/a , n/a , n/a , n/a , n/a , n/a , n/a , n/a , n/a , n/a , n/a , n/a , n/a , n/a , n/a ," 9,300 "," 10,200 "," 261,730 ","9,300","10,200","267,710","9,600","10,500","250,650","10,100","10,900","215,820","10,000","10,900","225,520", n/a , n/a , n/a , n/a , n/a , n/a , n/a , n/a , n/a , n/a , n/a , n/a , n/a , n/a , n/a , n/a , n/a , n/a 
2,1965-82,21965-82," 3,300 "," 4,000 "," 363,120 ","3,400","4,100","371,170","3,400","4,000","377,880","3,400","4,100","320,140","3,500","4,200","321,830", n/a , n/a , n/a , n/a , n/a , n/a , n/a , n/a , n/a , n/a , n/a , n/a , n/a , n/a , n/a , n/a , n/a , n/a ," 11,800 "," 12,600 "," 334,640 ","11,800","12,700","332,710","12,200","13,000","313,610","12,800","13,600","260,970","12,700","13,500","272,460", n/a , n/a , n/a , n/a , n/a , n/a , n/a , n/a , n/a , n/a , n/a , n/a , n/a , n/a , n/a , n/a , n/a , n/a 
3,1965-82,31965-82," 3,900 "," 4,600 "," 115,320 ","4,000","4,700","114,640","4,100","4,700","116,780","4,000","4,600","102,910","4,200","4,800","103,710", n/a , n/a , n/a , n/a , n/a , n/a , n/a , n/a , n/a , n/a , n/a , n/a , n/a , n/a , n/a , n/a , n/a , n/a ," 12,600 "," 13,600 "," 108,840 ","12,800","13,700","105,600","13,200","14,100","99,470","13,700","14,700","86,580","13,800","14,700","90,250", n/a , n/a , n/a , n/a , n/a , n/a , n/a , n/a , n/a , n/a , n/a , n/a , n/a , n/a , n/a , n/a , n/a , n/a 
4,1965-82,41965-82," 4,400 "," 5,000 "," 42,780 ","4,400","5,100","44,730","4,600","5,200","45,490","4,400","5,100","40,090","4,800","5,400","40,410", n/a , n/a , n/a , n/a , n/a , n/a , n/a , n/a , n/a , n/a , n/a , n/a , n/a , n/a , n/a , n/a , n/a , n/a ," 13,500 "," 14,600 "," 40,770 ","13,700","14,600","41,540","14,200","15,200","39,070","14,600","15,600","33,850","14,800","15,800","35,340", n/a , n/a , n/a , n/a , n/a , n/a , n/a , n/a , n/a , n/a , n/a , n/a , n/a , n/a , n/a , n/a , n/a , n/a 
5 or more,1965-82,5 or more1965-82," 4,700 "," 5,400 "," 15,550 ","4,800","5,600","15,680","4,900","5,600","15,990","4,800","5,500","14,270","5,100","5,800","14,360", n/a , n/a , n/a , n/a , n/a , n/a , n/a , n/a , n/a , n/a , n/a , n/a , n/a , n/a , n/a , n/a , n/a , n/a ," 14,000 "," 15,200 "," 14,650 ","14,200","15,400","14,520","14,700","15,900","13,610","15,000","16,300","11,930","15,300","16,600","12,450", n/a , n/a , n/a , n/a , n/a , n/a , n/a , n/a , n/a , n/a , n/a , n/a , n/a , n/a , n/a , n/a , n/a , n/a 
1,1983-92,11983-92," 2,400 "," 3,400 "," 116,310 ","2,500","3,400","123,160","2,500","3,300","128,000","2,500","3,500","113,560","2,600","3,500","114,160", n/a , n/a , n/a , n/a , n/a , n/a , n/a , n/a , n/a , n/a , n/a , n/a , n/a , n/a , n/a , n/a , n/a , n/a ," 8,400 "," 9,400 "," 83,280 ","8,500","9,400","85,790","8,700","9,700","81,320","9,100","10,100","72,240","9,000","10,100","75,080", n/a , n/a , n/a , n/a , n/a , n/a , n/a , n/a , n/a , n/a , n/a , n/a , n/a , n/a , n/a , n/a , n/a , n/a 
2,1983-92,21983-92," 3,500 "," 4,200 "," 121,210 ","3,500","4,300","123,470","3,500","4,200","126,760","3,600","4,300","110,600","3,700","4,400","111,020", n/a , n/a , n/a , n/a , n/a , n/a , n/a , n/a , n/a , n/a , n/a , n/a , n/a , n/a , n/a , n/a , n/a , n/a ," 11,500 "," 12,400 "," 105,810 ","11,600","12,500","104,900","11,900","12,800","99,830","12,400","13,300","86,450","12,300","13,300","89,840", n/a , n/a , n/a , n/a , n/a , n/a , n/a , n/a , n/a , n/a , n/a , n/a , n/a , n/a , n/a , n/a , n/a , n/a 
3,1983-92,31983-92," 4,100 "," 4,700 "," 38,520 ","4,100","4,900","37,780","4,200","4,900","38,640","4,100","4,900","34,670","4,400","5,100","34,820", n/a , n/a , n/a , n/a , n/a , n/a , n/a , n/a , n/a , n/a , n/a , n/a , n/a , n/a , n/a , n/a , n/a , n/a ," 13,100 "," 14,000 "," 35,280 ","13,200","14,100","33,580","13,700","14,500","32,050","14,200","15,100","28,380","14,200","15,100","29,510", n/a , n/a , n/a , n/a , n/a , n/a , n/a , n/a , n/a , n/a , n/a , n/a , n/a , n/a , n/a , n/a , n/a , n/a 
4,1983-92,41983-92," 4,600 "," 5,200 "," 14,870 ","4,600","5,400","15,390","4,800","5,400","15,720","4,600","5,300","13,740","4,900","5,600","13,790", n/a , n/a , n/a , n/a , n/a , n/a , n/a , n/a , n/a , n/a , n/a , n/a , n/a , n/a , n/a , n/a , n/a , n/a ," 14,600 "," 15,400 "," 13,940 ","14,700","15,500","14,050","15,200","16,100","13,360","15,600","16,400","11,470","15,700","16,500","11,980", n/a , n/a , n/a , n/a , n/a , n/a , n/a , n/a , n/a , n/a , n/a , n/a , n/a , n/a , n/a , n/a , n/a , n/a 
5 or more,1983-92,5 or more1983-92," 5,000 "," 5,800 "," 4,900 ","5,000","5,900","5,270","5,200","5,900","5,420","4,900","5,800","4,760","5,300","6,100","4,770", n/a , n/a , n/a , n/a , n/a , n/a , n/a , n/a , n/a , n/a , n/a , n/a , n/a , n/a , n/a , n/a , n/a , n/a ," 15,800 "," 16,800 "," 4,590 ","15,700","16,800","4,800","16,300","17,400","4,570","16,500","17,600","3,940","16,900","17,800","4,110", n/a , n/a , n/a , n/a , n/a , n/a , n/a , n/a , n/a , n/a , n/a , n/a , n/a , n/a , n/a , n/a , n/a , n/a 
1,1993-99,11993-99," 2,600 "," 3,500 "," 62,830 ","2,700","3,500","68,130","2,600","3,400","71,480","2,700","3,600","68,000","2,800","3,600","68,320", n/a , n/a , n/a , n/a , n/a , n/a , n/a , n/a , n/a , n/a , n/a , n/a , n/a , n/a , n/a , n/a , n/a , n/a ," 8,700 "," 9,700 "," 50,830 ","8,900","9,800","53,320","9,100","10,100","49,820","9,500","10,600","48,520","9,500","10,600","50,550", n/a , n/a , n/a , n/a , n/a , n/a , n/a , n/a , n/a , n/a , n/a , n/a , n/a , n/a , n/a , n/a , n/a , n/a 
2,1993-99,21993-99," 3,600 "," 4,300 "," 86,290 ","3,600","4,300","88,680","3,700","4,300","92,220","3,700","4,400","85,770","3,900","4,500","86,130", n/a , n/a , n/a , n/a , n/a , n/a , n/a , n/a , n/a , n/a , n/a , n/a , n/a , n/a , n/a , n/a , n/a , n/a ," 11,600 "," 12,600 "," 77,990 ","11,700","12,600","77,810","12,000","13,000","72,510","12,500","13,600","68,650","12,500","13,500","71,490", n/a , n/a , n/a , n/a , n/a , n/a , n/a , n/a , n/a , n/a , n/a , n/a , n/a , n/a , n/a , n/a , n/a , n/a 
3,1993-99,31993-99," 4,100 "," 4,800 "," 29,180 ","4,100","4,900","28,310","4,200","4,900","29,450","4,100","4,800","26,970","4,400","5,000","27,050", n/a , n/a , n/a , n/a , n/a , n/a , n/a , n/a , n/a , n/a , n/a , n/a , n/a , n/a , n/a , n/a , n/a , n/a ," 12,900 "," 13,800 "," 27,190 ","12,900","13,900","25,570","13,300","14,300","23,830","13,700","14,700","21,990","13,700","14,800","22,950", n/a , n/a , n/a , n/a , n/a , n/a , n/a , n/a , n/a , n/a , n/a , n/a , n/a , n/a , n/a , n/a , n/a , n/a 
4,1993-99,41993-99," 4,500 "," 5,200 "," 11,600 ","4,600","5,400","11,610","4,800","5,400","12,100","4,500","5,200","10,900","4,800","5,500","10,960", n/a , n/a , n/a , n/a , n/a , n/a , n/a , n/a , n/a , n/a , n/a , n/a , n/a , n/a , n/a , n/a , n/a , n/a ," 14,100 "," 15,100 "," 11,040 ","14,400","15,400","10,600","14,800","15,800","9,900","15,100","16,200","8,980","15,200","16,200","9,390", n/a , n/a , n/a , n/a , n/a , n/a , n/a , n/a , n/a , n/a , n/a , n/a , n/a , n/a , n/a , n/a , n/a , n/a 
5 or more,1993-99,5 or more1993-99," 4,900 "," 5,700 "," 3,960 ","4,900","5,800","4,060","5,100","5,800","4,220","4,800","5,600","3,870","5,200","6,000","3,880", n/a , n/a , n/a , n/a , n/a , n/a , n/a , n/a , n/a , n/a , n/a , n/a , n/a , n/a , n/a , n/a , n/a , n/a ," 15,000 "," 16,100 "," 3,810 ","15,000","16,000","3,670","15,600","16,700","3,400","15,600","17,000","3,150","15,900","17,100","3,270", n/a , n/a , n/a , n/a , n/a , n/a , n/a , n/a , n/a , n/a , n/a , n/a , n/a , n/a , n/a , n/a , n/a , n/a 
1,Post 1999,1Post 1999," 2,600 "," 3,600 "," 85,920 ","2,800","3,700","96,170","2,700","3,500","105,280","2,800","3,800","88,990","2,900","3,700","89,360", n/a , n/a , n/a , n/a , n/a , n/a , n/a , n/a , n/a , n/a , n/a , n/a , n/a , n/a , n/a , n/a , n/a , n/a ," 8,400 "," 9,500 "," 47,280 ","8,600","9,700","51,040","8,800","9,800","41,570","9,100","10,300","39,620","9,200","10,400","44,440", n/a , n/a , n/a , n/a , n/a , n/a , n/a , n/a , n/a , n/a , n/a , n/a , n/a , n/a , n/a , n/a , n/a , n/a 
2,Post 1999,2Post 1999," 3,500 "," 4,200 "," 110,580 ","3,500","4,300","113,690","3,500","4,200","122,800","3,600","4,400","98,280","3,800","4,400","98,550", n/a , n/a , n/a , n/a , n/a , n/a , n/a , n/a , n/a , n/a , n/a , n/a , n/a , n/a , n/a , n/a , n/a , n/a ," 11,200 "," 12,200 "," 75,250 ","11,400","12,400","74,530","11,600","12,600","60,480","12,200","13,300","54,560","12,300","13,400","61,160", n/a , n/a , n/a , n/a , n/a , n/a , n/a , n/a , n/a , n/a , n/a , n/a , n/a , n/a , n/a , n/a , n/a , n/a 
3,Post 1999,3Post 1999," 3,900 "," 4,600 "," 31,820 ","4,000","4,700","28,910","4,000","4,700","31,130","4,000","4,700","26,190","4,200","4,900","26,340", n/a , n/a , n/a , n/a , n/a , n/a , n/a , n/a , n/a , n/a , n/a , n/a , n/a , n/a , n/a , n/a , n/a , n/a ," 12,400 "," 13,500 "," 23,050 ","12,700","13,800","19,970","13,000","14,100","16,110","13,100","14,400","15,220","13,300","14,500","17,150", n/a , n/a , n/a , n/a , n/a , n/a , n/a , n/a , n/a , n/a , n/a , n/a , n/a , n/a , n/a , n/a , n/a , n/a 
4,Post 1999,4Post 1999," 4,300 "," 5,000 "," 11,750 ","4,300","5,100","10,870","4,500","5,100","11,710","4,400","5,100","9,780","4,600","5,300","9,810", n/a , n/a , n/a , n/a , n/a , n/a , n/a , n/a , n/a , n/a , n/a , n/a , n/a , n/a , n/a , n/a , n/a , n/a ," 13,700 "," 14,900 "," 8,860 ","14,000","15,100","8,010","14,300","15,500","6,420","14,700","16,100","5,900","14,900","16,100","6,610", n/a , n/a , n/a , n/a , n/a , n/a , n/a , n/a , n/a , n/a , n/a , n/a , n/a , n/a , n/a , n/a , n/a , n/a 
5 or more,Post 1999,5 or morePost 1999," 4,600 "," 5,400 "," 4,610 ","4,700","5,700","4,290","4,800","5,500","4,650","4,500","5,500","4,010","4,900","5,800","4,010", n/a , n/a , n/a , n/a , n/a , n/a , n/a , n/a , n/a , n/a , n/a , n/a , n/a , n/a , n/a , n/a , n/a , n/a ," 15,000 "," 16,400 "," 3,640 ","15,000","16,400","3,130","15,400","16,800","2,490","15,300","16,900","2,400","15,700","17,300","2,760", n/a , n/a , n/a , n/a , n/a , n/a , n/a , n/a , n/a , n/a , n/a , n/a , n/a , n/a , n/a , n/a , n/a , n/a 
1,Detached,1Detached," 3,000 "," 3,900 "," 117,150 ","3,200","4,200","127,390","3,200","4,000","132,030","3,300","4,200","119,780","3,400","4,300","120,630", n/a , n/a , n/a , n/a , n/a , n/a , n/a , n/a , n/a , n/a , n/a , n/a , n/a , n/a , n/a , n/a , n/a , n/a ," 15,500 "," 16,900 "," 103,820 ","15,500","16,900","109,300","15,900","17,400","101,500","16,600","18,000","92,260","16,400","17,800","97,150", n/a , n/a , n/a , n/a , n/a , n/a , n/a , n/a , n/a , n/a , n/a , n/a , n/a , n/a , n/a , n/a , n/a , n/a 
2,Detached,2Detached," 4,200 "," 5,000 "," 283,050 ","4,200","5,200","291,410","4,300","5,100","301,170","4,400","5,200","265,540","4,500","5,300","267,120", n/a , n/a , n/a , n/a , n/a , n/a , n/a , n/a , n/a , n/a , n/a , n/a , n/a , n/a , n/a , n/a , n/a , n/a ," 16,800 "," 18,300 "," 251,850 ","16,900","18,300","249,740","17,300","18,800","231,260","18,000","19,500","204,500","17,800","19,200","215,480", n/a , n/a , n/a , n/a , n/a , n/a , n/a , n/a , n/a , n/a , n/a , n/a , n/a , n/a , n/a , n/a , n/a , n/a 
3,Detached,3Detached," 4,800 "," 5,600 "," 105,250 ","4,800","5,900","105,020","4,900","5,800","108,380","4,800","5,800","98,310","5,100","6,000","99,010", n/a , n/a , n/a , n/a , n/a , n/a , n/a , n/a , n/a , n/a , n/a , n/a , n/a , n/a , n/a , n/a , n/a , n/a ," 18,000 "," 19,500 "," 94,320 ","18,000","19,500","90,360","18,600","20,100","83,860","19,200","20,700","76,100","19,100","20,600","79,940", n/a , n/a , n/a , n/a , n/a , n/a , n/a , n/a , n/a , n/a , n/a , n/a , n/a , n/a , n/a , n/a , n/a , n/a 
4,Detached,4Detached," 5,300 "," 6,100 "," 46,450 ","5,300","6,400","49,140","5,500","6,300","50,580","5,300","6,300","45,100","5,700","6,600","45,420", n/a , n/a , n/a , n/a , n/a , n/a , n/a , n/a , n/a , n/a , n/a , n/a , n/a , n/a , n/a , n/a , n/a , n/a ," 19,100 "," 20,700 "," 41,640 ","19,100","20,800","42,260","19,800","21,400","39,040","20,400","21,900","34,790","20,200","21,900","36,600", n/a , n/a , n/a , n/a , n/a , n/a , n/a , n/a , n/a , n/a , n/a , n/a , n/a , n/a , n/a , n/a , n/a , n/a 
5 or more,Detached,5 or moreDetached," 5,900 "," 6,900 "," 17,160 ","6,000","7,600","18,820","6,200","7,300","19,250","6,000","7,100","17,380","6,400","7,500","17,500", n/a , n/a , n/a , n/a , n/a , n/a , n/a , n/a , n/a , n/a , n/a , n/a , n/a , n/a , n/a , n/a , n/a , n/a ," 21,100 "," 22,700 "," 15,130 ","21,200","22,800","15,520","22,000","23,500","14,270","22,300","24,000","12,750","22,400","24,000","13,380", n/a , n/a , n/a , n/a , n/a , n/a , n/a , n/a , n/a , n/a , n/a , n/a , n/a , n/a , n/a , n/a , n/a , n/a 
1,Semi detached,1Semi detached," 2,500 "," 3,200 "," 273,460 ","2,600","3,300","296,120","2,600","3,200","300,850","2,700","3,300","265,130","2,700","3,300","267,390", n/a , n/a , n/a , n/a , n/a , n/a , n/a , n/a , n/a , n/a , n/a , n/a , n/a , n/a , n/a , n/a , n/a , n/a ," 11,400 "," 12,200 "," 268,610 ","11,500","12,300","281,990","11,800","12,700","263,900","12,400","13,200","229,640","12,300","13,200","240,430", n/a , n/a , n/a , n/a , n/a , n/a , n/a , n/a , n/a , n/a , n/a , n/a , n/a , n/a , n/a , n/a , n/a , n/a 
2,Semi detached,2Semi detached," 3,500 "," 4,100 "," 471,730 ","3,500","4,100","481,590","3,600","4,100","488,590","3,600","4,200","418,050","3,700","4,300","420,700", n/a , n/a , n/a , n/a , n/a , n/a , n/a , n/a , n/a , n/a , n/a , n/a , n/a , n/a , n/a , n/a , n/a , n/a ," 13,000 "," 13,900 "," 463,050 ","13,100","14,000","458,400","13,500","14,400","430,220","14,100","15,000","364,190","14,000","14,900","380,780", n/a , n/a , n/a , n/a , n/a , n/a , n/a , n/a , n/a , n/a , n/a , n/a , n/a , n/a , n/a , n/a , n/a , n/a 
3,Semi detached,3Semi detached," 4,100 "," 4,600 "," 177,540 ","4,100","4,700","174,750","4,200","4,700","177,350","4,100","4,700","154,390","4,300","4,900","155,530", n/a , n/a , n/a , n/a , n/a , n/a , n/a , n/a , n/a , n/a , n/a , n/a , n/a , n/a , n/a , n/a , n/a , n/a ," 13,900 "," 14,900 "," 174,830 ","14,000","15,000","167,660","14,500","15,500","157,760","15,000","16,000","135,420","15,000","16,100","141,450", n/a , n/a , n/a , n/a , n/a , n/a , n/a , n/a , n/a , n/a , n/a , n/a , n/a , n/a , n/a , n/a , n/a , n/a 
4,Semi detached,4Semi detached," 4,600 "," 5,200 "," 72,640 ","4,600","5,200","74,560","4,700","5,300","75,680","4,600","5,200","64,890","4,800","5,400","65,360", n/a , n/a , n/a , n/a , n/a , n/a , n/a , n/a , n/a , n/a , n/a , n/a , n/a , n/a , n/a , n/a , n/a , n/a ," 14,900 "," 16,100 "," 71,770 ","15,000","16,100","71,710","15,600","16,700","67,610","16,000","17,100","57,150","16,200","17,300","59,770", n/a , n/a , n/a , n/a , n/a , n/a , n/a , n/a , n/a , n/a , n/a , n/a , n/a , n/a , n/a , n/a , n/a , n/a 
5 or more,Semi detached,5 or moreSemi detached," 5,100 "," 5,700 "," 28,450 ","5,100","5,800","28,960","5,200","5,900","29,380","5,000","5,800","25,640","5,400","6,000","25,800", n/a , n/a , n/a , n/a , n/a , n/a , n/a , n/a , n/a , n/a , n/a , n/a , n/a , n/a , n/a , n/a , n/a , n/a ," 16,600 "," 18,100 "," 28,070 ","16,500","17,900","27,830","17,200","18,600","26,150","17,600","18,900","22,340","17,800","19,200","23,440", n/a , n/a , n/a , n/a , n/a , n/a , n/a , n/a , n/a , n/a , n/a , n/a , n/a , n/a , n/a , n/a , n/a , n/a 
1,End terrace,1End terrace," 2,500 "," 3,200 "," 109,080 ","2,600","3,300","116,670","2,600","3,200","118,550","2,700","3,300","106,270","2,700","3,300","107,430", n/a , n/a , n/a , n/a , n/a , n/a , n/a , n/a , n/a , n/a , n/a , n/a , n/a , n/a , n/a , n/a , n/a , n/a ," 10,200 "," 11,100 "," 105,640 ","10,300","11,100","110,010","10,600","11,400","101,970","11,200","12,000","90,710","11,200","12,000","95,120", n/a , n/a , n/a , n/a , n/a , n/a , n/a , n/a , n/a , n/a , n/a , n/a , n/a , n/a , n/a , n/a , n/a , n/a 
2,End terrace,2End terrace," 3,400 "," 4,000 "," 152,600 ","3,400","4,000","155,610","3,400","4,000","157,880","3,400","4,000","134,560","3,500","4,100","135,400", n/a , n/a , n/a , n/a , n/a , n/a , n/a , n/a , n/a , n/a , n/a , n/a , n/a , n/a , n/a , n/a , n/a , n/a ," 11,700 "," 12,600 "," 147,610 ","11,700","12,600","146,620","12,100","13,000","136,560","12,600","13,500","115,400","12,600","13,600","121,020", n/a , n/a , n/a , n/a , n/a , n/a , n/a , n/a , n/a , n/a , n/a , n/a , n/a , n/a , n/a , n/a , n/a , n/a 
3,End terrace,3End terrace," 3,900 "," 4,500 "," 58,020 ","3,900","4,600","56,220","4,000","4,500","57,030","3,900","4,500","49,270","4,100","4,700","49,730", n/a , n/a , n/a , n/a , n/a , n/a , n/a , n/a , n/a , n/a , n/a , n/a , n/a , n/a , n/a , n/a , n/a , n/a ," 12,500 "," 13,500 "," 56,630 ","12,600","13,600","53,680","13,000","14,000","50,240","13,500","14,500","43,210","13,600","14,700","45,230", n/a , n/a , n/a , n/a , n/a , n/a , n/a , n/a , n/a , n/a , n/a , n/a , n/a , n/a , n/a , n/a , n/a , n/a 
4,End terrace,4End terrace," 4,300 "," 5,000 "," 23,310 ","4,300","5,000","23,170","4,400","5,000","23,480","4,300","5,000","20,340","4,600","5,200","20,530", n/a , n/a , n/a , n/a , n/a , n/a , n/a , n/a , n/a , n/a , n/a , n/a , n/a , n/a , n/a , n/a , n/a , n/a ," 13,500 "," 14,600 "," 22,900 ","13,500","14,600","22,330","14,000","15,100","20,880","14,400","15,700","17,950","14,700","15,900","18,780", n/a , n/a , n/a , n/a , n/a , n/a , n/a , n/a , n/a , n/a , n/a , n/a , n/a , n/a , n/a , n/a , n/a , n/a 
5 or more,End terrace,5 or moreEnd terrace," 4,800 "," 5,500 "," 10,650 ","4,800","5,600","10,820","5,000","5,600","10,990","4,700","5,500","9,660","5,000","5,700","9,740", n/a , n/a , n/a , n/a , n/a , n/a , n/a , n/a , n/a , n/a , n/a , n/a , n/a , n/a , n/a , n/a , n/a , n/a ," 15,200 "," 16,700 "," 10,570 ","14,900","16,500","10,470","15,500","17,100","9,770","16,000","17,500","8,560","16,500","18,000","8,910", n/a , n/a , n/a , n/a , n/a , n/a , n/a , n/a , n/a , n/a , n/a , n/a , n/a , n/a , n/a , n/a , n/a , n/a 
1,Mid terrace,1Mid terrace," 2,400 "," 3,000 "," 253,380 ","2,500","3,100","269,660","2,400","3,000","272,900","2,500","3,100","242,600","2,500","3,100","245,630", n/a , n/a , n/a , n/a , n/a , n/a , n/a , n/a , n/a , n/a , n/a , n/a , n/a , n/a , n/a , n/a , n/a , n/a ," 9,300 "," 10,100 "," 250,100 ","9,400","10,200","260,100","9,700","10,500","240,270","10,200","11,000","210,880","10,200","11,000","220,680", n/a , n/a , n/a , n/a , n/a , n/a , n/a , n/a , n/a , n/a , n/a , n/a , n/a , n/a , n/a , n/a , n/a , n/a 
2,Mid terrace,2Mid terrace," 3,100 "," 3,700 "," 325,400 ","3,200","3,700","331,370","3,200","3,700","334,720","3,200","3,800","284,500","3,300","3,900","286,860", n/a , n/a , n/a , n/a , n/a , n/a , n/a , n/a , n/a , n/a , n/a , n/a , n/a , n/a , n/a , n/a , n/a , n/a ," 10,700 "," 11,600 "," 321,890 ","10,800","11,600","319,870","11,200","12,000","297,500","11,700","12,500","249,760","11,700","12,600","260,860", n/a , n/a , n/a , n/a , n/a , n/a , n/a , n/a , n/a , n/a , n/a , n/a , n/a , n/a , n/a , n/a , n/a , n/a 
3,Mid terrace,3Mid terrace," 3,600 "," 4,200 "," 123,570 ","3,600","4,200","118,860","3,700","4,200","120,450","3,600","4,200","103,990","3,800","4,400","105,050", n/a , n/a , n/a , n/a , n/a , n/a , n/a , n/a , n/a , n/a , n/a , n/a , n/a , n/a , n/a , n/a , n/a , n/a ," 11,600 "," 12,600 "," 123,080 ","11,700","12,700","116,270","12,200","13,100","108,700","12,600","13,500","92,830","12,700","13,700","96,920", n/a , n/a , n/a , n/a , n/a , n/a , n/a , n/a , n/a , n/a , n/a , n/a , n/a , n/a , n/a , n/a , n/a , n/a 
4,Mid terrace,4Mid terrace," 4,000 "," 4,600 "," 49,600 ","4,100","4,700","49,560","4,100","4,700","50,140","4,000","4,600","42,950","4,200","4,800","43,320", n/a , n/a , n/a , n/a , n/a , n/a , n/a , n/a , n/a , n/a , n/a , n/a , n/a , n/a , n/a , n/a , n/a , n/a ," 12,700 "," 13,800 "," 49,560 ","12,600","13,700","48,580","13,100","14,300","45,450","13,600","14,700","38,310","13,800","15,000","40,090", n/a , n/a , n/a , n/a , n/a , n/a , n/a , n/a , n/a , n/a , n/a , n/a , n/a , n/a , n/a , n/a , n/a , n/a 
5 or more,Mid terrace,5 or moreMid terrace," 4,400 "," 5,100 "," 25,080 ","4,400","5,200","25,810","4,500","5,100","26,140","4,300","5,000","22,940","4,600","5,300","23,210", n/a , n/a , n/a , n/a , n/a , n/a , n/a , n/a , n/a , n/a , n/a , n/a , n/a , n/a , n/a , n/a , n/a , n/a ," 14,500 "," 15,900 "," 25,210 ","14,200","15,600","25,470","14,900","16,300","23,890","15,000","16,500","20,780","15,600","17,100","21,600", n/a , n/a , n/a , n/a , n/a , n/a , n/a , n/a , n/a , n/a , n/a , n/a , n/a , n/a , n/a , n/a , n/a , n/a 
1,Bungalow,1Bungalow," 2,200 "," 3,100 "," 162,300 ","2,300","3,200","169,270","2,300","3,100","173,310","2,300","3,200","151,960","2,300","3,200","153,020", n/a , n/a , n/a , n/a , n/a , n/a , n/a , n/a , n/a , n/a , n/a , n/a , n/a , n/a , n/a , n/a , n/a , n/a ," 11,000 "," 12,100 "," 146,380 ","11,000","12,000","146,760","11,300","12,400","139,580","11,800","12,800","120,900","11,800","12,800","126,280", n/a , n/a , n/a , n/a , n/a , n/a , n/a , n/a , n/a , n/a , n/a , n/a , n/a , n/a , n/a , n/a , n/a , n/a 
2,Bungalow,2Bungalow," 3,200 "," 4,000 "," 174,470 ","3,200","4,100","183,560","3,300","4,000","187,840","3,300","4,100","160,570","3,400","4,200","161,230", n/a , n/a , n/a , n/a , n/a , n/a , n/a , n/a , n/a , n/a , n/a , n/a , n/a , n/a , n/a , n/a , n/a , n/a ," 12,900 "," 14,000 "," 154,550 ","12,900","14,000","156,360","13,300","14,300","148,880","13,900","14,900","125,200","13,700","14,800","130,640", n/a , n/a , n/a , n/a , n/a , n/a , n/a , n/a , n/a , n/a , n/a , n/a , n/a , n/a , n/a , n/a , n/a , n/a 
3,Bungalow,3Bungalow," 4,100 "," 5,000 "," 37,090 ","4,200","5,100","37,250","4,300","5,100","38,350","4,100","5,100","36,210","4,300","5,200","36,430", n/a , n/a , n/a , n/a , n/a , n/a , n/a , n/a , n/a , n/a , n/a , n/a , n/a , n/a , n/a , n/a , n/a , n/a ," 14,600 "," 15,900 "," 32,350 ","14,800","15,900","31,240","15,200","16,400","29,670","15,800","16,900","27,750","15,700","16,900","28,960", n/a , n/a , n/a , n/a , n/a , n/a , n/a , n/a , n/a , n/a , n/a , n/a , n/a , n/a , n/a , n/a , n/a , n/a 
4,Bungalow,4Bungalow," 4,900 "," 5,800 "," 11,220 ","5,000","6,000","11,750","5,100","6,000","12,080","5,000","5,900","11,000","5,300","6,100","11,090", n/a , n/a , n/a , n/a , n/a , n/a , n/a , n/a , n/a , n/a , n/a , n/a , n/a , n/a , n/a , n/a , n/a , n/a ," 16,700 "," 17,900 "," 9,720 ","16,600","17,800","9,690","17,100","18,400","9,160","17,800","18,900","8,230","17,700","19,000","8,620", n/a , n/a , n/a , n/a , n/a , n/a , n/a , n/a , n/a , n/a , n/a , n/a , n/a , n/a , n/a , n/a , n/a , n/a 
5 or more,Bungalow,5 or moreBungalow," 5,800 "," 6,700 "," 3,530 ","5,700","7,200","3,790","6,000","7,000","3,920","5,700","6,700","3,570","6,000","7,000","3,590", n/a , n/a , n/a , n/a , n/a , n/a , n/a , n/a , n/a , n/a , n/a , n/a , n/a , n/a , n/a , n/a , n/a , n/a ," 18,400 "," 19,800 "," 2,960 ","18,500","19,800","3,020","19,100","20,500","2,830","19,800","21,100","2,610","19,800","21,200","2,700", n/a , n/a , n/a , n/a , n/a , n/a , n/a , n/a , n/a , n/a , n/a , n/a , n/a , n/a , n/a , n/a , n/a , n/a 
1,Converted flat,1Converted flat," 2,400 "," 3,700 "," 32,980 ","2,500","3,900","35,160","2,400","3,400","40,380","2,500","3,700","38,170","2,500","3,600","38,820", n/a , n/a , n/a , n/a , n/a , n/a , n/a , n/a , n/a , n/a , n/a , n/a , n/a , n/a , n/a , n/a , n/a , n/a ," 7,300 "," 8,600 "," 21,950 ","7,300","8,700","22,990","7,600","9,000","21,090","8,000","9,500","23,760","8,000","9,500","24,980", n/a , n/a , n/a , n/a , n/a , n/a , n/a , n/a , n/a , n/a , n/a , n/a , n/a , n/a , n/a , n/a , n/a , n/a 
2,Converted flat,2Converted flat," 2,800 "," 4,100 "," 24,580 ","2,900","4,400","24,980","2,800","3,800","28,770","2,900","4,100","26,140","3,000","4,100","26,460", n/a , n/a , n/a , n/a , n/a , n/a , n/a , n/a , n/a , n/a , n/a , n/a , n/a , n/a , n/a , n/a , n/a , n/a ," 8,600 "," 10,000 "," 17,480 ","8,600","10,000","17,460","8,900","10,400","15,950","9,400","11,000","16,780","9,400","11,100","17,600", n/a , n/a , n/a , n/a , n/a , n/a , n/a , n/a , n/a , n/a , n/a , n/a , n/a , n/a , n/a , n/a , n/a , n/a 
3,Converted flat,3Converted flat," 3,100 "," 4,600 "," 7,050 ","3,300","5,000","6,740","3,100","4,200","7,680","3,200","4,400","7,770","3,300","4,400","7,890", n/a , n/a , n/a , n/a , n/a , n/a , n/a , n/a , n/a , n/a , n/a , n/a , n/a , n/a , n/a , n/a , n/a , n/a ," 9,900 "," 11,400 "," 5,620 ","10,100","11,800","5,090","10,500","12,200","4,680","10,800","12,600","5,610","10,900","12,800","5,870", n/a , n/a , n/a , n/a , n/a , n/a , n/a , n/a , n/a , n/a , n/a , n/a , n/a , n/a , n/a , n/a , n/a , n/a 
4,Converted flat,4Converted flat," 3,700 "," 5,200 "," 2,190 ","4,000","5,700","2,270","3,700","4,800","2,610","3,600","5,000","2,670","3,800","5,000","2,690", n/a , n/a , n/a , n/a , n/a , n/a , n/a , n/a , n/a , n/a , n/a , n/a , n/a , n/a , n/a , n/a , n/a , n/a ," 11,800 "," 13,500 "," 1,940 ","11,800","13,600","1,880","12,500","14,300","1,750","12,300","14,500","2,010","12,500","14,700","2,120", n/a , n/a , n/a , n/a , n/a , n/a , n/a , n/a , n/a , n/a , n/a , n/a , n/a , n/a , n/a , n/a , n/a , n/a 
5 or more,Converted flat,5 or moreConverted flat," 4,600 "," 6,500 "," 1,230 ","5,100","8,000","1,390","4,200","5,400","1,580","4,400","5,800","1,820","4,600","5,800","1,840", n/a , n/a , n/a , n/a , n/a , n/a , n/a , n/a , n/a , n/a , n/a , n/a , n/a , n/a , n/a , n/a , n/a , n/a ," 14,600 "," 16,200 "," 1,210 ","13,900","16,200","1,230","14,900","17,000","1,180","14,000","16,500","1,460","14,600","16,900","1,520", n/a , n/a , n/a , n/a , n/a , n/a , n/a , n/a , n/a , n/a , n/a , n/a , n/a , n/a , n/a , n/a , n/a , n/a 
1,Purpose built flat,1Purpose built flat," 2,100 "," 3,200 "," 303,560 ","2,200","3,200","322,390","2,100","3,000","342,150","2,200","3,200","300,480","2,200","3,200","304,200", n/a , n/a , n/a , n/a , n/a , n/a , n/a , n/a , n/a , n/a , n/a , n/a , n/a , n/a , n/a , n/a , n/a , n/a ," 5,900 "," 6,600 "," 192,110 ","5,900","6,600","200,170","6,100","6,800","183,210","6,400","7,100","162,400","6,500","7,200","170,320", n/a , n/a , n/a , n/a , n/a , n/a , n/a , n/a , n/a , n/a , n/a , n/a , n/a , n/a , n/a , n/a , n/a , n/a 
2,Purpose built flat,2Purpose built flat," 2,600 "," 3,600 "," 173,770 ","2,700","3,700","171,160","2,700","3,600","180,670","2,700","3,700","152,270","2,800","3,700","153,750", n/a , n/a , n/a , n/a , n/a , n/a , n/a , n/a , n/a , n/a , n/a , n/a , n/a , n/a , n/a , n/a , n/a , n/a ," 7,000 "," 7,700 "," 119,400 ","7,000","7,700","115,730","7,300","8,000","105,950","7,500","8,200","90,000","7,600","8,400","94,150", n/a , n/a , n/a , n/a , n/a , n/a , n/a , n/a , n/a , n/a , n/a , n/a , n/a , n/a , n/a , n/a , n/a , n/a 
3,Purpose built flat,3Purpose built flat," 2,900 "," 3,900 "," 42,320 ","3,100","4,100","39,890","3,100","4,000","41,910","3,000","4,000","36,840","3,200","4,100","37,310", n/a , n/a , n/a , n/a , n/a , n/a , n/a , n/a , n/a , n/a , n/a , n/a , n/a , n/a , n/a , n/a , n/a , n/a ," 8,000 "," 8,700 "," 31,060 ","8,000","8,700","29,060","8,400","9,100","26,740","8,500","9,200","23,500","8,700","9,500","24,710", n/a , n/a , n/a , n/a , n/a , n/a , n/a , n/a , n/a , n/a , n/a , n/a , n/a , n/a , n/a , n/a , n/a , n/a 
4,Purpose built flat,4Purpose built flat," 3,100 "," 4,000 "," 13,660 ","3,200","4,300","12,760","3,300","4,100","13,350","3,200","4,200","12,150","3,400","4,300","12,360", n/a , n/a , n/a , n/a , n/a , n/a , n/a , n/a , n/a , n/a , n/a , n/a , n/a , n/a , n/a , n/a , n/a , n/a ," 8,800 "," 9,700 "," 10,390 ","8,700","9,500","9,770","9,100","9,900","9,020","9,200","9,900","8,110","9,500","10,300","8,520", n/a , n/a , n/a , n/a , n/a , n/a , n/a , n/a , n/a , n/a , n/a , n/a , n/a , n/a , n/a , n/a , n/a , n/a 
5 or more,Purpose built flat,5 or morePurpose built flat," 3,400 "," 4,300 "," 6,870 ","3,400","4,500","6,530","3,500","4,300","6,840","3,400","4,400","6,300","3,600","4,600","6,410", n/a , n/a , n/a , n/a , n/a , n/a , n/a , n/a , n/a , n/a , n/a , n/a , n/a , n/a , n/a , n/a , n/a , n/a ," 9,800 "," 10,700 "," 5,600 ","9,700","10,700","5,290","10,200","11,000","4,860","10,000","10,900","4,490","10,700","11,500","4,700", n/a , n/a , n/a , n/a , n/a , n/a , n/a , n/a , n/a , n/a , n/a , n/a , n/a , n/a , n/a , n/a , n/a , n/a 
1,1 bedroom,11 bedroom," 1,900 "," 2,800 "," 219,750 ","1,900","2,900","231,950","1,900","2,700","246,090","1,900","2,900","215,190","1,900","2,900","217,820", n/a , n/a , n/a , n/a , n/a , n/a , n/a , n/a , n/a , n/a , n/a , n/a , n/a , n/a , n/a , n/a , n/a , n/a ," 5,600 "," 6,300 "," 138,740 ","5,600","6,300","142,840","5,900","6,500","132,250","6,100","6,800","116,680","6,200","6,900","121,880", n/a , n/a , n/a , n/a , n/a , n/a , n/a , n/a , n/a , n/a , n/a , n/a , n/a , n/a , n/a , n/a , n/a , n/a 
2,1 bedroom,21 bedroom," 2,300 "," 3,300 "," 90,710 ","2,400","3,400","89,870","2,400","3,200","95,240","2,400","3,400","82,440","2,400","3,400","83,320", n/a , n/a , n/a , n/a , n/a , n/a , n/a , n/a , n/a , n/a , n/a , n/a , n/a , n/a , n/a , n/a , n/a , n/a ," 6,400 "," 7,200 "," 60,970 ","6,400","7,300","59,390","6,700","7,500","54,910","7,000","7,800","47,900","7,100","8,000","50,040", n/a , n/a , n/a , n/a , n/a , n/a , n/a , n/a , n/a , n/a , n/a , n/a , n/a , n/a , n/a , n/a , n/a , n/a 
3,1 bedroom,31 bedroom," 2,600 "," 3,700 "," 15,410 ","2,700","3,800","14,360","2,700","3,600","15,350","2,700","3,700","14,570","2,800","3,800","14,750", n/a , n/a , n/a , n/a , n/a , n/a , n/a , n/a , n/a , n/a , n/a , n/a , n/a , n/a , n/a , n/a , n/a , n/a ," 7,100 "," 8,100 "," 10,820 ","7,100","8,200","9,890","7,400","8,600","9,120","7,600","8,900","8,930","7,800","9,100","9,420", n/a , n/a , n/a , n/a , n/a , n/a , n/a , n/a , n/a , n/a , n/a , n/a , n/a , n/a , n/a , n/a , n/a , n/a 
4,1 bedroom,41 bedroom," 2,900 "," 4,100 "," 3,580 ","3,000","4,300","3,500","3,000","4,000","3,770","2,900","3,900","3,610","3,100","4,000","3,680", n/a , n/a , n/a , n/a , n/a , n/a , n/a , n/a , n/a , n/a , n/a , n/a , n/a , n/a , n/a , n/a , n/a , n/a ," 8,000 "," 9,600 "," 2,630 ","7,800","9,300","2,510","8,300","9,900","2,340","8,300","10,100","2,250","8,600","10,400","2,360", n/a , n/a , n/a , n/a , n/a , n/a , n/a , n/a , n/a , n/a , n/a , n/a , n/a , n/a , n/a , n/a , n/a , n/a 
5 or more,1 bedroom,5 or more1 bedroom," 3,100 "," 4,600 "," 1,410 ","3,400","5,800","1,430","3,300","4,600","1,540","3,500","4,700","1,600","3,800","4,800","1,620", n/a , n/a , n/a , n/a , n/a , n/a , n/a , n/a , n/a , n/a , n/a , n/a , n/a , n/a , n/a , n/a , n/a , n/a ," 9,200 "," 11,200 "," 1,150 ","9,700","12,100","1,140","9,900","12,500","1,060","10,200","12,400","1,090","10,600","12,900","1,130", n/a , n/a , n/a , n/a , n/a , n/a , n/a , n/a , n/a , n/a , n/a , n/a , n/a , n/a , n/a , n/a , n/a , n/a 
1,2 bedrooms,12 bedrooms," 2,300 "," 3,100 "," 432,440 ","2,400","3,200","460,370","2,300","3,100","476,920","2,400","3,300","423,220","2,400","3,300","428,030", n/a , n/a , n/a , n/a , n/a , n/a , n/a , n/a , n/a , n/a , n/a , n/a , n/a , n/a , n/a , n/a , n/a , n/a ," 8,700 "," 9,500 "," 374,750 ","8,800","9,500","387,730","9,100","9,800","359,550","9,500","10,200","319,300","9,400","10,300","334,600", n/a , n/a , n/a , n/a , n/a , n/a , n/a , n/a , n/a , n/a , n/a , n/a , n/a , n/a , n/a , n/a , n/a , n/a 
2,2 bedrooms,22 bedrooms," 2,900 "," 3,700 "," 432,790 ","3,000","3,800","446,880","3,000","3,700","460,210","3,000","3,800","388,910","3,100","3,900","391,590", n/a , n/a , n/a , n/a , n/a , n/a , n/a , n/a , n/a , n/a , n/a , n/a , n/a , n/a , n/a , n/a , n/a , n/a ," 10,000 "," 10,900 "," 383,730 ","10,100","11,000","385,460","10,500","11,300","359,520","10,900","11,700","302,130","10,900","11,800","315,580", n/a , n/a , n/a , n/a , n/a , n/a , n/a , n/a , n/a , n/a , n/a , n/a , n/a , n/a , n/a , n/a , n/a , n/a 
3,2 bedrooms,32 bedrooms," 3,400 "," 4,100 "," 113,310 ","3,400","4,200","110,050","3,500","4,200","113,530","3,400","4,200","100,140","3,600","4,300","101,100", n/a , n/a , n/a , n/a , n/a , n/a , n/a , n/a , n/a , n/a , n/a , n/a , n/a , n/a , n/a , n/a , n/a , n/a ," 10,700 "," 11,700 "," 102,010 ","10,800","11,800","96,830","11,300","12,300","90,570","11,600","12,500","79,290","11,700","12,700","82,920", n/a , n/a , n/a , n/a , n/a , n/a , n/a , n/a , n/a , n/a , n/a , n/a , n/a , n/a , n/a , n/a , n/a , n/a 
4,2 bedrooms,42 bedrooms," 3,700 "," 4,400 "," 34,400 ","3,800","4,600","34,150","3,900","4,600","35,180","3,700","4,600","31,530","3,900","4,700","31,870", n/a , n/a , n/a , n/a , n/a , n/a , n/a , n/a , n/a , n/a , n/a , n/a , n/a , n/a , n/a , n/a , n/a , n/a ," 11,600 "," 12,700 "," 31,220 ","11,700","12,800","30,330","12,200","13,300","28,340","12,300","13,500","25,140","12,600","13,700","26,290", n/a , n/a , n/a , n/a , n/a , n/a , n/a , n/a , n/a , n/a , n/a , n/a , n/a , n/a , n/a , n/a , n/a , n/a 
5 or more,2 bedrooms,5 or more2 bedrooms," 3,800 "," 4,800 "," 12,710 ","4,000","5,100","12,750","4,100","4,900","13,180","3,900","4,800","12,140","4,100","5,100","12,310", n/a , n/a , n/a , n/a , n/a , n/a , n/a , n/a , n/a , n/a , n/a , n/a , n/a , n/a , n/a , n/a , n/a , n/a ," 12,500 "," 13,900 "," 11,600 ","12,300","13,700","11,350","13,100","14,400","10,600","12,900","14,400","9,650","13,400","14,900","10,050", n/a , n/a , n/a , n/a , n/a , n/a , n/a , n/a , n/a , n/a , n/a , n/a , n/a , n/a , n/a , n/a , n/a , n/a 
1,3 bedrooms,13 bedrooms," 2,600 "," 3,200 "," 501,940 ","2,700","3,400","540,350","2,600","3,300","549,770","2,700","3,400","486,660","2,700","3,400","491,070", n/a , n/a , n/a , n/a , n/a , n/a , n/a , n/a , n/a , n/a , n/a , n/a , n/a , n/a , n/a , n/a , n/a , n/a ," 11,400 "," 12,200 "," 486,710 ","11,500","12,300","509,610","11,900","12,700","475,520","12,400","13,200","416,450","12,300","13,200","436,200", n/a , n/a , n/a , n/a , n/a , n/a , n/a , n/a , n/a , n/a , n/a , n/a , n/a , n/a , n/a , n/a , n/a , n/a 
2,3 bedrooms,23 bedrooms," 3,500 "," 4,100 "," 832,230 ","3,500","4,100","856,330","3,500","4,100","870,180","3,600","4,200","742,720","3,700","4,300","747,670", n/a , n/a , n/a , n/a , n/a , n/a , n/a , n/a , n/a , n/a , n/a , n/a , n/a , n/a , n/a , n/a , n/a , n/a ," 12,800 "," 13,600 "," 805,120 ","12,900","13,700","804,410","13,300","14,100","753,760","13,900","14,700","637,350","13,800","14,600","666,780", n/a , n/a , n/a , n/a , n/a , n/a , n/a , n/a , n/a , n/a , n/a , n/a , n/a , n/a , n/a , n/a , n/a , n/a 
3,3 bedrooms,33 bedrooms," 4,000 "," 4,500 "," 315,440 ","4,000","4,600","312,520","4,100","4,700","317,760","4,000","4,600","275,220","4,200","4,800","277,510", n/a , n/a , n/a , n/a , n/a , n/a , n/a , n/a , n/a , n/a , n/a , n/a , n/a , n/a , n/a , n/a , n/a , n/a ," 13,400 "," 14,300 "," 307,230 ","13,500","14,400","297,120","14,000","14,900","279,160","14,500","15,400","239,340","14,500","15,500","249,930", n/a , n/a , n/a , n/a , n/a , n/a , n/a , n/a , n/a , n/a , n/a , n/a , n/a , n/a , n/a , n/a , n/a , n/a 
4,3 bedrooms,43 bedrooms," 4,400 "," 5,000 "," 128,760 ","4,400","5,100","132,790","4,600","5,100","134,890","4,400","5,000","114,890","4,700","5,300","115,770", n/a , n/a , n/a , n/a , n/a , n/a , n/a , n/a , n/a , n/a , n/a , n/a , n/a , n/a , n/a , n/a , n/a , n/a ," 14,200 "," 15,200 "," 125,970 ","14,300","15,200","126,660","14,800","15,800","119,160","15,200","16,200","100,080","15,400","16,400","104,650", n/a , n/a , n/a , n/a , n/a , n/a , n/a , n/a , n/a , n/a , n/a , n/a , n/a , n/a , n/a , n/a , n/a , n/a 
5 or more,3 bedrooms,5 or more3 bedrooms," 4,700 "," 5,400 "," 53,050 ","4,700","5,500","54,370","4,900","5,500","55,320","4,700","5,400","47,720","5,000","5,600","48,120", n/a , n/a , n/a , n/a , n/a , n/a , n/a , n/a , n/a , n/a , n/a , n/a , n/a , n/a , n/a , n/a , n/a , n/a ," 15,300 "," 16,600 "," 52,100 ","15,200","16,500","52,230","15,900","17,100","49,110","16,100","17,300","41,880","16,500","17,800","43,710", n/a , n/a , n/a , n/a , n/a , n/a , n/a , n/a , n/a , n/a , n/a , n/a , n/a , n/a , n/a , n/a , n/a , n/a 
1,4 bedrooms,14 bedrooms," 3,200 "," 3,900 "," 82,830 ","3,400","4,200","87,880","3,300","4,100","90,700","3,500","4,300","83,260","3,500","4,300","83,940", n/a , n/a , n/a , n/a , n/a , n/a , n/a , n/a , n/a , n/a , n/a , n/a , n/a , n/a , n/a , n/a , n/a , n/a ," 15,800 "," 16,900 "," 76,280 ","15,800","17,000","78,670","16,200","17,500","72,810","16,900","18,100","67,080","16,600","17,800","70,620", n/a , n/a , n/a , n/a , n/a , n/a , n/a , n/a , n/a , n/a , n/a , n/a , n/a , n/a , n/a , n/a , n/a , n/a 
2,4 bedrooms,24 bedrooms," 4,200 "," 4,900 "," 208,050 ","4,300","5,100","206,070","4,300","5,000","212,280","4,400","5,100","188,270","4,600","5,200","189,290", n/a , n/a , n/a , n/a , n/a , n/a , n/a , n/a , n/a , n/a , n/a , n/a , n/a , n/a , n/a , n/a , n/a , n/a ," 17,000 "," 18,200 "," 192,070 ","17,000","18,300","183,950","17,600","18,800","169,930","18,200","19,500","151,670","17,900","19,300","159,850", n/a , n/a , n/a , n/a , n/a , n/a , n/a , n/a , n/a , n/a , n/a , n/a , n/a , n/a , n/a , n/a , n/a , n/a 
3,4 bedrooms,34 bedrooms," 4,700 "," 5,400 "," 86,670 ","4,700","5,600","83,060","4,900","5,500","85,280","4,800","5,500","78,250","5,000","5,800","78,810", n/a , n/a , n/a , n/a , n/a , n/a , n/a , n/a , n/a , n/a , n/a , n/a , n/a , n/a , n/a , n/a , n/a , n/a ," 17,600 "," 19,000 "," 81,350 ","17,700","19,000","75,140","18,300","19,600","69,660","18,900","20,200","64,010","18,800","20,200","67,320", n/a , n/a , n/a , n/a , n/a , n/a , n/a , n/a , n/a , n/a , n/a , n/a , n/a , n/a , n/a , n/a , n/a , n/a 
4,4 bedrooms,44 bedrooms," 5,100 "," 5,800 "," 41,730 ","5,100","6,000","41,910","5,300","6,000","43,020","5,100","5,900","38,760","5,500","6,200","39,090", n/a , n/a , n/a , n/a , n/a , n/a , n/a , n/a , n/a , n/a , n/a , n/a , n/a , n/a , n/a , n/a , n/a , n/a ," 18,400 "," 19,700 "," 39,290 ","18,500","19,800","38,320","19,200","20,500","35,450","19,700","21,000","31,980","19,700","21,000","33,750", n/a , n/a , n/a , n/a , n/a , n/a , n/a , n/a , n/a , n/a , n/a , n/a , n/a , n/a , n/a , n/a , n/a , n/a 
5 or more,4 bedrooms,5 or more4 bedrooms," 5,600 "," 6,400 "," 19,280 ","5,600","6,700","20,240","5,700","6,500","20,680","5,500","6,400","18,530","5,900","6,700","18,630", n/a , n/a , n/a , n/a , n/a , n/a , n/a , n/a , n/a , n/a , n/a , n/a , n/a , n/a , n/a , n/a , n/a , n/a ," 19,300 "," 20,800 "," 18,310 ","19,300","20,800","18,460","20,100","21,500","17,050","20,500","21,800","15,320","20,700","22,100","16,040", n/a , n/a , n/a , n/a , n/a , n/a , n/a , n/a , n/a , n/a , n/a , n/a , n/a , n/a , n/a , n/a , n/a , n/a 
1,5 or more bedrooms,15 or more bedrooms," 4,200 "," 5,400 "," 14,960 ","4,500","6,200","16,110","4,400","5,600","16,680","4,600","5,900","16,060","4,700","6,000","16,270", n/a , n/a , n/a , n/a , n/a , n/a , n/a , n/a , n/a , n/a , n/a , n/a , n/a , n/a , n/a , n/a , n/a , n/a ," 20,900 "," 22,200 "," 12,130 ","21,000","22,100","12,470","21,600","22,800","11,390","22,400","23,400","11,040","22,000","23,100","11,660", n/a , n/a , n/a , n/a , n/a , n/a , n/a , n/a , n/a , n/a , n/a , n/a , n/a , n/a , n/a , n/a , n/a , n/a 
2,5 or more bedrooms,25 or more bedrooms," 5,300 "," 6,500 "," 41,810 ","5,500","7,200","40,520","5,400","6,600","41,740","5,600","6,900","39,300","5,800","7,000","39,660", n/a , n/a , n/a , n/a , n/a , n/a , n/a , n/a , n/a , n/a , n/a , n/a , n/a , n/a , n/a , n/a , n/a , n/a ," 22,800 "," 24,000 "," 33,940 ","23,000","24,100","30,960","23,600","24,700","28,210","24,600","25,500","26,780","24,100","25,200","28,280", n/a , n/a , n/a , n/a , n/a , n/a , n/a , n/a , n/a , n/a , n/a , n/a , n/a , n/a , n/a , n/a , n/a , n/a 
3,5 or more bedrooms,35 or more bedrooms," 5,800 "," 6,900 "," 20,030 ","5,900","7,800","18,760","6,000","7,100","19,240","6,000","7,200","18,590","6,300","7,500","18,790", n/a , n/a , n/a , n/a , n/a , n/a , n/a , n/a , n/a , n/a , n/a , n/a , n/a , n/a , n/a , n/a , n/a , n/a ," 23,600 "," 24,800 "," 16,480 ","23,900","24,900","14,370","24,600","25,500","13,150","25,400","26,200","12,840","25,000","26,000","13,510", n/a , n/a , n/a , n/a , n/a , n/a , n/a , n/a , n/a , n/a , n/a , n/a , n/a , n/a , n/a , n/a , n/a , n/a 
4,5 or more bedrooms,45 or more bedrooms," 6,200 "," 7,300 "," 10,610 ","6,400","8,200","10,850","6,500","7,600","11,070","6,500","7,700","10,310","6,800","7,900","10,370", n/a , n/a , n/a , n/a , n/a , n/a , n/a , n/a , n/a , n/a , n/a , n/a , n/a , n/a , n/a , n/a , n/a , n/a ," 24,700 "," 25,600 "," 8,820 ","24,700","25,700","8,390","25,500","26,500","7,630","26,100","27,000","7,110","26,300","27,000","7,440", n/a , n/a , n/a , n/a , n/a , n/a , n/a , n/a , n/a , n/a , n/a , n/a , n/a , n/a , n/a , n/a , n/a , n/a 
5 or more,5 or more bedrooms,5 or more5 or more bedrooms," 6,800 "," 8,000 "," 6,530 ","7,100","9,100","7,330","7,100","8,300","7,390","7,000","8,300","7,320","7,300","8,500","7,400", n/a , n/a , n/a , n/a , n/a , n/a , n/a , n/a , n/a , n/a , n/a , n/a , n/a , n/a , n/a , n/a , n/a , n/a ," 25,300 "," 26,100 "," 5,590 ","25,200","25,900","5,650","25,900","26,600","5,110","26,400","26,900","5,060","26,400","27,100","5,320", n/a , n/a , n/a , n/a , n/a , n/a , n/a , n/a , n/a , n/a , n/a , n/a , n/a , n/a , n/a , n/a , n/a , n/a 
1,50 or less,150 or less," 2,000 "," 3,100 "," 272,230 ","2,100","3,200","288,290","2,000","2,900","306,610","2,100","3,100","266,030","2,100","3,100","269,320", n/a , n/a , n/a , n/a , n/a , n/a , n/a , n/a , n/a , n/a , n/a , n/a , n/a , n/a , n/a , n/a , n/a , n/a ," 5,700 "," 6,400 "," 168,130 ","5,700","6,400","174,660","5,900","6,600","160,440","6,200","6,900","141,630","6,200","7,000","148,320", n/a , n/a , n/a , n/a , n/a , n/a , n/a , n/a , n/a , n/a , n/a , n/a , n/a , n/a , n/a , n/a , n/a , n/a 
2,50 or less,250 or less," 2,500 "," 3,500 "," 139,470 ","2,600","3,700","137,880","2,600","3,500","146,280","2,500","3,600","120,930","2,600","3,600","122,130", n/a , n/a , n/a , n/a , n/a , n/a , n/a , n/a , n/a , n/a , n/a , n/a , n/a , n/a , n/a , n/a , n/a , n/a ," 6,700 "," 7,500 "," 93,110 ","6,700","7,500","90,650","7,000","7,800","82,990","7,100","7,700","69,360","7,200","7,900","72,620", n/a , n/a , n/a , n/a , n/a , n/a , n/a , n/a , n/a , n/a , n/a , n/a , n/a , n/a , n/a , n/a , n/a , n/a 
3,50 or less,350 or less," 2,800 "," 3,900 "," 30,340 ","2,900","4,100","28,370","2,900","3,900","30,080","2,800","3,900","26,020","3,000","3,900","26,380", n/a , n/a , n/a , n/a , n/a , n/a , n/a , n/a , n/a , n/a , n/a , n/a , n/a , n/a , n/a , n/a , n/a , n/a ," 7,600 "," 8,600 "," 21,570 ","7,600","8,700","19,790","8,000","9,000","18,180","7,900","8,700","15,970","8,000","8,900","16,830", n/a , n/a , n/a , n/a , n/a , n/a , n/a , n/a , n/a , n/a , n/a , n/a , n/a , n/a , n/a , n/a , n/a , n/a 
4,50 or less,450 or less," 3,000 "," 4,200 "," 8,430 ","3,200","4,500","7,960","3,200","4,200","8,430","3,000","4,100","7,570","3,200","4,100","7,670", n/a , n/a , n/a , n/a , n/a , n/a , n/a , n/a , n/a , n/a , n/a , n/a , n/a , n/a , n/a , n/a , n/a , n/a ," 8,500 "," 9,800 "," 6,250 ","8,500","9,900","5,830","8,900","10,200","5,400","8,500","9,500","4,800","8,800","9,900","5,020", n/a , n/a , n/a , n/a , n/a , n/a , n/a , n/a , n/a , n/a , n/a , n/a , n/a , n/a , n/a , n/a , n/a , n/a 
5 or more,50 or less,5 or more50 or less," 3,200 "," 4,600 "," 3,710 ","3,400","5,300","3,670","3,400","4,500","3,910","3,200","4,400","3,460","3,500","4,500","3,510", n/a , n/a , n/a , n/a , n/a , n/a , n/a , n/a , n/a , n/a , n/a , n/a , n/a , n/a , n/a , n/a , n/a , n/a ," 9,600 "," 11,200 "," 3,000 ","9,600","11,500","2,890","10,200","12,000","2,680","9,500","11,100","2,380","10,200","11,700","2,470", n/a , n/a , n/a , n/a , n/a , n/a , n/a , n/a , n/a , n/a , n/a , n/a , n/a , n/a , n/a , n/a , n/a , n/a 
1,51 to 100,151 to 100," 2,300 "," 3,000 "," 674,960 ","2,400","3,100","721,580","2,400","3,000","738,060","2,400","3,200","651,760","2,500","3,200","658,250", n/a , n/a , n/a , n/a , n/a , n/a , n/a , n/a , n/a , n/a , n/a , n/a , n/a , n/a , n/a , n/a , n/a , n/a ," 9,600 "," 10,200 "," 638,050 ","9,700","10,300","663,020","10,000","10,600","617,910","10,500","11,000","541,070","10,400","11,000","566,200", n/a , n/a , n/a , n/a , n/a , n/a , n/a , n/a , n/a , n/a , n/a , n/a , n/a , n/a , n/a , n/a , n/a , n/a 
2,51 to 100,251 to 100," 3,200 "," 3,800 "," 840,450 ","3,200","3,800","871,920","3,200","3,800","887,290","3,200","3,800","751,320","3,300","3,900","756,040", n/a , n/a , n/a , n/a , n/a , n/a , n/a , n/a , n/a , n/a , n/a , n/a , n/a , n/a , n/a , n/a , n/a , n/a ," 11,000 "," 11,600 "," 805,480 ","11,100","11,700","812,290","11,500","12,000","761,060","11,900","12,500","637,790","11,900","12,500","666,020", n/a , n/a , n/a , n/a , n/a , n/a , n/a , n/a , n/a , n/a , n/a , n/a , n/a , n/a , n/a , n/a , n/a , n/a 
3,51 to 100,351 to 100," 3,700 "," 4,300 "," 275,120 ","3,700","4,300","271,510","3,800","4,300","276,550","3,700","4,300","238,230","3,900","4,500","240,300", n/a , n/a , n/a , n/a , n/a , n/a , n/a , n/a , n/a , n/a , n/a , n/a , n/a , n/a , n/a , n/a , n/a , n/a ," 11,700 "," 12,400 "," 266,840 ","11,800","12,500","257,480","12,300","12,900","241,960","12,700","13,300","206,480","12,800","13,400","215,460", n/a , n/a , n/a , n/a , n/a , n/a , n/a , n/a , n/a , n/a , n/a , n/a , n/a , n/a , n/a , n/a , n/a , n/a 
4,51 to 100,451 to 100," 4,100 "," 4,700 "," 100,030 ","4,100","4,800","102,410","4,300","4,800","104,220","4,100","4,700","88,300","4,300","4,900","89,070", n/a , n/a , n/a , n/a , n/a , n/a , n/a , n/a , n/a , n/a , n/a , n/a , n/a , n/a , n/a , n/a , n/a , n/a ," 12,500 "," 13,200 "," 97,570 ","12,600","13,300","97,740","13,100","13,800","91,950","13,400","14,000","76,930","13,600","14,300","80,380", n/a , n/a , n/a , n/a , n/a , n/a , n/a , n/a , n/a , n/a , n/a , n/a , n/a , n/a , n/a , n/a , n/a , n/a 
5 or more,51 to 100,5 or more51 to 100," 4,300 "," 5,000 "," 38,390 ","4,400","5,100","38,730","4,500","5,100","39,530","4,200","4,900","34,040","4,500","5,200","34,380", n/a , n/a , n/a , n/a , n/a , n/a , n/a , n/a , n/a , n/a , n/a , n/a , n/a , n/a , n/a , n/a , n/a , n/a ," 13,300 "," 14,400 "," 37,520 ","13,300","14,200","37,200","13,800","14,900","34,970","13,900","14,900","29,770","14,300","15,300","31,040", n/a , n/a , n/a , n/a , n/a , n/a , n/a , n/a , n/a , n/a , n/a , n/a , n/a , n/a , n/a , n/a , n/a , n/a 
1,101 to 150,1101 to 150," 2,800 "," 3,400 "," 250,900 ","2,900","3,600","269,290","2,800","3,500","275,250","2,900","3,600","246,500","3,000","3,600","248,810", n/a , n/a , n/a , n/a , n/a , n/a , n/a , n/a , n/a , n/a , n/a , n/a , n/a , n/a , n/a , n/a , n/a , n/a ," 13,500 "," 14,300 "," 239,560 ","13,600","14,400","249,520","14,100","14,800","232,580","14,700","15,400","206,960","14,500","15,300","217,310", n/a , n/a , n/a , n/a , n/a , n/a , n/a , n/a , n/a , n/a , n/a , n/a , n/a , n/a , n/a , n/a , n/a , n/a 
2,101 to 150,2101 to 150," 3,700 "," 4,300 "," 485,070 ","3,800","4,400","490,300","3,800","4,300","500,540","3,800","4,400","433,580","4,000","4,500","436,300", n/a , n/a , n/a , n/a , n/a , n/a , n/a , n/a , n/a , n/a , n/a , n/a , n/a , n/a , n/a , n/a , n/a , n/a ," 14,900 "," 15,600 "," 464,180 ","15,100","15,800","454,820","15,500","16,200","424,490","16,100","16,900","366,060","16,000","16,700","384,360", n/a , n/a , n/a , n/a , n/a , n/a , n/a , n/a , n/a , n/a , n/a , n/a , n/a , n/a , n/a , n/a , n/a , n/a 
3,101 to 150,3101 to 150," 4,200 "," 4,800 "," 186,960 ","4,300","4,900","182,660","4,400","4,900","186,290","4,300","4,900","165,670","4,500","5,100","166,850", n/a , n/a , n/a , n/a , n/a , n/a , n/a , n/a , n/a , n/a , n/a , n/a , n/a , n/a , n/a , n/a , n/a , n/a ," 15,500 "," 16,400 "," 181,150 ","15,700","16,500","172,530","16,300","17,100","161,440","16,800","17,600","142,420","16,800","17,600","149,180", n/a , n/a , n/a , n/a , n/a , n/a , n/a , n/a , n/a , n/a , n/a , n/a , n/a , n/a , n/a , n/a , n/a , n/a 
4,101 to 150,4101 to 150," 4,700 "," 5,300 "," 82,220 ","4,700","5,300","83,510","4,800","5,400","85,030","4,700","5,300","74,350","5,000","5,600","74,880", n/a , n/a , n/a , n/a , n/a , n/a , n/a , n/a , n/a , n/a , n/a , n/a , n/a , n/a , n/a , n/a , n/a , n/a ," 16,400 "," 17,300 "," 80,370 ","16,500","17,300","79,480","17,100","18,000","74,290","17,600","18,400","64,450","17,600","18,500","67,630", n/a , n/a , n/a , n/a , n/a , n/a , n/a , n/a , n/a , n/a , n/a , n/a , n/a , n/a , n/a , n/a , n/a , n/a 
5 or more,101 to 150,5 or more101 to 150," 5,100 "," 5,800 "," 36,470 ","5,000","5,800","37,700","5,200","5,800","38,390","5,000","5,700","33,740","5,300","6,000","33,970", n/a , n/a , n/a , n/a , n/a , n/a , n/a , n/a , n/a , n/a , n/a , n/a , n/a , n/a , n/a , n/a , n/a , n/a ," 17,600 "," 18,700 "," 35,930 ","17,400","18,500","36,200","18,100","19,200","33,870","18,400","19,400","29,560","18,700","19,700","30,920", n/a , n/a , n/a , n/a , n/a , n/a , n/a , n/a , n/a , n/a , n/a , n/a , n/a , n/a , n/a , n/a , n/a , n/a 
1,151 to 200,1151 to 200," 3,500 "," 4,300 "," 38,740 ","3,700","4,700","41,080","3,700","4,500","42,930","3,800","4,700","39,420","3,900","4,700","39,820", n/a , n/a , n/a , n/a , n/a , n/a , n/a , n/a , n/a , n/a , n/a , n/a , n/a , n/a , n/a , n/a , n/a , n/a ," 19,500 "," 20,400 "," 32,910 ","19,400","20,400","33,910","20,100","21,000","31,350","20,800","21,600","29,170","20,400","21,400","30,750", n/a , n/a , n/a , n/a , n/a , n/a , n/a , n/a , n/a , n/a , n/a , n/a , n/a , n/a , n/a , n/a , n/a , n/a 
2,151 to 200,2151 to 200," 4,600 "," 5,300 "," 97,990 ","4,600","5,600","96,570","4,700","5,400","100,330","4,800","5,600","89,930","4,900","5,700","90,650", n/a , n/a , n/a , n/a , n/a , n/a , n/a , n/a , n/a , n/a , n/a , n/a , n/a , n/a , n/a , n/a , n/a , n/a ," 20,600 "," 21,600 "," 84,480 ","20,800","21,800","79,920","21,500","22,400","73,760","22,200","23,100","67,030","21,800","22,800","70,580", n/a , n/a , n/a , n/a , n/a , n/a , n/a , n/a , n/a , n/a , n/a , n/a , n/a , n/a , n/a , n/a , n/a , n/a 
3,151 to 200,3151 to 200," 5,100 "," 5,800 "," 39,750 ","5,200","6,200","37,660","5,200","6,100","38,980","5,100","6,000","36,470","5,400","6,200","36,800", n/a , n/a , n/a , n/a , n/a , n/a , n/a , n/a , n/a , n/a , n/a , n/a , n/a , n/a , n/a , n/a , n/a , n/a ," 21,700 "," 22,700 "," 35,360 ","21,900","22,800","31,990","22,800","23,600","29,600","23,100","24,000","27,960","22,900","23,800","29,460", n/a , n/a , n/a , n/a , n/a , n/a , n/a , n/a , n/a , n/a , n/a , n/a , n/a , n/a , n/a , n/a , n/a , n/a 
4,151 to 200,4151 to 200," 5,500 "," 6,300 "," 18,940 ","5,600","6,600","19,320","5,700","6,500","19,970","5,600","6,500","18,300","5,900","6,700","18,450", n/a , n/a , n/a , n/a , n/a , n/a , n/a , n/a , n/a , n/a , n/a , n/a , n/a , n/a , n/a , n/a , n/a , n/a ," 22,400 "," 23,500 "," 17,090 ","22,700","23,700","16,840","23,600","24,500","15,510","24,200","25,000","14,300","24,000","25,000","15,110", n/a , n/a , n/a , n/a , n/a , n/a , n/a , n/a , n/a , n/a , n/a , n/a , n/a , n/a , n/a , n/a , n/a , n/a 
5 or more,151 to 200,5 or more151 to 200," 6,100 "," 6,900 "," 9,420 ","6,100","7,300","10,100","6,200","7,100","10,320","6,100","7,100","9,690","6,400","7,300","9,770", n/a , n/a , n/a , n/a , n/a , n/a , n/a , n/a , n/a , n/a , n/a , n/a , n/a , n/a , n/a , n/a , n/a , n/a ," 23,900 "," 24,800 "," 8,680 ","23,800","24,600","8,820","24,700","25,500","8,120","25,100","25,700","7,610","25,200","25,900","7,980", n/a , n/a , n/a , n/a , n/a , n/a , n/a , n/a , n/a , n/a , n/a , n/a , n/a , n/a , n/a , n/a , n/a , n/a 
1,Over 200,1Over 200," 4,700 "," 6,100 "," 15,070 ","5,100","7,000","16,420","5,000","6,300","17,310","5,200","6,600","17,030","5,300","6,600","17,200", n/a , n/a , n/a , n/a , n/a , n/a , n/a , n/a , n/a , n/a , n/a , n/a , n/a , n/a , n/a , n/a , n/a , n/a ," 25,800 "," 26,100 "," 9,980 ","25,800","26,000","10,220","26,600","26,700","9,240","27,000","27,100","9,390","26,400","26,800","9,930", n/a , n/a , n/a , n/a , n/a , n/a , n/a , n/a , n/a , n/a , n/a , n/a , n/a , n/a , n/a , n/a , n/a , n/a 
2,Over 200,2Over 200," 5,900 "," 7,100 "," 42,610 ","6,200","8,100","43,000","6,100","7,300","45,200","6,300","7,600","42,590","6,500","7,700","43,050", n/a , n/a , n/a , n/a , n/a , n/a , n/a , n/a , n/a , n/a , n/a , n/a , n/a , n/a , n/a , n/a , n/a , n/a ," 27,300 "," 27,700 "," 28,580 ","27,300","27,800","26,490","28,000","28,400","24,020","28,800","28,900","23,220","28,300","28,600","24,500", n/a , n/a , n/a , n/a , n/a , n/a , n/a , n/a , n/a , n/a , n/a , n/a , n/a , n/a , n/a , n/a , n/a , n/a 
3,Over 200,3Over 200," 6,500 "," 7,700 "," 18,690 ","6,800","8,800","18,540","6,700","7,900","19,260","6,800","8,000","18,920","7,100","8,300","19,140", n/a , n/a , n/a , n/a , n/a , n/a , n/a , n/a , n/a , n/a , n/a , n/a , n/a , n/a , n/a , n/a , n/a , n/a ," 28,300 "," 28,500 "," 12,960 ","28,500","28,700","11,580","29,200","29,400","10,480","29,700","29,800","10,510","29,300","29,500","11,020", n/a , n/a , n/a , n/a , n/a , n/a , n/a , n/a , n/a , n/a , n/a , n/a , n/a , n/a , n/a , n/a , n/a , n/a 
4,Over 200,4Over 200," 6,900 "," 8,200 "," 9,460 ","7,200","9,300","10,010","7,300","8,500","10,270","7,200","8,400","10,000","7,500","8,700","10,110", n/a , n/a , n/a , n/a , n/a , n/a , n/a , n/a , n/a , n/a , n/a , n/a , n/a , n/a , n/a , n/a , n/a , n/a ," 29,500 "," 29,500 "," 6,650 ","29,300","29,500","6,330","30,100","30,300","5,760","30,400","30,300","5,610","30,200","30,300","5,880", n/a , n/a , n/a , n/a , n/a , n/a , n/a , n/a , n/a , n/a , n/a , n/a , n/a , n/a , n/a , n/a , n/a , n/a 
5 or more,Over 200,5 or moreOver 200," 8,000 "," 9,100 "," 5,010 ","8,200","10,600","5,910","8,000","9,200","5,950","8,100","9,300","5,940","8,400","9,600","6,000", n/a , n/a , n/a , n/a , n/a , n/a , n/a , n/a , n/a , n/a , n/a , n/a , n/a , n/a , n/a , n/a , n/a , n/a ," 30,300 "," 30,000 "," 3,600 ","30,300","30,100","3,730","31,100","30,700","3,310","31,200","30,900","3,330","31,200","31,000","3,510", n/a , n/a , n/a , n/a , n/a , n/a , n/a , n/a , n/a , n/a , n/a , n/a , n/a , n/a , n/a , n/a , n/a , n/a 
1,Owner-occupied,1Owner-occupied," 2,500 "," 3,300 "," 729,540 ","2,600","3,400","775,250","2,500","3,300","795,310","2,600","3,500","691,460","2,700","3,500","697,950", n/a , n/a , n/a , n/a , n/a , n/a , n/a , n/a , n/a , n/a , n/a , n/a , n/a , n/a , n/a , n/a , n/a , n/a ," 11,300 "," 12,400 "," 662,920 ","11,400","12,400","686,160","11,800","12,800","639,370","12,300","13,300","545,210","12,100","13,200","572,660", n/a , n/a , n/a , n/a , n/a , n/a , n/a , n/a , n/a , n/a , n/a , n/a , n/a , n/a , n/a , n/a , n/a , n/a 
2,Owner-occupied,2Owner-occupied," 3,500 "," 4,200 "," 1,148,590 ","3,600","4,300","1,195,940","3,600","4,200","1,221,750","3,600","4,400","1,092,600","3,800","4,400","1,099,340", n/a , n/a , n/a , n/a , n/a , n/a , n/a , n/a , n/a , n/a , n/a , n/a , n/a , n/a , n/a , n/a , n/a , n/a ," 13,500 "," 14,600 "," 1,071,990 ","13,600","14,600","1,083,580","14,000","15,000","1,012,480","14,500","15,500","894,100","14,300","15,400","937,470", n/a , n/a , n/a , n/a , n/a , n/a , n/a , n/a , n/a , n/a , n/a , n/a , n/a , n/a , n/a , n/a , n/a , n/a 
3,Owner-occupied,3Owner-occupied," 4,100 "," 4,800 "," 374,600 ","4,200","5,000","373,230","4,300","5,000","381,100","4,200","5,000","344,030","4,400","5,100","346,710", n/a , n/a , n/a , n/a , n/a , n/a , n/a , n/a , n/a , n/a , n/a , n/a , n/a , n/a , n/a , n/a , n/a , n/a ," 14,800 "," 16,000 "," 355,120 ","14,900","16,100","344,070","15,400","16,600","322,320","15,900","17,100","287,980","15,900","17,100","301,610", n/a , n/a , n/a , n/a , n/a , n/a , n/a , n/a , n/a , n/a , n/a , n/a , n/a , n/a , n/a , n/a , n/a , n/a 
4,Owner-occupied,4Owner-occupied," 4,700 "," 5,400 "," 148,290 ","4,700","5,600","154,470","4,900","5,600","157,410","4,800","5,500","139,870","5,000","5,800","140,890", n/a , n/a , n/a , n/a , n/a , n/a , n/a , n/a , n/a , n/a , n/a , n/a , n/a , n/a , n/a , n/a , n/a , n/a ," 16,200 "," 17,400 "," 141,180 ","16,200","17,500","142,890","16,900","18,100","133,770","17,300","18,600","117,620","17,400","18,700","123,290", n/a , n/a , n/a , n/a , n/a , n/a , n/a , n/a , n/a , n/a , n/a , n/a , n/a , n/a , n/a , n/a , n/a , n/a 
5 or more,Owner-occupied,5 or moreOwner-occupied," 5,200 "," 6,000 "," 54,920 ","5,300","6,400","56,640","5,500","6,300","57,650","5,200","6,100","51,380","5,600","6,400","51,780", n/a , n/a , n/a , n/a , n/a , n/a , n/a , n/a , n/a , n/a , n/a , n/a , n/a , n/a , n/a , n/a , n/a , n/a ," 18,000 "," 19,400 "," 52,240 ","18,100","19,500","51,800","18,800","20,200","48,460","19,100","20,500","42,820","19,400","20,800","44,820", n/a , n/a , n/a , n/a , n/a , n/a , n/a , n/a , n/a , n/a , n/a , n/a , n/a , n/a , n/a , n/a , n/a , n/a 
1,Privately rented,1Privately rented," 2,500 "," 3,400 "," 198,650 ","2,600","3,600","222,910","2,600","3,400","235,640","2,600","3,500","222,330","2,600","3,500","224,960", n/a , n/a , n/a , n/a , n/a , n/a , n/a , n/a , n/a , n/a , n/a , n/a , n/a , n/a , n/a , n/a , n/a , n/a ," 8,700 "," 9,800 "," 151,060 ","8,800","9,900","165,810","9,100","10,200","151,370","9,100","10,200","144,890","9,100","10,200","151,400", n/a , n/a , n/a , n/a , n/a , n/a , n/a , n/a , n/a , n/a , n/a , n/a , n/a , n/a , n/a , n/a , n/a , n/a 
2,Privately rented,2Privately rented," 3,100 "," 3,900 "," 200,040 ","3,100","4,000","193,390","3,100","3,900","202,130","3,100","3,900","142,250","3,100","4,000","143,720", n/a , n/a , n/a , n/a , n/a , n/a , n/a , n/a , n/a , n/a , n/a , n/a , n/a , n/a , n/a , n/a , n/a , n/a ," 10,600 "," 11,600 "," 166,520 ","10,400","11,400","155,300","10,700","11,800","142,720","10,500","11,600","98,730","10,600","11,700","103,390", n/a , n/a , n/a , n/a , n/a , n/a , n/a , n/a , n/a , n/a , n/a , n/a , n/a , n/a , n/a , n/a , n/a , n/a 
3,Privately rented,3Privately rented," 3,500 "," 4,200 "," 80,820 ","3,400","4,300","75,190","3,500","4,200","78,090","3,400","4,300","73,850","3,500","4,400","74,780", n/a , n/a , n/a , n/a , n/a , n/a , n/a , n/a , n/a , n/a , n/a , n/a , n/a , n/a , n/a , n/a , n/a , n/a ," 11,800 "," 13,000 "," 72,010 ","11,600","12,800","65,050","12,000","13,300","60,000","11,700","13,000","56,300","11,900","13,200","59,010", n/a , n/a , n/a , n/a , n/a , n/a , n/a , n/a , n/a , n/a , n/a , n/a , n/a , n/a , n/a , n/a , n/a , n/a 
4,Privately rented,4Privately rented," 3,800 "," 4,600 "," 33,660 ","3,800","4,700","33,120","3,800","4,600","34,290","3,700","4,600","32,770","3,900","4,700","33,180", n/a , n/a , n/a , n/a , n/a , n/a , n/a , n/a , n/a , n/a , n/a , n/a , n/a , n/a , n/a , n/a , n/a , n/a ," 13,100 "," 14,500 "," 30,990 ","12,800","14,200","29,730","13,400","14,800","27,470","12,800","14,200","25,780","13,000","14,400","27,100", n/a , n/a , n/a , n/a , n/a , n/a , n/a , n/a , n/a , n/a , n/a , n/a , n/a , n/a , n/a , n/a , n/a , n/a 
5 or more,Privately rented,5 or morePrivately rented," 4,300 "," 5,200 "," 21,430 ","4,300","5,500","23,250","4,400","5,200","23,950","4,200","5,200","24,370","4,500","5,500","24,670", n/a , n/a , n/a , n/a , n/a , n/a , n/a , n/a , n/a , n/a , n/a , n/a , n/a , n/a , n/a , n/a , n/a , n/a ," 15,100 "," 16,700 "," 20,460 ","14,600","16,200","21,690","15,300","16,900","20,100","14,400","16,200","19,940","15,000","16,700","20,810", n/a , n/a , n/a , n/a , n/a , n/a , n/a , n/a , n/a , n/a , n/a , n/a , n/a , n/a , n/a , n/a , n/a , n/a 
1,Council/Housing Association,1Council/Housing Association," 2,200 "," 2,900 "," 323,710 ","2,300","3,000","338,500","2,200","2,900","349,200","2,300","3,000","310,600","2,300","3,000","314,220", n/a , n/a , n/a , n/a , n/a , n/a , n/a , n/a , n/a , n/a , n/a , n/a , n/a , n/a , n/a , n/a , n/a , n/a ," 7,700 "," 8,300 "," 274,650 ","7,800","8,300","279,340","8,000","8,600","260,780","9,100","9,600","240,460","9,100","9,800","250,900", n/a , n/a , n/a , n/a , n/a , n/a , n/a , n/a , n/a , n/a , n/a , n/a , n/a , n/a , n/a , n/a , n/a , n/a 
2,Council/Housing Association,2Council/Housing Association," 3,100 "," 3,700 "," 256,960 ","3,100","3,700","250,330","3,100","3,600","255,760","3,100","3,700","206,780","3,200","3,800","208,460", n/a , n/a , n/a , n/a , n/a , n/a , n/a , n/a , n/a , n/a , n/a , n/a , n/a , n/a , n/a , n/a , n/a , n/a ," 9,300 "," 9,900 "," 237,320 ","9,300","9,800","225,290","9,700","10,100","211,120","10,600","11,000","172,990","10,700","11,200","179,670", n/a , n/a , n/a , n/a , n/a , n/a , n/a , n/a , n/a , n/a , n/a , n/a , n/a , n/a , n/a , n/a , n/a , n/a 
3,Council/Housing Association,3Council/Housing Association," 3,800 "," 4,300 "," 95,430 ","3,800","4,400","90,330","3,800","4,300","91,970","3,700","4,300","68,890","3,900","4,400","69,470", n/a , n/a , n/a , n/a , n/a , n/a , n/a , n/a , n/a , n/a , n/a , n/a , n/a , n/a , n/a , n/a , n/a , n/a ," 10,400 "," 11,000 "," 90,750 ","10,400","10,900","84,240","10,800","11,300","79,330","11,600","12,200","60,140","11,800","12,500","62,480", n/a , n/a , n/a , n/a , n/a , n/a , n/a , n/a , n/a , n/a , n/a , n/a , n/a , n/a , n/a , n/a , n/a , n/a 
4,Council/Housing Association,4Council/Housing Association," 4,200 "," 4,800 "," 37,130 ","4,200","4,800","35,620","4,300","4,800","36,220","4,200","4,700","26,460","4,400","5,000","26,710", n/a , n/a , n/a , n/a , n/a , n/a , n/a , n/a , n/a , n/a , n/a , n/a , n/a , n/a , n/a , n/a , n/a , n/a ," 11,200 "," 11,900 "," 35,750 ","11,000","11,700","33,590","11,400","12,100","31,680","12,400","13,100","23,160","12,700","13,400","24,090", n/a , n/a , n/a , n/a , n/a , n/a , n/a , n/a , n/a , n/a , n/a , n/a , n/a , n/a , n/a , n/a , n/a , n/a 
5 or more,Council/Housing Association,5 or moreCouncil/Housing Association," 4,600 "," 5,200 "," 16,640 ","4,600","5,300","16,230","4,700","5,300","16,500","4,600","5,200","11,550","4,900","5,500","11,640", n/a , n/a , n/a , n/a , n/a , n/a , n/a , n/a , n/a , n/a , n/a , n/a , n/a , n/a , n/a , n/a , n/a , n/a ," 12,000 "," 13,100 "," 16,040 ","12,000","13,000","15,350","12,400","13,400","14,380","13,300","14,600","10,240","13,800","15,000","10,630", n/a , n/a , n/a , n/a , n/a , n/a , n/a , n/a , n/a , n/a , n/a , n/a , n/a , n/a , n/a , n/a , n/a , n/a 
1,"Less than £15,000","1Less than £15,000"," 2,200 "," 2,900 "," 385,740 ","2,200","3,000","471,120","2,200","2,900","486,200","2,300","3,100","530,520","2,400","3,100","536,300", n/a , n/a , n/a , n/a , n/a , n/a , n/a , n/a , n/a , n/a , n/a , n/a , n/a , n/a , n/a , n/a , n/a , n/a ," 9,600 "," 10,400 "," 342,330 ","9,500","10,400","400,060","9,900","10,700","375,750","10,600","11,400","407,530","10,600","11,500","425,670", n/a , n/a , n/a , n/a , n/a , n/a , n/a , n/a , n/a , n/a , n/a , n/a , n/a , n/a , n/a , n/a , n/a , n/a 
2,"Less than £15,000","2Less than £15,000"," 3,100 "," 3,700 "," 125,910 ","3,200","3,800","168,090","3,200","3,800","172,250","3,300","3,900","130,620","3,400","4,000","131,930", n/a , n/a , n/a , n/a , n/a , n/a , n/a , n/a , n/a , n/a , n/a , n/a , n/a , n/a , n/a , n/a , n/a , n/a ," 10,200 "," 11,100 "," 117,340 ","10,500","11,300","153,240","10,900","11,700","143,790","11,200","12,000","109,730","11,400","12,200","114,150", n/a , n/a , n/a , n/a , n/a , n/a , n/a , n/a , n/a , n/a , n/a , n/a , n/a , n/a , n/a , n/a , n/a , n/a 
3,"Less than £15,000","3Less than £15,000"," 3,700 "," 4,300 "," 41,290 ","3,700","4,400","53,930","3,800","4,300","55,030","3,800","4,400","39,410","4,000","4,500","39,760", n/a , n/a , n/a , n/a , n/a , n/a , n/a , n/a , n/a , n/a , n/a , n/a , n/a , n/a , n/a , n/a , n/a , n/a ," 11,000 "," 11,900 "," 39,490 ","11,200","12,000","50,340","11,600","12,500","47,420","12,100","12,900","34,170","12,400","13,200","35,590", n/a , n/a , n/a , n/a , n/a , n/a , n/a , n/a , n/a , n/a , n/a , n/a , n/a , n/a , n/a , n/a , n/a , n/a 
4,"Less than £15,000","4Less than £15,000"," 4,100 "," 4,700 "," 12,860 ","4,100","4,700","18,260","4,200","4,700","18,640","4,200","4,700","13,060","4,500","5,000","13,190", n/a , n/a , n/a , n/a , n/a , n/a , n/a , n/a , n/a , n/a , n/a , n/a , n/a , n/a , n/a , n/a , n/a , n/a ," 11,500 "," 12,500 "," 12,400 ","11,700","12,700","17,330","12,200","13,100","16,270","12,500","13,400","11,410","12,900","13,800","11,840", n/a , n/a , n/a , n/a , n/a , n/a , n/a , n/a , n/a , n/a , n/a , n/a , n/a , n/a , n/a , n/a , n/a , n/a 
5 or more,"Less than £15,000","5 or moreLess than £15,000"," 4,400 "," 5,000 "," 5,340 ","4,400","5,100","8,640","4,500","5,100","8,810","4,600","5,100","4,570","4,900","5,400","4,630", n/a , n/a , n/a , n/a , n/a , n/a , n/a , n/a , n/a , n/a , n/a , n/a , n/a , n/a , n/a , n/a , n/a , n/a ," 12,500 "," 14,000 "," 5,200 ","12,700","14,000","8,280","13,000","14,300","7,750","13,100","14,400","4,020","13,700","14,800","4,170", n/a , n/a , n/a , n/a , n/a , n/a , n/a , n/a , n/a , n/a , n/a , n/a , n/a , n/a , n/a , n/a , n/a , n/a 
1,"£15,000 - £19,999","1£15,000 - £19,999"," 2,300 "," 3,100 "," 176,310 ","2,400","3,200","163,100","2,300","3,100","168,590","2,500","3,300","146,080","2,500","3,300","147,510", n/a , n/a , n/a , n/a , n/a , n/a , n/a , n/a , n/a , n/a , n/a , n/a , n/a , n/a , n/a , n/a , n/a , n/a ," 9,800 "," 10,700 "," 147,960 ","9,600","10,600","134,770","10,000","10,900","126,130","11,000","12,000","109,870","10,900","12,000","115,090", n/a , n/a , n/a , n/a , n/a , n/a , n/a , n/a , n/a , n/a , n/a , n/a , n/a , n/a , n/a , n/a , n/a , n/a 
2,"£15,000 - £19,999","2£15,000 - £19,999"," 3,000 "," 3,700 "," 88,600 ","3,000","3,700","108,850","3,000","3,600","111,220","3,000","3,700","92,310","3,100","3,800","92,820", n/a , n/a , n/a , n/a , n/a , n/a , n/a , n/a , n/a , n/a , n/a , n/a , n/a , n/a , n/a , n/a , n/a , n/a ," 10,800 "," 11,600 "," 81,480 ","10,800","11,700","97,110","11,200","12,000","91,440","12,200","13,000","74,330","12,200","13,100","77,470", n/a , n/a , n/a , n/a , n/a , n/a , n/a , n/a , n/a , n/a , n/a , n/a , n/a , n/a , n/a , n/a , n/a , n/a 
3,"£15,000 - £19,999","3£15,000 - £19,999"," 3,700 "," 4,300 "," 28,080 ","3,700","4,300","32,800","3,800","4,300","33,460","3,600","4,300","29,220","3,800","4,400","29,520", n/a , n/a , n/a , n/a , n/a , n/a , n/a , n/a , n/a , n/a , n/a , n/a , n/a , n/a , n/a , n/a , n/a , n/a ," 11,600 "," 12,500 "," 26,820 ","11,800","12,700","30,360","12,300","13,200","28,670","12,900","13,800","24,810","13,000","14,000","25,840", n/a , n/a , n/a , n/a , n/a , n/a , n/a , n/a , n/a , n/a , n/a , n/a , n/a , n/a , n/a , n/a , n/a , n/a 
4,"£15,000 - £19,999","4£15,000 - £19,999"," 4,200 "," 4,800 "," 9,360 ","4,100","4,800","11,290","4,300","4,800","11,550","4,100","4,700","9,790","4,400","5,000","9,910", n/a , n/a , n/a , n/a , n/a , n/a , n/a , n/a , n/a , n/a , n/a , n/a , n/a , n/a , n/a , n/a , n/a , n/a ," 12,100 "," 13,100 "," 9,060 ","12,300","13,200","10,640","12,700","13,700","10,030","13,200","14,100","8,420","13,500","14,400","8,770", n/a , n/a , n/a , n/a , n/a , n/a , n/a , n/a , n/a , n/a , n/a , n/a , n/a , n/a , n/a , n/a , n/a , n/a 
5 or more,"£15,000 - £19,999","5 or more£15,000 - £19,999"," 4,600 "," 5,200 "," 3,730 ","4,600","5,400","4,740","4,700","5,300","4,830","4,400","5,100","4,120","4,800","5,400","4,150", n/a , n/a , n/a , n/a , n/a , n/a , n/a , n/a , n/a , n/a , n/a , n/a , n/a , n/a , n/a , n/a , n/a , n/a ," 12,900 "," 14,200 "," 3,630 ","13,000","14,200","4,500","13,400","14,800","4,230","13,900","15,200","3,590","14,200","15,600","3,740", n/a , n/a , n/a , n/a , n/a , n/a , n/a , n/a , n/a , n/a , n/a , n/a , n/a , n/a , n/a , n/a , n/a , n/a 
1,"£20,000 - £29,999","1£20,000 - £29,999"," 2,400 "," 3,200 "," 297,510 ","2,500","3,300","313,410","2,500","3,200","323,230","2,600","3,400","274,360","2,700","3,400","277,110", n/a , n/a , n/a , n/a , n/a , n/a , n/a , n/a , n/a , n/a , n/a , n/a , n/a , n/a , n/a , n/a , n/a , n/a ," 9,300 "," 10,300 "," 260,710 ","9,500","10,400","268,050","9,800","10,700","247,810","10,500","11,500","210,270","10,400","11,400","220,330", n/a , n/a , n/a , n/a , n/a , n/a , n/a , n/a , n/a , n/a , n/a , n/a , n/a , n/a , n/a , n/a , n/a , n/a 
2,"£20,000 - £29,999","2£20,000 - £29,999"," 3,100 "," 3,700 "," 337,790 ","3,100","3,800","358,560","3,100","3,700","366,090","3,100","3,800","281,680","3,200","3,900","283,120", n/a , n/a , n/a , n/a , n/a , n/a , n/a , n/a , n/a , n/a , n/a , n/a , n/a , n/a , n/a , n/a , n/a , n/a ," 11,300 "," 12,100 "," 312,340 ","11,500","12,200","319,100","11,800","12,600","300,220","12,700","13,600","227,700","12,700","13,600","237,350", n/a , n/a , n/a , n/a , n/a , n/a , n/a , n/a , n/a , n/a , n/a , n/a , n/a , n/a , n/a , n/a , n/a , n/a 
3,"£20,000 - £29,999","3£20,000 - £29,999"," 3,600 "," 4,300 "," 95,380 ","3,700","4,400","94,790","3,800","4,400","96,760","3,700","4,400","81,630","3,900","4,500","82,290", n/a , n/a , n/a , n/a , n/a , n/a , n/a , n/a , n/a , n/a , n/a , n/a , n/a , n/a , n/a , n/a , n/a , n/a ," 11,900 "," 12,900 "," 90,780 ","12,200","13,100","87,360","12,700","13,600","82,390","13,400","14,300","68,180","13,500","14,500","71,110", n/a , n/a , n/a , n/a , n/a , n/a , n/a , n/a , n/a , n/a , n/a , n/a , n/a , n/a , n/a , n/a , n/a , n/a 
4,"£20,000 - £29,999","4£20,000 - £29,999"," 4,100 "," 4,700 "," 31,600 ","4,200","4,800","32,370","4,300","4,900","32,970","4,100","4,800","29,250","4,300","5,000","29,520", n/a , n/a , n/a , n/a , n/a , n/a , n/a , n/a , n/a , n/a , n/a , n/a , n/a , n/a , n/a , n/a , n/a , n/a ," 12,700 "," 13,700 "," 30,480 ","12,900","13,900","30,220","13,400","14,400","28,480","14,000","15,100","24,680","14,200","15,400","25,810", n/a , n/a , n/a , n/a , n/a , n/a , n/a , n/a , n/a , n/a , n/a , n/a , n/a , n/a , n/a , n/a , n/a , n/a 
5 or more,"£20,000 - £29,999","5 or more£20,000 - £29,999"," 4,500 "," 5,200 "," 13,200 ","4,600","5,400","14,030","4,700","5,400","14,350","4,400","5,200","13,090","4,700","5,400","13,220", n/a , n/a , n/a , n/a , n/a , n/a , n/a , n/a , n/a , n/a , n/a , n/a , n/a , n/a , n/a , n/a , n/a , n/a ," 13,700 "," 15,100 "," 12,870 ","13,900","15,300","13,280","14,500","15,900","12,440","14,800","16,200","11,260","15,200","16,800","11,740", n/a , n/a , n/a , n/a , n/a , n/a , n/a , n/a , n/a , n/a , n/a , n/a , n/a , n/a , n/a , n/a , n/a , n/a 
1,"£30,000 - £39,999","1£30,000 - £39,999"," 2,500 "," 3,300 "," 188,690 ","2,700","3,500","186,360","2,600","3,300","192,150","2,800","3,600","155,650","2,800","3,600","157,030", n/a , n/a , n/a , n/a , n/a , n/a , n/a , n/a , n/a , n/a , n/a , n/a , n/a , n/a , n/a , n/a , n/a , n/a ," 10,100 "," 11,100 "," 164,620 ","10,500","11,500","159,490","10,800","11,800","146,720","11,200","12,200","117,760","11,000","12,100","123,970", n/a , n/a , n/a , n/a , n/a , n/a , n/a , n/a , n/a , n/a , n/a , n/a , n/a , n/a , n/a , n/a , n/a , n/a 
2,"£30,000 - £39,999","2£30,000 - £39,999"," 3,200 "," 3,900 "," 307,960 ","3,300","4,000","298,650","3,300","3,900","305,020","3,300","4,000","250,560","3,400","4,100","251,960", n/a , n/a , n/a , n/a , n/a , n/a , n/a , n/a , n/a , n/a , n/a , n/a , n/a , n/a , n/a , n/a , n/a , n/a ," 11,700 "," 12,500 "," 283,810 ","12,000","12,700","266,700","12,400","13,100","249,580","13,000","13,800","203,230","12,900","13,800","212,480", n/a , n/a , n/a , n/a , n/a , n/a , n/a , n/a , n/a , n/a , n/a , n/a , n/a , n/a , n/a , n/a , n/a , n/a 
3,"£30,000 - £39,999","3£30,000 - £39,999"," 3,800 "," 4,500 "," 108,050 ","3,900","4,600","104,110","4,000","4,600","106,240","3,900","4,600","93,510","4,100","4,800","94,210", n/a , n/a , n/a , n/a , n/a , n/a , n/a , n/a , n/a , n/a , n/a , n/a , n/a , n/a , n/a , n/a , n/a , n/a ," 12,800 "," 13,700 "," 102,820 ","13,100","13,900","96,680","13,600","14,400","90,560","14,200","15,200","78,700","14,300","15,300","82,130", n/a , n/a , n/a , n/a , n/a , n/a , n/a , n/a , n/a , n/a , n/a , n/a , n/a , n/a , n/a , n/a , n/a , n/a 
4,"£30,000 - £39,999","4£30,000 - £39,999"," 4,300 "," 4,900 "," 42,320 ","4,400","5,100","43,360","4,500","5,100","44,090","4,400","5,000","40,120","4,700","5,300","40,430", n/a , n/a , n/a , n/a , n/a , n/a , n/a , n/a , n/a , n/a , n/a , n/a , n/a , n/a , n/a , n/a , n/a , n/a ," 13,700 "," 14,600 "," 40,790 ","13,900","14,800","40,640","14,400","15,400","38,210","15,200","16,200","34,120","15,300","16,400","35,640", n/a , n/a , n/a , n/a , n/a , n/a , n/a , n/a , n/a , n/a , n/a , n/a , n/a , n/a , n/a , n/a , n/a , n/a 
5 or more,"£30,000 - £39,999","5 or more£30,000 - £39,999"," 4,700 "," 5,400 "," 17,340 ","4,800","5,600","17,860","4,900","5,600","18,170","4,800","5,600","17,760","5,100","5,800","17,920", n/a , n/a , n/a , n/a , n/a , n/a , n/a , n/a , n/a , n/a , n/a , n/a , n/a , n/a , n/a , n/a , n/a , n/a ," 14,800 "," 16,100 "," 16,850 ","15,100","16,500","16,780","15,800","17,100","15,790","16,300","17,700","15,120","16,600","18,100","15,760", n/a , n/a , n/a , n/a , n/a , n/a , n/a , n/a , n/a , n/a , n/a , n/a , n/a , n/a , n/a , n/a , n/a , n/a 
1,"£40,000 - £49,999","1£40,000 - £49,999"," 2,700 "," 3,500 "," 92,490 ","2,900","3,700","88,890","2,800","3,500","91,760","2,900","3,700","64,950","2,900","3,700","65,720", n/a , n/a , n/a , n/a , n/a , n/a , n/a , n/a , n/a , n/a , n/a , n/a , n/a , n/a , n/a , n/a , n/a , n/a ," 11,000 "," 12,200 "," 79,430 ","11,300","12,400","74,610","11,700","12,700","68,670","11,800","12,900","47,910","11,700","12,800","50,560", n/a , n/a , n/a , n/a , n/a , n/a , n/a , n/a , n/a , n/a , n/a , n/a , n/a , n/a , n/a , n/a , n/a , n/a 
2,"£40,000 - £49,999","2£40,000 - £49,999"," 3,500 "," 4,100 "," 260,740 ","3,600","4,300","254,210","3,600","4,200","260,200","3,600","4,200","233,070","3,700","4,300","234,540", n/a , n/a , n/a , n/a , n/a , n/a , n/a , n/a , n/a , n/a , n/a , n/a , n/a , n/a , n/a , n/a , n/a , n/a ," 12,600 "," 13,400 "," 242,880 ","12,900","13,800","230,150","13,300","14,200","214,250","13,700","14,500","192,010","13,600","14,400","201,220", n/a , n/a , n/a , n/a , n/a , n/a , n/a , n/a , n/a , n/a , n/a , n/a , n/a , n/a , n/a , n/a , n/a , n/a 
3,"£40,000 - £49,999","3£40,000 - £49,999"," 4,000 "," 4,600 "," 94,950 ","4,100","4,800","89,400","4,200","4,800","91,300","4,100","4,800","78,570","4,300","4,900","79,210", n/a , n/a , n/a , n/a , n/a , n/a , n/a , n/a , n/a , n/a , n/a , n/a , n/a , n/a , n/a , n/a , n/a , n/a ," 13,600 "," 14,500 "," 90,560 ","13,900","14,800","83,040","14,500","15,400","77,760","14,900","15,900","66,340","14,900","15,900","69,440", n/a , n/a , n/a , n/a , n/a , n/a , n/a , n/a , n/a , n/a , n/a , n/a , n/a , n/a , n/a , n/a , n/a , n/a 
4,"£40,000 - £49,999","4£40,000 - £49,999"," 4,500 "," 5,100 "," 39,560 ","4,500","5,200","39,760","4,700","5,200","40,440","4,500","5,200","35,510","4,800","5,400","35,750", n/a , n/a , n/a , n/a , n/a , n/a , n/a , n/a , n/a , n/a , n/a , n/a , n/a , n/a , n/a , n/a , n/a , n/a ," 14,600 "," 15,600 "," 38,190 ","14,900","15,800","37,220","15,500","16,500","34,900","16,000","17,000","30,310","16,100","17,100","31,760", n/a , n/a , n/a , n/a , n/a , n/a , n/a , n/a , n/a , n/a , n/a , n/a , n/a , n/a , n/a , n/a , n/a , n/a 
5 or more,"£40,000 - £49,999","5 or more£40,000 - £49,999"," 4,800 "," 5,600 "," 16,080 ","4,900","5,800","15,830","5,000","5,700","16,170","4,900","5,700","15,290","5,200","5,900","15,420", n/a , n/a , n/a , n/a , n/a , n/a , n/a , n/a , n/a , n/a , n/a , n/a , n/a , n/a , n/a , n/a , n/a , n/a ," 15,900 "," 17,100 "," 15,570 ","16,100","17,300","14,890","16,800","18,000","13,930","17,300","18,600","12,980","17,600","19,000","13,550", n/a , n/a , n/a , n/a , n/a , n/a , n/a , n/a , n/a , n/a , n/a , n/a , n/a , n/a , n/a , n/a , n/a , n/a 
1,"£50,000 - £59,999","1£50,000 - £59,999"," 2,800 "," 3,600 "," 43,030 ","3,100","3,900","43,200","3,000","3,700","44,770","3,100","3,900","23,760","3,100","3,900","24,010", n/a , n/a , n/a , n/a , n/a , n/a , n/a , n/a , n/a , n/a , n/a , n/a , n/a , n/a , n/a , n/a , n/a , n/a ," 11,700 "," 13,000 "," 36,700 ","12,000","13,200","36,140","12,300","13,500","33,150","13,400","14,500","17,530","13,200","14,300","18,400", n/a , n/a , n/a , n/a , n/a , n/a , n/a , n/a , n/a , n/a , n/a , n/a , n/a , n/a , n/a , n/a , n/a , n/a 
2,"£50,000 - £59,999","2£50,000 - £59,999"," 3,700 "," 4,300 "," 161,990 ","3,700","4,400","154,550","3,700","4,300","158,570","3,700","4,400","148,400","3,800","4,500","149,550", n/a , n/a , n/a , n/a , n/a , n/a , n/a , n/a , n/a , n/a , n/a , n/a , n/a , n/a , n/a , n/a , n/a , n/a ," 13,400 "," 14,400 "," 149,270 ","13,500","14,500","138,200","14,000","15,000","127,820","14,100","15,000","119,550","13,900","14,900","125,660", n/a , n/a , n/a , n/a , n/a , n/a , n/a , n/a , n/a , n/a , n/a , n/a , n/a , n/a , n/a , n/a , n/a , n/a 
3,"£50,000 - £59,999","3£50,000 - £59,999"," 4,100 "," 4,700 "," 56,300 ","4,200","4,900","51,630","4,300","4,900","52,930","4,200","4,900","48,790","4,400","5,000","49,190", n/a , n/a , n/a , n/a , n/a , n/a , n/a , n/a , n/a , n/a , n/a , n/a , n/a , n/a , n/a , n/a , n/a , n/a ," 14,400 "," 15,500 "," 52,740 ","14,600","15,700","46,930","15,200","16,300","43,730","15,600","16,700","40,500","15,600","16,700","42,550", n/a , n/a , n/a , n/a , n/a , n/a , n/a , n/a , n/a , n/a , n/a , n/a , n/a , n/a , n/a , n/a , n/a , n/a 
4,"£50,000 - £59,999","4£50,000 - £59,999"," 4,500 "," 5,200 "," 24,170 ","4,600","5,400","22,950","4,800","5,400","23,500","4,600","5,300","21,750","4,900","5,600","21,950", n/a , n/a , n/a , n/a , n/a , n/a , n/a , n/a , n/a , n/a , n/a , n/a , n/a , n/a , n/a , n/a , n/a , n/a ," 15,600 "," 16,700 "," 23,010 ","15,800","17,000","21,110","16,500","17,700","19,690","16,900","18,000","18,150","16,900","18,100","19,100", n/a , n/a , n/a , n/a , n/a , n/a , n/a , n/a , n/a , n/a , n/a , n/a , n/a , n/a , n/a , n/a , n/a , n/a 
5 or more,"£50,000 - £59,999","5 or more£50,000 - £59,999"," 5,000 "," 5,700 "," 10,770 ","5,000","6,100","10,150","5,200","6,000","10,390","4,900","5,800","9,790","5,300","6,100","9,890", n/a , n/a , n/a , n/a , n/a , n/a , n/a , n/a , n/a , n/a , n/a , n/a , n/a , n/a , n/a , n/a , n/a , n/a ," 17,100 "," 18,400 "," 10,300 ","17,200","18,600","9,360","17,900","19,300","8,740","17,800","19,200","8,110","18,200","19,500","8,480", n/a , n/a , n/a , n/a , n/a , n/a , n/a , n/a , n/a , n/a , n/a , n/a , n/a , n/a , n/a , n/a , n/a , n/a 
1,"£60,000 - £69,999","1£60,000 - £69,999"," 2,900 "," 3,700 "," 23,400 ","3,200","4,000","24,200","3,100","3,900","25,130","3,300","4,200","10,460","3,300","4,200","10,540", n/a , n/a , n/a , n/a , n/a , n/a , n/a , n/a , n/a , n/a , n/a , n/a , n/a , n/a , n/a , n/a , n/a , n/a ," 12,100 "," 13,400 "," 19,660 ","12,600","13,800","20,050","12,900","14,200","18,410","14,600","15,800","7,530","14,500","15,600","7,990", n/a , n/a , n/a , n/a , n/a , n/a , n/a , n/a , n/a , n/a , n/a , n/a , n/a , n/a , n/a , n/a , n/a , n/a 
2,"£60,000 - £69,999","2£60,000 - £69,999"," 3,700 "," 4,400 "," 99,940 ","3,800","4,600","93,920","3,900","4,500","96,640","3,800","4,600","94,690","4,000","4,600","95,350", n/a , n/a , n/a , n/a , n/a , n/a , n/a , n/a , n/a , n/a , n/a , n/a , n/a , n/a , n/a , n/a , n/a , n/a ," 14,100 "," 15,100 "," 90,900 ","14,100","15,200","83,010","14,600","15,600","76,770","14,700","15,700","75,330","14,500","15,500","79,370", n/a , n/a , n/a , n/a , n/a , n/a , n/a , n/a , n/a , n/a , n/a , n/a , n/a , n/a , n/a , n/a , n/a , n/a 
3,"£60,000 - £69,999","3£60,000 - £69,999"," 4,200 "," 4,900 "," 36,940 ","4,300","5,100","33,480","4,400","5,000","34,450","4,300","5,000","32,750","4,500","5,200","33,010", n/a , n/a , n/a , n/a , n/a , n/a , n/a , n/a , n/a , n/a , n/a , n/a , n/a , n/a , n/a , n/a , n/a , n/a ," 15,300 "," 16,400 "," 34,040 ","15,500","16,600","30,190","16,000","17,200","28,050","16,200","17,300","26,730","16,100","17,300","28,000", n/a , n/a , n/a , n/a , n/a , n/a , n/a , n/a , n/a , n/a , n/a , n/a , n/a , n/a , n/a , n/a , n/a , n/a 
4,"£60,000 - £69,999","4£60,000 - £69,999"," 4,600 "," 5,300 "," 16,600 ","4,700","5,500","15,530","4,800","5,500","15,930","4,700","5,500","14,480","5,000","5,700","14,580", n/a , n/a , n/a , n/a , n/a , n/a , n/a , n/a , n/a , n/a , n/a , n/a , n/a , n/a , n/a , n/a , n/a , n/a ," 16,500 "," 17,700 "," 15,490 ","16,700","17,800","14,190","17,500","18,500","13,180","17,700","18,900","11,890","17,700","18,900","12,480", n/a , n/a , n/a , n/a , n/a , n/a , n/a , n/a , n/a , n/a , n/a , n/a , n/a , n/a , n/a , n/a , n/a , n/a 
5 or more,"£60,000 - £69,999","5 or more£60,000 - £69,999"," 5,100 "," 5,900 "," 7,520 ","5,200","6,200","6,840","5,300","6,100","6,990","5,100","6,000","6,370","5,400","6,300","6,420", n/a , n/a , n/a , n/a , n/a , n/a , n/a , n/a , n/a , n/a , n/a , n/a , n/a , n/a , n/a , n/a , n/a , n/a ," 18,000 "," 19,200 "," 7,080 ","18,000","19,300","6,220","18,800","20,000","5,790","18,800","20,000","5,230","19,300","20,400","5,500", n/a , n/a , n/a , n/a , n/a , n/a , n/a , n/a , n/a , n/a , n/a , n/a , n/a , n/a , n/a , n/a , n/a , n/a 
1,"£70,000 - £99,999","1£70,000 - £99,999"," 3,100 "," 4,000 "," 28,810 ","3,400","4,300","29,980","3,300","4,100","31,210","3,600","4,600","12,060","3,600","4,600","12,260", n/a , n/a , n/a , n/a , n/a , n/a , n/a , n/a , n/a , n/a , n/a , n/a , n/a , n/a , n/a , n/a , n/a , n/a ," 13,300 "," 14,700 "," 24,100 ","13,700","14,900","24,850","14,100","15,300","22,810","15,700","17,000","8,190","15,300","16,700","8,670", n/a , n/a , n/a , n/a , n/a , n/a , n/a , n/a , n/a , n/a , n/a , n/a , n/a , n/a , n/a , n/a , n/a , n/a 
2,"£70,000 - £99,999","2£70,000 - £99,999"," 4,000 "," 4,700 "," 136,670 ","4,200","4,900","126,380","4,200","4,800","130,350","4,100","4,800","128,070","4,200","4,900","129,170", n/a , n/a , n/a , n/a , n/a , n/a , n/a , n/a , n/a , n/a , n/a , n/a , n/a , n/a , n/a , n/a , n/a , n/a ," 15,400 "," 16,500 "," 122,580 ","15,500","16,600","111,540","16,000","17,100","102,920","15,800","16,900","101,180","15,600","16,700","106,540", n/a , n/a , n/a , n/a , n/a , n/a , n/a , n/a , n/a , n/a , n/a , n/a , n/a , n/a , n/a , n/a , n/a , n/a 
3,"£70,000 - £99,999","3£70,000 - £99,999"," 4,500 "," 5,200 "," 53,900 ","4,600","5,400","48,510","4,700","5,300","49,960","4,400","5,200","49,490","4,600","5,400","49,970", n/a , n/a , n/a , n/a , n/a , n/a , n/a , n/a , n/a , n/a , n/a , n/a , n/a , n/a , n/a , n/a , n/a , n/a ," 16,700 "," 17,900 "," 49,290 ","16,900","18,100","43,230","17,500","18,700","40,040","17,000","18,100","39,450","16,900","18,100","41,550", n/a , n/a , n/a , n/a , n/a , n/a , n/a , n/a , n/a , n/a , n/a , n/a , n/a , n/a , n/a , n/a , n/a , n/a 
4,"£70,000 - £99,999","4£70,000 - £99,999"," 4,900 "," 5,600 "," 25,180 ","5,000","5,900","24,120","5,200","5,900","24,730","4,900","5,700","21,160","5,200","5,900","21,310", n/a , n/a , n/a , n/a , n/a , n/a , n/a , n/a , n/a , n/a , n/a , n/a , n/a , n/a , n/a , n/a , n/a , n/a ," 18,300 "," 19,400 "," 23,370 ","18,600","19,700","21,860","19,300","20,400","20,280","19,000","20,200","17,070","19,000","20,200","18,020", n/a , n/a , n/a , n/a , n/a , n/a , n/a , n/a , n/a , n/a , n/a , n/a , n/a , n/a , n/a , n/a , n/a , n/a 
5 or more,"£70,000 - £99,999","5 or more£70,000 - £99,999"," 5,300 "," 6,200 "," 11,200 ","5,500","6,700","10,570","5,700","6,500","10,810","5,300","6,300","9,660","5,700","6,500","9,730", n/a , n/a , n/a , n/a , n/a , n/a , n/a , n/a , n/a , n/a , n/a , n/a , n/a , n/a , n/a , n/a , n/a , n/a ," 19,700 "," 20,900 "," 10,450 ","20,100","21,200","9,460","20,900","22,000","8,760","20,000","21,300","7,860","20,300","21,600","8,200", n/a , n/a , n/a , n/a , n/a , n/a , n/a , n/a , n/a , n/a , n/a , n/a , n/a , n/a , n/a , n/a , n/a , n/a 
1,"£100,000 - £149,999","1£100,000 - £149,999"," 3,500 "," 4,500 "," 12,200 ","4,000","5,100","12,830","3,900","4,800","13,390","4,300","5,600","6,120","4,400","5,500","6,220", n/a , n/a , n/a , n/a , n/a , n/a , n/a , n/a , n/a , n/a , n/a , n/a , n/a , n/a , n/a , n/a , n/a , n/a ," 15,000 "," 16,500 "," 10,020 ","16,100","17,500","10,390","16,600","18,000","9,460","18,300","19,500","3,690","17,900","19,300","3,990", n/a , n/a , n/a , n/a , n/a , n/a , n/a , n/a , n/a , n/a , n/a , n/a , n/a , n/a , n/a , n/a , n/a , n/a 
2,"£100,000 - £149,999","2£100,000 - £149,999"," 4,600 "," 5,400 "," 62,890 ","4,800","5,800","56,570","4,900","5,600","58,740","4,700","5,600","60,380","4,900","5,700","60,980", n/a , n/a , n/a , n/a , n/a , n/a , n/a , n/a , n/a , n/a , n/a , n/a , n/a , n/a , n/a , n/a , n/a , n/a ," 17,900 "," 19,200 "," 55,680 ","18,400","19,700","48,660","18,900","20,200","44,580","18,500","19,700","46,560","18,200","19,500","49,240", n/a , n/a , n/a , n/a , n/a , n/a , n/a , n/a , n/a , n/a , n/a , n/a , n/a , n/a , n/a , n/a , n/a , n/a 
3,"£100,000 - £149,999","3£100,000 - £149,999"," 4,900 "," 5,800 "," 25,870 ","5,200","6,400","22,430","5,300","6,100","23,180","4,900","5,800","24,210","5,100","6,000","24,470", n/a , n/a , n/a , n/a , n/a , n/a , n/a , n/a , n/a , n/a , n/a , n/a , n/a , n/a , n/a , n/a , n/a , n/a ," 19,200 "," 20,500 "," 22,930 ","19,700","21,100","19,110","20,400","21,700","17,490","19,100","20,400","18,580","19,000","20,200","19,570", n/a , n/a , n/a , n/a , n/a , n/a , n/a , n/a , n/a , n/a , n/a , n/a , n/a , n/a , n/a , n/a , n/a , n/a 
4,"£100,000 - £149,999","4£100,000 - £149,999"," 5,400 "," 6,300 "," 12,800 ","5,600","6,800","11,590","5,700","6,700","11,960","5,500","6,500","10,600","5,800","6,700","10,700", n/a , n/a , n/a , n/a , n/a , n/a , n/a , n/a , n/a , n/a , n/a , n/a , n/a , n/a , n/a , n/a , n/a , n/a ," 20,700 "," 22,000 "," 11,300 ","21,200","22,500","9,910","21,800","23,200","9,070","21,700","22,800","8,120","21,600","22,700","8,540", n/a , n/a , n/a , n/a , n/a , n/a , n/a , n/a , n/a , n/a , n/a , n/a , n/a , n/a , n/a , n/a , n/a , n/a 
5 or more,"£100,000 - £149,999","5 or more£100,000 - £149,999"," 6,000 "," 7,100 "," 5,740 ","6,100","7,800","5,420","6,200","7,300","5,520","5,900","7,100","5,060","6,300","7,400","5,100", n/a , n/a , n/a , n/a , n/a , n/a , n/a , n/a , n/a , n/a , n/a , n/a , n/a , n/a , n/a , n/a , n/a , n/a ," 22,600 "," 23,800 "," 5,120 ","22,900","23,900","4,530","23,800","24,800","4,130","22,600","23,700","3,810","22,600","23,900","4,000", n/a , n/a , n/a , n/a , n/a , n/a , n/a , n/a , n/a , n/a , n/a , n/a , n/a , n/a , n/a , n/a , n/a , n/a 
1,"£150,000 and over","1£150,000 and over"," 3,800 "," 5,000 "," 3,730 ","4,700","6,100","3,560","4,600","5,700","3,730","4,800","6,800",440,"4,800","6,700",440, n/a , n/a , n/a , n/a , n/a , n/a , n/a , n/a , n/a , n/a , n/a , n/a , n/a , n/a , n/a , n/a , n/a , n/a ," 15,900 "," 17,800 "," 3,100 ","18,500","20,000","2,900","18,900","20,400","2,620","20,300","21,600",270,"20,200","22,000",290, n/a , n/a , n/a , n/a , n/a , n/a , n/a , n/a , n/a , n/a , n/a , n/a , n/a , n/a , n/a , n/a , n/a , n/a 
2,"£150,000 and over","2£150,000 and over"," 5,200 "," 6,400 "," 23,100 ","5,700","7,100","19,900","5,600","6,700","20,560","5,200","6,300","21,840","5,300","6,400","22,110", n/a , n/a , n/a , n/a , n/a , n/a , n/a , n/a , n/a , n/a , n/a , n/a , n/a , n/a , n/a , n/a , n/a , n/a ," 20,300 "," 21,800 "," 19,560 ","21,000","22,400","16,450","21,700","23,000","14,940","19,900","21,600","16,210","19,500","21,300","17,070", n/a , n/a , n/a , n/a , n/a , n/a , n/a , n/a , n/a , n/a , n/a , n/a , n/a , n/a , n/a , n/a , n/a , n/a 
3,"£150,000 and over","3£150,000 and over"," 5,600 "," 6,800 "," 10,080 ","5,900","7,700","7,670","6,000","7,200","7,850","5,200","6,400","9,200","5,400","6,600","9,320", n/a , n/a , n/a , n/a , n/a , n/a , n/a , n/a , n/a , n/a , n/a , n/a , n/a , n/a , n/a , n/a , n/a , n/a ," 22,100 "," 23,300 "," 8,430 ","22,300","23,400","6,120","23,000","24,200","5,560","19,800","21,400","6,940","19,600","21,300","7,330", n/a , n/a , n/a , n/a , n/a , n/a , n/a , n/a , n/a , n/a , n/a , n/a , n/a , n/a , n/a , n/a , n/a , n/a 
4,"£150,000 and over","4£150,000 and over"," 6,100 "," 7,200 "," 4,620 ","6,500","8,400","3,980","6,700","7,800","4,110","6,100","7,500","3,410","6,600","7,700","3,440", n/a , n/a , n/a , n/a , n/a , n/a , n/a , n/a , n/a , n/a , n/a , n/a , n/a , n/a , n/a , n/a , n/a , n/a ," 23,700 "," 24,600 "," 3,820 ","24,400","25,400","3,100","25,200","26,000","2,810","23,100","24,600","2,390","22,900","24,500","2,520", n/a , n/a , n/a , n/a , n/a , n/a , n/a , n/a , n/a , n/a , n/a , n/a , n/a , n/a , n/a , n/a , n/a , n/a 
5 or more,"£150,000 and over","5 or more£150,000 and over"," 6,600 "," 7,900 "," 2,080 ","7,100","9,100","2,060","7,100","8,300","2,080","7,000","8,200","1,600","7,300","8,400","1,610", n/a , n/a , n/a , n/a , n/a , n/a , n/a , n/a , n/a , n/a , n/a , n/a , n/a , n/a , n/a , n/a , n/a , n/a ," 25,400 "," 26,200 "," 1,680 ","25,500","26,500","1,530","26,300","27,000","1,390","24,500","25,600","1,030","24,400","25,700","1,110", n/a , n/a , n/a , n/a , n/a , n/a , n/a , n/a , n/a , n/a , n/a , n/a , n/a , n/a , n/a , n/a , n/a , n/a 
1,North East,1North East," 2,100 "," 2,700 "," 71,780 ","2,200","2,800","71,260","2,200","2,700","73,270","2,200","2,800","64,870","2,200","2,800","65,680", n/a , n/a , n/a , n/a , n/a , n/a , n/a , n/a , n/a , n/a , n/a , n/a , n/a , n/a , n/a , n/a , n/a , n/a ," 10,300 "," 11,100 "," 64,810 ","10,400","11,200","65,000","10,900","11,600","60,380","11,400","12,200","53,080","11,300","12,100","55,190", n/a , n/a , n/a , n/a , n/a , n/a , n/a , n/a , n/a , n/a , n/a , n/a , n/a , n/a , n/a , n/a , n/a , n/a 
2,North East,2North East," 3,100 "," 3,600 "," 85,990 ","3,200","3,700","84,470","3,200","3,600","86,570","3,200","3,700","75,620","3,300","3,800","76,030", n/a , n/a , n/a , n/a , n/a , n/a , n/a , n/a , n/a , n/a , n/a , n/a , n/a , n/a , n/a , n/a , n/a , n/a ," 13,000 "," 13,700 "," 81,820 ","13,100","13,900","80,800","13,700","14,400","75,440","14,200","15,000","65,730","14,000","14,800","68,120", n/a , n/a , n/a , n/a , n/a , n/a , n/a , n/a , n/a , n/a , n/a , n/a , n/a , n/a , n/a , n/a , n/a , n/a 
3,North East,3North East," 3,700 "," 4,200 "," 28,280 ","3,700","4,200","28,020","3,800","4,200","28,770","3,700","4,200","24,380","3,900","4,400","24,600", n/a , n/a , n/a , n/a , n/a , n/a , n/a , n/a , n/a , n/a , n/a , n/a , n/a , n/a , n/a , n/a , n/a , n/a ," 14,100 "," 15,000 "," 27,140 ","14,100","15,000","27,210","14,800","15,700","25,460","15,300","16,200","21,660","15,200","16,100","22,490", n/a , n/a , n/a , n/a , n/a , n/a , n/a , n/a , n/a , n/a , n/a , n/a , n/a , n/a , n/a , n/a , n/a , n/a 
4,North East,4North East," 4,200 "," 4,700 "," 9,600 ","4,200","4,700","10,300","4,300","4,700","10,560","4,200","4,700","8,920","4,500","5,000","9,020", n/a , n/a , n/a , n/a , n/a , n/a , n/a , n/a , n/a , n/a , n/a , n/a , n/a , n/a , n/a , n/a , n/a , n/a ," 15,100 "," 16,100 "," 9,280 ","15,000","16,000","10,020","15,900","16,800","9,410","16,400","17,500","7,880","16,400","17,500","8,210", n/a , n/a , n/a , n/a , n/a , n/a , n/a , n/a , n/a , n/a , n/a , n/a , n/a , n/a , n/a , n/a , n/a , n/a 
5 or more,North East,5 or moreNorth East," 4,600 "," 5,100 "," 2,970 ","4,500","5,100","3,360","4,700","5,200","3,470","4,600","5,200","2,920","4,900","5,500","2,960", n/a , n/a , n/a , n/a , n/a , n/a , n/a , n/a , n/a , n/a , n/a , n/a , n/a , n/a , n/a , n/a , n/a , n/a ," 15,600 "," 16,900 "," 2,860 ","15,300","17,000","3,270","16,200","17,800","3,000","17,300","18,400","2,530","17,100","18,500","2,660", n/a , n/a , n/a , n/a , n/a , n/a , n/a , n/a , n/a , n/a , n/a , n/a , n/a , n/a , n/a , n/a , n/a , n/a 
1,North West,1North West," 2,400 "," 3,000 "," 156,270 ","2,500","3,200","192,710","2,500","3,100","197,910","2,500","3,200","176,330","2,500","3,200","178,200", n/a , n/a , n/a , n/a , n/a , n/a , n/a , n/a , n/a , n/a , n/a , n/a , n/a , n/a , n/a , n/a , n/a , n/a ," 9,700 "," 10,700 "," 162,190 ","9,900","10,900","174,880","10,400","11,300","162,100","10,900","11,900","143,620","10,900","12,000","149,650", n/a , n/a , n/a , n/a , n/a , n/a , n/a , n/a , n/a , n/a , n/a , n/a , n/a , n/a , n/a , n/a , n/a , n/a 
2,North West,2North West," 3,400 "," 3,900 "," 197,270 ","3,400","4,000","216,080","3,500","4,000","220,200","3,500","4,100","187,470","3,600","4,200","188,630", n/a , n/a , n/a , n/a , n/a , n/a , n/a , n/a , n/a , n/a , n/a , n/a , n/a , n/a , n/a , n/a , n/a , n/a ," 12,200 "," 13,200 "," 211,610 ","12,400","13,400","205,770","13,000","13,900","191,600","13,700","14,600","162,310","13,700","14,700","169,140", n/a , n/a , n/a , n/a , n/a , n/a , n/a , n/a , n/a , n/a , n/a , n/a , n/a , n/a , n/a , n/a , n/a , n/a 
3,North West,3North West," 4,000 "," 4,500 "," 68,530 ","4,100","4,600","70,400","4,200","4,700","71,690","4,100","4,700","61,260","4,300","4,900","61,670", n/a , n/a , n/a , n/a , n/a , n/a , n/a , n/a , n/a , n/a , n/a , n/a , n/a , n/a , n/a , n/a , n/a , n/a ," 13,300 "," 14,400 "," 73,370 ","13,500","14,500","68,080","14,100","15,200","63,650","14,900","15,900","54,060","14,900","16,000","56,230", n/a , n/a , n/a , n/a , n/a , n/a , n/a , n/a , n/a , n/a , n/a , n/a , n/a , n/a , n/a , n/a , n/a , n/a 
4,North West,4North West," 4,500 "," 5,000 "," 26,000 ","4,600","5,200","27,530","4,700","5,200","27,930","4,600","5,200","23,930","4,900","5,400","24,120", n/a , n/a , n/a , n/a , n/a , n/a , n/a , n/a , n/a , n/a , n/a , n/a , n/a , n/a , n/a , n/a , n/a , n/a ," 14,400 "," 15,500 "," 27,690 ","14,500","15,700","26,670","15,300","16,500","24,890","15,800","17,100","21,160","16,100","17,300","22,060", n/a , n/a , n/a , n/a , n/a , n/a , n/a , n/a , n/a , n/a , n/a , n/a , n/a , n/a , n/a , n/a , n/a , n/a 
5 or more,North West,5 or moreNorth West," 4,900 "," 5,500 "," 9,420 ","4,900","5,700","10,260","5,100","5,800","10,460","5,000","5,700","8,990","5,300","6,000","9,040", n/a , n/a , n/a , n/a , n/a , n/a , n/a , n/a , n/a , n/a , n/a , n/a , n/a , n/a , n/a , n/a , n/a , n/a ," 15,300 "," 16,800 "," 10,030 ","15,400","16,800","9,910","16,300","17,600","9,230","16,900","18,400","7,870","17,400","18,800","8,150", n/a , n/a , n/a , n/a , n/a , n/a , n/a , n/a , n/a , n/a , n/a , n/a , n/a , n/a , n/a , n/a , n/a , n/a 
1,Yorks & Humber,1Yorks & Humber," 2,200 "," 2,900 "," 132,230 ","2,300","3,000","133,280","2,200","2,900","136,440","2,300","3,000","117,110","2,300","3,000","118,370", n/a , n/a , n/a , n/a , n/a , n/a , n/a , n/a , n/a , n/a , n/a , n/a , n/a , n/a , n/a , n/a , n/a , n/a ," 10,200 "," 11,200 "," 123,230 ","10,300","11,200","118,110","10,500","11,400","109,710","11,200","12,100","93,570","11,300","12,200","97,860", n/a , n/a , n/a , n/a , n/a , n/a , n/a , n/a , n/a , n/a , n/a , n/a , n/a , n/a , n/a , n/a , n/a , n/a 
2,Yorks & Humber,2Yorks & Humber," 3,300 "," 3,800 "," 155,470 ","3,300","3,900","163,930","3,300","3,800","166,740","3,300","3,900","147,000","3,400","4,000","147,800", n/a , n/a , n/a , n/a , n/a , n/a , n/a , n/a , n/a , n/a , n/a , n/a , n/a , n/a , n/a , n/a , n/a , n/a ," 13,000 "," 14,000 "," 150,730 ","13,000","13,900","152,130","13,300","14,300","141,810","14,000","14,900","123,090","14,100","15,000","128,660", n/a , n/a , n/a , n/a , n/a , n/a , n/a , n/a , n/a , n/a , n/a , n/a , n/a , n/a , n/a , n/a , n/a , n/a 
3,Yorks & Humber,3Yorks & Humber," 3,800 "," 4,400 "," 50,570 ","3,800","4,400","53,660","3,900","4,400","54,560","3,800","4,400","48,880","4,000","4,600","49,290", n/a , n/a , n/a , n/a , n/a , n/a , n/a , n/a , n/a , n/a , n/a , n/a , n/a , n/a , n/a , n/a , n/a , n/a ," 14,100 "," 15,200 "," 49,420 ","14,000","15,100","50,390","14,500","15,600","47,060","15,000","16,200","41,910","15,200","16,400","43,800", n/a , n/a , n/a , n/a , n/a , n/a , n/a , n/a , n/a , n/a , n/a , n/a , n/a , n/a , n/a , n/a , n/a , n/a 
4,Yorks & Humber,4Yorks & Humber," 4,300 "," 4,900 "," 18,560 ","4,200","4,900","20,960","4,400","4,900","21,320","4,200","4,800","19,080","4,500","5,100","19,250", n/a , n/a , n/a , n/a , n/a , n/a , n/a , n/a , n/a , n/a , n/a , n/a , n/a , n/a , n/a , n/a , n/a , n/a ," 15,400 "," 16,700 "," 18,130 ","15,200","16,400","19,790","15,800","17,000","18,410","16,300","17,500","16,300","16,500","17,800","17,100", n/a , n/a , n/a , n/a , n/a , n/a , n/a , n/a , n/a , n/a , n/a , n/a , n/a , n/a , n/a , n/a , n/a , n/a 
5 or more,Yorks & Humber,5 or moreYorks & Humber," 4,700 "," 5,400 "," 6,730 ","4,600","5,400","8,580","4,700","5,400","8,730","4,500","5,200","8,350","4,800","5,500","8,440", n/a , n/a , n/a , n/a , n/a , n/a , n/a , n/a , n/a , n/a , n/a , n/a , n/a , n/a , n/a , n/a , n/a , n/a ," 17,200 "," 18,700 "," 6,590 ","16,600","18,100","8,130","17,200","18,800","7,590","17,300","18,900","7,100","17,900","19,500","7,420", n/a , n/a , n/a , n/a , n/a , n/a , n/a , n/a , n/a , n/a , n/a , n/a , n/a , n/a , n/a , n/a , n/a , n/a 
1,East Midlands,1East Midlands," 2,400 "," 3,100 "," 107,150 ","2,400","3,200","109,500","2,400","3,100","111,990","2,400","3,200","97,810","2,500","3,200","98,590", n/a , n/a , n/a , n/a , n/a , n/a , n/a , n/a , n/a , n/a , n/a , n/a , n/a , n/a , n/a , n/a , n/a , n/a ," 10,500 "," 11,400 "," 94,250 ","10,500","11,400","96,890","10,800","11,700","90,390","11,300","12,100","78,040","11,300","12,200","81,500", n/a , n/a , n/a , n/a , n/a , n/a , n/a , n/a , n/a , n/a , n/a , n/a , n/a , n/a , n/a , n/a , n/a , n/a 
2,East Midlands,2East Midlands," 3,400 "," 4,000 "," 144,630 ","3,400","4,100","143,730","3,400","4,000","146,570","3,500","4,200","125,340","3,600","4,200","125,980", n/a , n/a , n/a , n/a , n/a , n/a , n/a , n/a , n/a , n/a , n/a , n/a , n/a , n/a , n/a , n/a , n/a , n/a ," 12,700 "," 13,600 "," 132,120 ","12,900","13,700","131,080","13,200","14,100","122,430","13,900","14,700","103,890","13,800","14,700","108,650", n/a , n/a , n/a , n/a , n/a , n/a , n/a , n/a , n/a , n/a , n/a , n/a , n/a , n/a , n/a , n/a , n/a , n/a 
3,East Midlands,3East Midlands," 4,000 "," 4,600 "," 46,540 ","3,900","4,700","44,210","4,100","4,700","45,130","4,000","4,700","39,690","4,200","4,900","39,930", n/a , n/a , n/a , n/a , n/a , n/a , n/a , n/a , n/a , n/a , n/a , n/a , n/a , n/a , n/a , n/a , n/a , n/a ," 13,800 "," 14,700 "," 43,090 ","13,900","14,900","41,110","14,400","15,300","38,480","14,900","15,900","33,410","15,000","16,000","34,880", n/a , n/a , n/a , n/a , n/a , n/a , n/a , n/a , n/a , n/a , n/a , n/a , n/a , n/a , n/a , n/a , n/a , n/a 
4,East Midlands,4East Midlands," 4,400 "," 5,100 "," 17,710 ","4,400","5,200","17,860","4,600","5,200","18,220","4,500","5,200","15,550","4,800","5,400","15,600", n/a , n/a , n/a , n/a , n/a , n/a , n/a , n/a , n/a , n/a , n/a , n/a , n/a , n/a , n/a , n/a , n/a , n/a ," 14,800 "," 15,900 "," 16,570 ","15,000","15,900","16,550","15,500","16,500","15,570","16,000","17,100","13,110","16,300","17,300","13,700", n/a , n/a , n/a , n/a , n/a , n/a , n/a , n/a , n/a , n/a , n/a , n/a , n/a , n/a , n/a , n/a , n/a , n/a 
5 or more,East Midlands,5 or moreEast Midlands," 4,800 "," 5,600 "," 6,510 ","4,800","5,800","6,820","5,000","5,700","6,930","4,800","5,600","5,980","5,100","5,900","6,010", n/a , n/a , n/a , n/a , n/a , n/a , n/a , n/a , n/a , n/a , n/a , n/a , n/a , n/a , n/a , n/a , n/a , n/a ," 16,000 "," 17,500 "," 6,050 ","16,100","17,500","6,310","16,600","18,100","5,910","17,300","18,500","5,050","17,700","18,900","5,270", n/a , n/a , n/a , n/a , n/a , n/a , n/a , n/a , n/a , n/a , n/a , n/a , n/a , n/a , n/a , n/a , n/a , n/a 
1,West Midlands,1West Midlands," 2,400 "," 3,200 "," 119,530 ","2,600","3,400","131,300","2,500","3,200","139,860","2,600","3,400","122,570","2,600","3,400","123,940", n/a , n/a , n/a , n/a , n/a , n/a , n/a , n/a , n/a , n/a , n/a , n/a , n/a , n/a , n/a , n/a , n/a , n/a ," 10,200 "," 11,100 "," 112,930 ","10,300","11,200","117,940","10,500","11,400","109,630","11,100","11,900","97,640","11,100","12,000","102,190", n/a , n/a , n/a , n/a , n/a , n/a , n/a , n/a , n/a , n/a , n/a , n/a , n/a , n/a , n/a , n/a , n/a , n/a 
2,West Midlands,2West Midlands," 3,400 "," 4,100 "," 155,020 ","3,500","4,200","163,180","3,500","4,100","170,110","3,500","4,200","142,720","3,600","4,300","143,660", n/a , n/a , n/a , n/a , n/a , n/a , n/a , n/a , n/a , n/a , n/a , n/a , n/a , n/a , n/a , n/a , n/a , n/a ," 12,500 "," 13,400 "," 152,830 ","12,700","13,500","153,310","12,900","13,800","143,420","13,500","14,500","120,480","13,600","14,500","125,930", n/a , n/a , n/a , n/a , n/a , n/a , n/a , n/a , n/a , n/a , n/a , n/a , n/a , n/a , n/a , n/a , n/a , n/a 
3,West Midlands,3West Midlands," 4,000 "," 4,700 "," 54,590 ","4,100","4,800","52,780","4,200","4,800","54,810","4,100","4,800","47,580","4,300","4,900","47,960", n/a , n/a , n/a , n/a , n/a , n/a , n/a , n/a , n/a , n/a , n/a , n/a , n/a , n/a , n/a , n/a , n/a , n/a ," 13,600 "," 14,700 "," 54,410 ","13,700","14,700","50,240","14,100","15,100","47,190","14,700","15,700","41,150","14,800","15,900","43,010", n/a , n/a , n/a , n/a , n/a , n/a , n/a , n/a , n/a , n/a , n/a , n/a , n/a , n/a , n/a , n/a , n/a , n/a 
4,West Midlands,4West Midlands," 4,500 "," 5,200 "," 21,620 ","4,600","5,300","21,970","4,800","5,400","22,780","4,600","5,200","19,650","4,800","5,500","19,830", n/a , n/a , n/a , n/a , n/a , n/a , n/a , n/a , n/a , n/a , n/a , n/a , n/a , n/a , n/a , n/a , n/a , n/a ," 14,800 "," 16,000 "," 21,680 ","15,100","16,200","21,020","15,500","16,600","19,640","15,900","17,000","17,060","16,100","17,200","17,840", n/a , n/a , n/a , n/a , n/a , n/a , n/a , n/a , n/a , n/a , n/a , n/a , n/a , n/a , n/a , n/a , n/a , n/a 
5 or more,West Midlands,5 or moreWest Midlands," 5,000 "," 5,600 "," 9,100 ","5,100","6,000","9,030","5,200","6,000","9,330","5,000","5,700","8,280","5,300","6,000","8,340", n/a , n/a , n/a , n/a , n/a , n/a , n/a , n/a , n/a , n/a , n/a , n/a , n/a , n/a , n/a , n/a , n/a , n/a ," 16,800 "," 18,200 "," 9,070 ","17,000","18,400","8,580","17,500","18,800","8,040","17,700","19,100","7,090","18,400","19,700","7,430", n/a , n/a , n/a , n/a , n/a , n/a , n/a , n/a , n/a , n/a , n/a , n/a , n/a , n/a , n/a , n/a , n/a , n/a 
1,East of England,1East of England," 2,500 "," 3,400 "," 137,820 ","2,600","3,600","139,640","2,500","3,400","141,040","2,600","3,600","125,400","2,700","3,600","126,330", n/a , n/a , n/a , n/a , n/a , n/a , n/a , n/a , n/a , n/a , n/a , n/a , n/a , n/a , n/a , n/a , n/a , n/a ," 10,100 "," 11,200 "," 106,100 ","10,100","11,100","108,720","10,400","11,400","101,850","10,800","11,900","89,230","10,800","11,800","93,380", n/a , n/a , n/a , n/a , n/a , n/a , n/a , n/a , n/a , n/a , n/a , n/a , n/a , n/a , n/a , n/a , n/a , n/a 
2,East of England,2East of England," 3,600 "," 4,400 "," 184,740 ","3,600","4,500","182,680","3,600","4,400","184,440","3,700","4,500","159,190","3,800","4,600","160,170", n/a , n/a , n/a , n/a , n/a , n/a , n/a , n/a , n/a , n/a , n/a , n/a , n/a , n/a , n/a , n/a , n/a , n/a ," 12,600 "," 13,700 "," 152,660 ","12,500","13,500","151,170","12,800","13,900","141,690","13,400","14,500","121,410","13,400","14,400","126,900", n/a , n/a , n/a , n/a , n/a , n/a , n/a , n/a , n/a , n/a , n/a , n/a , n/a , n/a , n/a , n/a , n/a , n/a 
3,East of England,3East of England," 4,200 "," 4,900 "," 59,490 ","4,200","5,100","57,650","4,300","5,000","58,160","4,200","5,000","51,960","4,400","5,200","52,330", n/a , n/a , n/a , n/a , n/a , n/a , n/a , n/a , n/a , n/a , n/a , n/a , n/a , n/a , n/a , n/a , n/a , n/a ," 13,700 "," 14,900 "," 51,050 ","13,600","14,800","49,400","14,000","15,200","46,310","14,600","15,800","41,000","14,600","15,800","42,810", n/a , n/a , n/a , n/a , n/a , n/a , n/a , n/a , n/a , n/a , n/a , n/a , n/a , n/a , n/a , n/a , n/a , n/a 
4,East of England,4East of England," 4,700 "," 5,500 "," 23,640 ","4,700","5,600","23,960","4,900","5,600","24,170","4,700","5,500","21,080","5,000","5,800","21,250", n/a , n/a , n/a , n/a , n/a , n/a , n/a , n/a , n/a , n/a , n/a , n/a , n/a , n/a , n/a , n/a , n/a , n/a ," 14,900 "," 16,200 "," 20,570 ","14,900","16,200","20,920","15,400","16,700","19,620","15,900","17,200","16,860","16,100","17,300","17,710", n/a , n/a , n/a , n/a , n/a , n/a , n/a , n/a , n/a , n/a , n/a , n/a , n/a , n/a , n/a , n/a , n/a , n/a 
5 or more,East of England,5 or moreEast of England," 5,100 "," 6,000 "," 9,300 ","5,100","6,100","9,720","5,300","6,100","9,810","5,100","6,000","8,500","5,500","6,300","8,560", n/a , n/a , n/a , n/a , n/a , n/a , n/a , n/a , n/a , n/a , n/a , n/a , n/a , n/a , n/a , n/a , n/a , n/a ," 16,100 "," 17,500 "," 8,290 ","15,800","17,300","8,610","16,600","18,000","8,090","16,800","18,400","6,810","17,100","18,700","7,140", n/a , n/a , n/a , n/a , n/a , n/a , n/a , n/a , n/a , n/a , n/a , n/a , n/a , n/a , n/a , n/a , n/a , n/a 
1,London,1London," 2,400 "," 3,200 "," 155,550 ","2,600","3,500","167,050","2,500","3,200","171,100","2,600","3,400","158,360","2,600","3,400","160,700", n/a , n/a , n/a , n/a , n/a , n/a , n/a , n/a , n/a , n/a , n/a , n/a , n/a , n/a , n/a , n/a , n/a , n/a ," 9,700 "," 11,100 "," 125,110 ","9,900","11,200","136,820","10,200","11,600","125,590","10,600","11,900","118,710","10,600","11,900","124,960", n/a , n/a , n/a , n/a , n/a , n/a , n/a , n/a , n/a , n/a , n/a , n/a , n/a , n/a , n/a , n/a , n/a , n/a 
2,London,2London," 3,300 "," 4,000 "," 177,450 ","3,400","4,200","174,960","3,300","4,000","178,040","3,400","4,200","152,720","3,500","4,200","154,290", n/a , n/a , n/a , n/a , n/a , n/a , n/a , n/a , n/a , n/a , n/a , n/a , n/a , n/a , n/a , n/a , n/a , n/a ," 12,800 "," 14,100 "," 156,100 ","12,800","14,100","156,250","13,200","14,500","144,850","13,700","14,900","125,190","13,600","14,900","131,740", n/a , n/a , n/a , n/a , n/a , n/a , n/a , n/a , n/a , n/a , n/a , n/a , n/a , n/a , n/a , n/a , n/a , n/a 
3,London,3London," 3,800 "," 4,500 "," 75,930 ","3,900","4,800","69,670","3,900","4,600","70,710","3,900","4,700","63,710","4,000","4,800","64,470", n/a , n/a , n/a , n/a , n/a , n/a , n/a , n/a , n/a , n/a , n/a , n/a , n/a , n/a , n/a , n/a , n/a , n/a ," 14,200 "," 15,700 "," 70,150 ","14,400","15,700","65,120","14,900","16,300","60,580","15,300","16,600","54,500","15,300","16,600","57,240", n/a , n/a , n/a , n/a , n/a , n/a , n/a , n/a , n/a , n/a , n/a , n/a , n/a , n/a , n/a , n/a , n/a , n/a 
4,London,4London," 4,200 "," 5,000 "," 36,250 ","4,400","5,300","33,270","4,400","5,100","33,690","4,300","5,100","30,120","4,500","5,200","30,480", n/a , n/a , n/a , n/a , n/a , n/a , n/a , n/a , n/a , n/a , n/a , n/a , n/a , n/a , n/a , n/a , n/a , n/a ," 15,900 "," 17,300 "," 34,260 ","16,100","17,400","31,680","16,700","18,000","29,550","16,800","18,100","26,200","17,100","18,300","27,510", n/a , n/a , n/a , n/a , n/a , n/a , n/a , n/a , n/a , n/a , n/a , n/a , n/a , n/a , n/a , n/a , n/a , n/a 
5 or more,London,5 or moreLondon," 4,700 "," 5,600 "," 23,420 ","4,800","6,000","20,820","4,800","5,600","21,100","4,600","5,600","19,030","4,900","5,800","19,270", n/a , n/a , n/a , n/a , n/a , n/a , n/a , n/a , n/a , n/a , n/a , n/a , n/a , n/a , n/a , n/a , n/a , n/a ," 17,400 "," 18,800 "," 22,480 ","17,300","18,600","19,800","17,900","19,300","18,470","17,800","19,200","16,730","18,400","19,700","17,400", n/a , n/a , n/a , n/a , n/a , n/a , n/a , n/a , n/a , n/a , n/a , n/a , n/a , n/a , n/a , n/a , n/a , n/a 
1,South East,1South East," 2,500 "," 3,400 "," 186,580 ","2,700","3,500","198,480","2,600","3,400","207,000","2,700","3,600","182,430","2,700","3,600","183,870", n/a , n/a , n/a , n/a , n/a , n/a , n/a , n/a , n/a , n/a , n/a , n/a , n/a , n/a , n/a , n/a , n/a , n/a ," 10,100 "," 11,300 "," 151,090 ","10,100","11,300","163,320","10,400","11,600","151,800","10,800","12,000","132,670","10,700","11,900","139,940", n/a , n/a , n/a , n/a , n/a , n/a , n/a , n/a , n/a , n/a , n/a , n/a , n/a , n/a , n/a , n/a , n/a , n/a 
2,South East,2South East," 3,600 "," 4,300 "," 263,040 ","3,700","4,500","255,910","3,700","4,400","264,430","3,700","4,500","226,450","3,800","4,600","228,010", n/a , n/a , n/a , n/a , n/a , n/a , n/a , n/a , n/a , n/a , n/a , n/a , n/a , n/a , n/a , n/a , n/a , n/a ," 12,500 "," 13,800 "," 233,580 ","12,500","13,800","228,340","12,900","14,100","213,130","13,500","14,700","181,160","13,400","14,600","190,440", n/a , n/a , n/a , n/a , n/a , n/a , n/a , n/a , n/a , n/a , n/a , n/a , n/a , n/a , n/a , n/a , n/a , n/a 
3,South East,3South East," 4,200 "," 4,900 "," 88,530 ","4,200","5,100","82,220","4,300","5,100","84,810","4,300","5,100","75,480","4,500","5,200","76,120", n/a , n/a , n/a , n/a , n/a , n/a , n/a , n/a , n/a , n/a , n/a , n/a , n/a , n/a , n/a , n/a , n/a , n/a ," 13,600 "," 15,000 "," 80,710 ","13,700","15,000","75,220","14,100","15,400","70,360","14,600","15,900","61,870","14,600","16,000","65,110", n/a , n/a , n/a , n/a , n/a , n/a , n/a , n/a , n/a , n/a , n/a , n/a , n/a , n/a , n/a , n/a , n/a , n/a 
4,South East,4South East," 4,700 "," 5,500 "," 35,810 ","4,700","5,700","35,130","4,900","5,600","36,090","4,800","5,600","31,340","5,100","5,900","31,580", n/a , n/a , n/a , n/a , n/a , n/a , n/a , n/a , n/a , n/a , n/a , n/a , n/a , n/a , n/a , n/a , n/a , n/a ," 14,800 "," 16,300 "," 33,210 ","14,900","16,400","32,510","15,400","16,900","30,380","15,900","17,300","25,950","16,000","17,400","27,230", n/a , n/a , n/a , n/a , n/a , n/a , n/a , n/a , n/a , n/a , n/a , n/a , n/a , n/a , n/a , n/a , n/a , n/a 
5 or more,South East,5 or moreSouth East," 5,100 "," 6,000 "," 14,760 ","5,100","6,400","15,060","5,300","6,200","15,440","5,100","6,100","13,410","5,500","6,400","13,500", n/a , n/a , n/a , n/a , n/a , n/a , n/a , n/a , n/a , n/a , n/a , n/a , n/a , n/a , n/a , n/a , n/a , n/a ," 15,900 "," 17,600 "," 13,770 ","16,000","17,600","13,950","16,500","18,100","12,980","16,700","18,400","11,130","17,100","18,700","11,650", n/a , n/a , n/a , n/a , n/a , n/a , n/a , n/a , n/a , n/a , n/a , n/a , n/a , n/a , n/a , n/a , n/a , n/a 
1,South West,1South West," 2,600 "," 3,600 "," 111,960 ","2,700","3,700","118,680","2,600","3,600","124,680","2,700","3,700","111,290","2,700","3,700","112,290", n/a , n/a , n/a , n/a , n/a , n/a , n/a , n/a , n/a , n/a , n/a , n/a , n/a , n/a , n/a , n/a , n/a , n/a ," 8,800 "," 9,900 "," 84,790 ","8,900","9,900","87,350","9,200","10,200","81,530","9,600","10,600","72,230","9,400","10,500","75,970", n/a , n/a , n/a , n/a , n/a , n/a , n/a , n/a , n/a , n/a , n/a , n/a , n/a , n/a , n/a , n/a , n/a , n/a 
2,South West,2South West," 3,600 "," 4,400 "," 158,050 ","3,600","4,500","163,370","3,600","4,400","168,740","3,600","4,500","146,680","3,700","4,600","147,800", n/a , n/a , n/a , n/a , n/a , n/a , n/a , n/a , n/a , n/a , n/a , n/a , n/a , n/a , n/a , n/a , n/a , n/a ," 10,800 "," 11,900 "," 129,830 ","11,000","12,000","128,540","11,300","12,300","119,980","11,700","12,700","102,870","11,500","12,600","108,030", n/a , n/a , n/a , n/a , n/a , n/a , n/a , n/a , n/a , n/a , n/a , n/a , n/a , n/a , n/a , n/a , n/a , n/a 
3,South West,3South West," 4,100 "," 4,900 "," 49,640 ","4,200","5,100","50,470","4,300","5,100","51,970","4,100","5,000","46,890","4,300","5,200","47,390", n/a , n/a , n/a , n/a , n/a , n/a , n/a , n/a , n/a , n/a , n/a , n/a , n/a , n/a , n/a , n/a , n/a , n/a ," 11,700 "," 12,800 "," 42,610 ","11,800","12,900","41,190","12,200","13,400","38,570","12,600","13,700","34,240","12,500","13,700","35,880", n/a , n/a , n/a , n/a , n/a , n/a , n/a , n/a , n/a , n/a , n/a , n/a , n/a , n/a , n/a , n/a , n/a , n/a 
4,South West,4South West," 4,600 "," 5,500 "," 19,200 ","4,700","5,600","20,490","4,800","5,600","21,100","4,600","5,500","18,970","4,900","5,700","19,110", n/a , n/a , n/a , n/a , n/a , n/a , n/a , n/a , n/a , n/a , n/a , n/a , n/a , n/a , n/a , n/a , n/a , n/a ," 12,600 "," 13,900 "," 16,800 ","12,700","13,900","17,080","13,200","14,400","16,000","13,600","14,800","14,000","13,500","14,800","14,700", n/a , n/a , n/a , n/a , n/a , n/a , n/a , n/a , n/a , n/a , n/a , n/a , n/a , n/a , n/a , n/a , n/a , n/a 
5 or more,South West,5 or moreSouth West," 5,100 "," 6,000 "," 7,060 ","5,300","6,500","8,130","5,400","6,300","8,330","5,100","6,200","7,780","5,500","6,400","7,850", n/a , n/a , n/a , n/a , n/a , n/a , n/a , n/a , n/a , n/a , n/a , n/a , n/a , n/a , n/a , n/a , n/a , n/a ," 13,500 "," 15,000 "," 6,300 ","13,700","15,100","6,750","14,200","15,800","6,290","14,600","16,200","5,680","14,600","16,400","5,960", n/a , n/a , n/a , n/a , n/a , n/a , n/a , n/a , n/a , n/a , n/a , n/a , n/a , n/a , n/a , n/a , n/a , n/a 
1,Wales,1Wales," 2,300 "," 3,000 "," 73,040 ","2,400","3,100","74,750","2,400","3,000","76,860","2,400","3,200","68,220","2,500","3,100","68,880", n/a , n/a , n/a , n/a , n/a , n/a , n/a , n/a , n/a , n/a , n/a , n/a , n/a , n/a , n/a , n/a , n/a , n/a ," 9,400 "," 10,400 "," 64,130 ","9,800","10,600","62,280","10,100","11,100","58,540","10,700","11,600","51,770","10,700","11,700","54,240", n/a , n/a , n/a , n/a , n/a , n/a , n/a , n/a , n/a , n/a , n/a , n/a , n/a , n/a , n/a , n/a , n/a , n/a 
2,Wales,2Wales," 3,300 "," 3,900 "," 83,940 ","3,300","4,000","91,370","3,400","3,900","93,810","3,400","4,000","78,440","3,500","4,100","78,930", n/a , n/a , n/a , n/a , n/a , n/a , n/a , n/a , n/a , n/a , n/a , n/a , n/a , n/a , n/a , n/a , n/a , n/a ," 11,900 "," 12,800 "," 74,550 ","12,100","12,900","76,780","12,500","13,400","71,980","13,300","14,100","59,700","13,200","14,000","62,880", n/a , n/a , n/a , n/a , n/a , n/a , n/a , n/a , n/a , n/a , n/a , n/a , n/a , n/a , n/a , n/a , n/a , n/a 
3,Wales,3Wales," 4,000 "," 4,600 "," 28,750 ","4,000","4,600","29,680","4,100","4,700","30,550","4,000","4,600","26,950","4,200","4,800","27,150", n/a , n/a , n/a , n/a , n/a , n/a , n/a , n/a , n/a , n/a , n/a , n/a , n/a , n/a , n/a , n/a , n/a , n/a ," 13,000 "," 14,000 "," 25,940 ","13,300","14,300","25,410","13,900","14,800","24,000","14,400","15,300","20,630","14,400","15,400","21,640", n/a , n/a , n/a , n/a , n/a , n/a , n/a , n/a , n/a , n/a , n/a , n/a , n/a , n/a , n/a , n/a , n/a , n/a 
4,Wales,4Wales," 4,500 "," 5,100 "," 10,700 ","4,500","5,200","11,760","4,700","5,200","12,060","4,500","5,100","10,460","4,800","5,400","10,540", n/a , n/a , n/a , n/a , n/a , n/a , n/a , n/a , n/a , n/a , n/a , n/a , n/a , n/a , n/a , n/a , n/a , n/a ," 13,900 "," 15,000 "," 9,730 ","14,200","15,200","9,980","14,800","15,800","9,450","15,200","16,300","8,030","15,500","16,500","8,420", n/a , n/a , n/a , n/a , n/a , n/a , n/a , n/a , n/a , n/a , n/a , n/a , n/a , n/a , n/a , n/a , n/a , n/a 
5 or more,Wales,5 or moreWales," 5,100 "," 5,700 "," 3,730 ","5,000","6,000","4,350","5,100","6,000","4,490","4,900","5,700","4,060","5,200","6,000","4,100", n/a , n/a , n/a , n/a , n/a , n/a , n/a , n/a , n/a , n/a , n/a , n/a , n/a , n/a , n/a , n/a , n/a , n/a ," 14,700 "," 16,000 "," 3,310 ","14,600","15,900","3,540","15,400","16,800","3,350","15,700","17,000","3,020","15,800","17,200","3,170", n/a , n/a , n/a , n/a , n/a , n/a , n/a , n/a , n/a , n/a , n/a , n/a , n/a , n/a , n/a , n/a , n/a , n/a 
FP - 1,Pre 1919,FP - 1Pre 1919," 3,200 "," 4,100 "," 290,780 ","3,100","4,100","273,490","3,100","4,000","249,780","3,300","4,400","41,080", n/a , n/a , n/a , n/a , n/a , n/a , n/a , n/a , n/a , n/a , n/a , n/a , n/a , n/a , n/a , n/a , n/a , n/a , n/a , n/a , n/a ," 12,000 "," 13,400 "," 266,800 ","11,800","13,100","256,390","12,400","13,800","201,860","12,500","14,300","31,380", n/a , n/a , n/a , n/a , n/a , n/a , n/a , n/a , n/a , n/a , n/a , n/a , n/a , n/a , n/a , n/a , n/a , n/a , n/a , n/a , n/a 
FP - 1,1919-44,FP - 11919-44," 3,300 "," 3,900 "," 127,390 ","3,300","3,900","181,290","3,300","3,900","180,500","3,200","4,000","42,260", n/a , n/a , n/a , n/a , n/a , n/a , n/a , n/a , n/a , n/a , n/a , n/a , n/a , n/a , n/a , n/a , n/a , n/a , n/a , n/a , n/a ," 11,700 "," 12,600 "," 122,900 ","12,300","13,200","178,970","12,800","13,800","171,390","12,300","13,600","36,360", n/a , n/a , n/a , n/a , n/a , n/a , n/a , n/a , n/a , n/a , n/a , n/a , n/a , n/a , n/a , n/a , n/a , n/a , n/a , n/a , n/a 
FP - 1,1945-64,FP - 11945-64," 3,300 "," 4,200 "," 88,090 ","3,200","3,900","93,600","3,200","3,800","106,930","3,000","3,700","120,250", n/a , n/a , n/a , n/a , n/a , n/a , n/a , n/a , n/a , n/a , n/a , n/a , n/a , n/a , n/a , n/a , n/a , n/a , n/a , n/a , n/a ," 10,700 "," 11,300 "," 70,660 ","10,800","11,400","85,290","11,500","12,200","94,520","11,200","11,800","103,080", n/a , n/a , n/a , n/a , n/a , n/a , n/a , n/a , n/a , n/a , n/a , n/a , n/a , n/a , n/a , n/a , n/a , n/a , n/a , n/a , n/a 
FP - 1,1965-82,FP - 11965-82," 3,200 "," 4,300 "," 85,230 ","3,000","3,900","85,830","2,900","3,700","93,920","3,100","3,700","223,770", n/a , n/a , n/a , n/a , n/a , n/a , n/a , n/a , n/a , n/a , n/a , n/a , n/a , n/a , n/a , n/a , n/a , n/a , n/a , n/a , n/a ," 9,400 "," 10,400 "," 54,500 ","9,200","10,000","66,520","10,000","10,900","67,720","10,800","11,400","176,870", n/a , n/a , n/a , n/a , n/a , n/a , n/a , n/a , n/a , n/a , n/a , n/a , n/a , n/a , n/a , n/a , n/a , n/a , n/a , n/a , n/a 
FP - 1,1983-92,FP - 11983-92," 3,400 "," 4,500 "," 28,440 ","3,000","4,000","27,110","3,000","3,900","34,680","3,400","4,100","117,160", n/a , n/a , n/a , n/a , n/a , n/a , n/a , n/a , n/a , n/a , n/a , n/a , n/a , n/a , n/a , n/a , n/a , n/a , n/a , n/a , n/a ," 8,600 "," 9,900 "," 15,790 ","8,400","9,400","17,780","9,300","10,500","21,400","11,400","12,300","91,630", n/a , n/a , n/a , n/a , n/a , n/a , n/a , n/a , n/a , n/a , n/a , n/a , n/a , n/a , n/a , n/a , n/a , n/a , n/a , n/a , n/a 
FP - 1,1993-99,FP - 11993-99," 3,700 "," 4,900 "," 19,560 ","3,400","4,300","17,900","3,400","4,200","24,500","3,500","4,100","79,490", n/a , n/a , n/a , n/a , n/a , n/a , n/a , n/a , n/a , n/a , n/a , n/a , n/a , n/a , n/a , n/a , n/a , n/a , n/a , n/a , n/a ," 9,200 "," 10,400 "," 11,720 ","8,900","9,900","12,600","9,800","10,900","16,050","11,700","12,600","64,710", n/a , n/a , n/a , n/a , n/a , n/a , n/a , n/a , n/a , n/a , n/a , n/a , n/a , n/a , n/a , n/a , n/a , n/a , n/a , n/a , n/a 
FP - 1,Post 1999,FP - 1Post 1999," 3,400 "," 4,300 "," 28,020 ","3,200","4,100","27,780","3,200","4,000","55,200","3,400","4,200","68,700", n/a , n/a , n/a , n/a , n/a , n/a , n/a , n/a , n/a , n/a , n/a , n/a , n/a , n/a , n/a , n/a , n/a , n/a , n/a , n/a , n/a ," 9,300 "," 10,600 "," 13,280 ","9,000","10,000","14,270","10,200","11,200","23,660","11,200","12,200","35,590", n/a , n/a , n/a , n/a , n/a , n/a , n/a , n/a , n/a , n/a , n/a , n/a , n/a , n/a , n/a , n/a , n/a , n/a , n/a , n/a , n/a 
FP - 2,Pre 1919,FP - 2Pre 1919," 3,200 "," 4,100 "," 145,650 ","3,400","4,600","154,510","3,300","4,200","181,220","3,600","4,700","81,620", n/a , n/a , n/a , n/a , n/a , n/a , n/a , n/a , n/a , n/a , n/a , n/a , n/a , n/a , n/a , n/a , n/a , n/a , n/a , n/a , n/a ," 12,700 "," 14,300 "," 141,560 ","12,800","14,300","138,490","13,000","14,500","136,910","13,900","15,700","60,320", n/a , n/a , n/a , n/a , n/a , n/a , n/a , n/a , n/a , n/a , n/a , n/a , n/a , n/a , n/a , n/a , n/a , n/a , n/a , n/a , n/a 
FP - 2,1919-44,FP - 21919-44," 3,300 "," 3,900 "," 165,210 ","3,400","4,000","170,070","3,500","4,000","170,330","3,600","4,300","87,100", n/a , n/a , n/a , n/a , n/a , n/a , n/a , n/a , n/a , n/a , n/a , n/a , n/a , n/a , n/a , n/a , n/a , n/a , n/a , n/a , n/a ," 13,000 "," 14,000 "," 166,010 ","13,200","14,100","165,540","14,000","15,000","152,850","14,000","15,200","75,450", n/a , n/a , n/a , n/a , n/a , n/a , n/a , n/a , n/a , n/a , n/a , n/a , n/a , n/a , n/a , n/a , n/a , n/a , n/a , n/a , n/a 
FP - 2,1945-64,FP - 21945-64," 3,100 "," 3,700 "," 150,620 ","3,200","3,800","172,050","3,200","3,800","166,990","3,200","3,900","172,920", n/a , n/a , n/a , n/a , n/a , n/a , n/a , n/a , n/a , n/a , n/a , n/a , n/a , n/a , n/a , n/a , n/a , n/a , n/a , n/a , n/a ," 10,900 "," 11,600 "," 147,800 ","11,100","11,800","161,350","11,900","12,600","144,600","12,600","13,400","150,530", n/a , n/a , n/a , n/a , n/a , n/a , n/a , n/a , n/a , n/a , n/a , n/a , n/a , n/a , n/a , n/a , n/a , n/a , n/a , n/a , n/a 
FP - 2,1965-82,FP - 21965-82," 3,000 "," 3,700 "," 121,480 ","3,100","3,900","139,120","3,100","3,800","128,690","3,200","4,000","195,590", n/a , n/a , n/a , n/a , n/a , n/a , n/a , n/a , n/a , n/a , n/a , n/a , n/a , n/a , n/a , n/a , n/a , n/a , n/a , n/a , n/a ," 10,000 "," 10,900 "," 104,750 ","10,200","11,000","115,660","10,900","11,800","98,350","12,300","13,200","158,610", n/a , n/a , n/a , n/a , n/a , n/a , n/a , n/a , n/a , n/a , n/a , n/a , n/a , n/a , n/a , n/a , n/a , n/a , n/a , n/a , n/a 
FP - 2,1983-92,FP - 21983-92," 3,100 "," 4,000 "," 29,210 ","3,200","4,200","35,280","3,200","4,100","34,980","3,500","4,300","55,800", n/a , n/a , n/a , n/a , n/a , n/a , n/a , n/a , n/a , n/a , n/a , n/a , n/a , n/a , n/a , n/a , n/a , n/a , n/a , n/a , n/a ," 9,600 "," 10,900 "," 22,040 ","9,600","10,800","24,670","10,300","11,600","22,720","12,100","13,200","40,300", n/a , n/a , n/a , n/a , n/a , n/a , n/a , n/a , n/a , n/a , n/a , n/a , n/a , n/a , n/a , n/a , n/a , n/a , n/a , n/a , n/a 
FP - 2,1993-99,FP - 21993-99," 3,400 "," 4,200 "," 20,760 ","3,500","4,300","24,620","3,500","4,200","25,190","3,600","4,300","39,840", n/a , n/a , n/a , n/a , n/a , n/a , n/a , n/a , n/a , n/a , n/a , n/a , n/a , n/a , n/a , n/a , n/a , n/a , n/a , n/a , n/a ," 9,800 "," 11,000 "," 17,220 ","9,800","10,900","18,940","10,400","11,700","17,390","12,200","13,400","31,160", n/a , n/a , n/a , n/a , n/a , n/a , n/a , n/a , n/a , n/a , n/a , n/a , n/a , n/a , n/a , n/a , n/a , n/a , n/a , n/a , n/a 
FP - 2,Post 1999,FP - 2Post 1999," 3,200 "," 4,000 "," 32,790 ","3,200","4,000","35,780","3,300","4,100","40,860","3,400","4,200","46,230", n/a , n/a , n/a , n/a , n/a , n/a , n/a , n/a , n/a , n/a , n/a , n/a , n/a , n/a , n/a , n/a , n/a , n/a , n/a , n/a , n/a ," 9,700 "," 10,800 "," 19,690 ","9,800","11,000","20,730","10,500","11,700","17,800","11,600","12,900","25,040", n/a , n/a , n/a , n/a , n/a , n/a , n/a , n/a , n/a , n/a , n/a , n/a , n/a , n/a , n/a , n/a , n/a , n/a , n/a , n/a , n/a 
FP - 3,Pre 1919,FP - 3Pre 1919," 3,300 "," 4,100 "," 96,740 ","3,500","4,700","109,610","3,400","4,300","140,220","3,600","4,700","116,200", n/a , n/a , n/a , n/a , n/a , n/a , n/a , n/a , n/a , n/a , n/a , n/a , n/a , n/a , n/a , n/a , n/a , n/a , n/a , n/a , n/a ," 13,200 "," 14,800 "," 94,650 ","13,300","14,900","98,140","13,700","15,300","109,160","13,900","15,500","84,180", n/a , n/a , n/a , n/a , n/a , n/a , n/a , n/a , n/a , n/a , n/a , n/a , n/a , n/a , n/a , n/a , n/a , n/a , n/a , n/a , n/a 
FP - 3,1919-44,FP - 31919-44," 3,500 "," 4,000 "," 167,980 ","3,600","4,200","143,300","3,600","4,200","157,830","3,500","4,200","127,880", n/a , n/a , n/a , n/a , n/a , n/a , n/a , n/a , n/a , n/a , n/a , n/a , n/a , n/a , n/a , n/a , n/a , n/a , n/a , n/a , n/a ," 14,300 "," 15,400 "," 170,060 ","14,400","15,400","138,680","15,000","16,100","142,910","14,200","15,400","112,030", n/a , n/a , n/a , n/a , n/a , n/a , n/a , n/a , n/a , n/a , n/a , n/a , n/a , n/a , n/a , n/a , n/a , n/a , n/a , n/a , n/a 
FP - 3,1945-64,FP - 31945-64," 3,100 "," 3,700 "," 179,080 ","3,200","3,900","180,530","3,200","3,900","175,260","3,300","4,000","163,930", n/a , n/a , n/a , n/a , n/a , n/a , n/a , n/a , n/a , n/a , n/a , n/a , n/a , n/a , n/a , n/a , n/a , n/a , n/a , n/a , n/a ," 11,700 "," 12,500 "," 179,400 ","11,800","12,500","171,430","12,400","13,200","155,370","13,200","14,000","141,180", n/a , n/a , n/a , n/a , n/a , n/a , n/a , n/a , n/a , n/a , n/a , n/a , n/a , n/a , n/a , n/a , n/a , n/a , n/a , n/a , n/a 
FP - 3,1965-82,FP - 31965-82," 3,000 "," 3,700 "," 165,280 ","3,200","3,900","177,860","3,200","3,800","165,770","3,300","4,000","156,780", n/a , n/a , n/a , n/a , n/a , n/a , n/a , n/a , n/a , n/a , n/a , n/a , n/a , n/a , n/a , n/a , n/a , n/a , n/a , n/a , n/a ," 10,800 "," 11,700 "," 154,030 ","11,000","11,900","155,420","11,600","12,600","134,630","13,100","14,000","124,850", n/a , n/a , n/a , n/a , n/a , n/a , n/a , n/a , n/a , n/a , n/a , n/a , n/a , n/a , n/a , n/a , n/a , n/a , n/a , n/a , n/a 
FP - 3,1983-92,FP - 31983-92," 3,100 "," 3,900 "," 36,480 ","3,300","4,100","42,800","3,300","4,100","43,310","3,400","4,300","41,370", n/a , n/a , n/a , n/a , n/a , n/a , n/a , n/a , n/a , n/a , n/a , n/a , n/a , n/a , n/a , n/a , n/a , n/a , n/a , n/a , n/a ," 10,300 "," 11,500 "," 29,380 ","10,400","11,600","32,170","11,000","12,300","30,520","12,300","13,500","28,440", n/a , n/a , n/a , n/a , n/a , n/a , n/a , n/a , n/a , n/a , n/a , n/a , n/a , n/a , n/a , n/a , n/a , n/a , n/a , n/a , n/a 
FP - 3,1993-99,FP - 31993-99," 3,400 "," 4,200 "," 23,880 ","3,500","4,300","27,440","3,500","4,200","29,880","3,700","4,500","29,970", n/a , n/a , n/a , n/a , n/a , n/a , n/a , n/a , n/a , n/a , n/a , n/a , n/a , n/a , n/a , n/a , n/a , n/a , n/a , n/a , n/a ," 10,500 "," 11,800 "," 21,260 ","10,600","11,800","22,270","11,100","12,400","22,260","12,300","13,600","22,320", n/a , n/a , n/a , n/a , n/a , n/a , n/a , n/a , n/a , n/a , n/a , n/a , n/a , n/a , n/a , n/a , n/a , n/a , n/a , n/a , n/a 
FP - 3,Post 1999,FP - 3Post 1999," 3,200 "," 4,000 "," 37,660 ","3,300","4,100","39,470","3,300","4,000","42,400","3,500","4,300","40,290", n/a , n/a , n/a , n/a , n/a , n/a , n/a , n/a , n/a , n/a , n/a , n/a , n/a , n/a , n/a , n/a , n/a , n/a , n/a , n/a , n/a ," 10,500 "," 11,600 "," 24,300 ","10,500","11,600","24,230","10,700","12,000","19,650","11,700","13,100","21,090", n/a , n/a , n/a , n/a , n/a , n/a , n/a , n/a , n/a , n/a , n/a , n/a , n/a , n/a , n/a , n/a , n/a , n/a , n/a , n/a , n/a 
FP - 4,Pre 1919,FP - 4Pre 1919," 3,400 "," 4,400 "," 69,630 ","3,600","4,800","81,590","3,400","4,300","101,390","3,400","4,500","146,620", n/a , n/a , n/a , n/a , n/a , n/a , n/a , n/a , n/a , n/a , n/a , n/a , n/a , n/a , n/a , n/a , n/a , n/a , n/a , n/a , n/a ," 13,800 "," 15,500 "," 66,460 ","13,900","15,700","73,620","14,000","15,600","77,430","13,900","15,400","112,980", n/a , n/a , n/a , n/a , n/a , n/a , n/a , n/a , n/a , n/a , n/a , n/a , n/a , n/a , n/a , n/a , n/a , n/a , n/a , n/a , n/a 
FP - 4,1919-44,FP - 41919-44," 3,600 "," 4,300 "," 133,840 ","3,700","4,400","119,580","3,700","4,300","118,500","3,500","4,200","164,480", n/a , n/a , n/a , n/a , n/a , n/a , n/a , n/a , n/a , n/a , n/a , n/a , n/a , n/a , n/a , n/a , n/a , n/a , n/a , n/a , n/a ," 15,000 "," 16,200 "," 133,250 ","15,100","16,200","115,430","15,200","16,300","103,040","15,000","16,000","147,190", n/a , n/a , n/a , n/a , n/a , n/a , n/a , n/a , n/a , n/a , n/a , n/a , n/a , n/a , n/a , n/a , n/a , n/a , n/a , n/a , n/a 
FP - 4,1945-64,FP - 41945-64," 3,200 "," 3,900 "," 192,180 ","3,300","4,000","183,110","3,300","3,900","176,580","3,300","4,000","133,790", n/a , n/a , n/a , n/a , n/a , n/a , n/a , n/a , n/a , n/a , n/a , n/a , n/a , n/a , n/a , n/a , n/a , n/a , n/a , n/a , n/a ," 12,600 "," 13,500 "," 190,510 ","12,600","13,500","175,120","12,800","13,800","159,350","13,800","14,700","115,640", n/a , n/a , n/a , n/a , n/a , n/a , n/a , n/a , n/a , n/a , n/a , n/a , n/a , n/a , n/a , n/a , n/a , n/a , n/a , n/a , n/a 
FP - 4,1965-82,FP - 41965-82," 3,200 "," 3,800 "," 219,590 ","3,200","3,900","214,380","3,300","3,900","207,940","3,200","4,000","105,410", n/a , n/a , n/a , n/a , n/a , n/a , n/a , n/a , n/a , n/a , n/a , n/a , n/a , n/a , n/a , n/a , n/a , n/a , n/a , n/a , n/a ," 11,800 "," 12,700 "," 209,430 ","11,900","12,700","194,170","12,200","13,100","176,840","13,200","14,200","82,660", n/a , n/a , n/a , n/a , n/a , n/a , n/a , n/a , n/a , n/a , n/a , n/a , n/a , n/a , n/a , n/a , n/a , n/a , n/a , n/a , n/a 
FP - 4,1983-92,FP - 41983-92," 3,300 "," 4,000 "," 52,660 ","3,400","4,200","55,980","3,400","4,100","53,090","3,400","4,300","29,300", n/a , n/a , n/a , n/a , n/a , n/a , n/a , n/a , n/a , n/a , n/a , n/a , n/a , n/a , n/a , n/a , n/a , n/a , n/a , n/a , n/a ," 11,100 "," 12,300 "," 43,550 ","11,300","12,400","45,240","11,700","12,900","39,560","12,000","13,300","19,530", n/a , n/a , n/a , n/a , n/a , n/a , n/a , n/a , n/a , n/a , n/a , n/a , n/a , n/a , n/a , n/a , n/a , n/a , n/a , n/a , n/a 
FP - 4,1993-99,FP - 41993-99," 3,400 "," 4,200 "," 33,200 ","3,500","4,300","34,980","3,600","4,300","36,470","3,600","4,500","21,580", n/a , n/a , n/a , n/a , n/a , n/a , n/a , n/a , n/a , n/a , n/a , n/a , n/a , n/a , n/a , n/a , n/a , n/a , n/a , n/a , n/a ," 11,200 "," 12,400 "," 30,070 ","11,400","12,600","30,190","12,200","13,300","28,960","12,100","13,600","15,430", n/a , n/a , n/a , n/a , n/a , n/a , n/a , n/a , n/a , n/a , n/a , n/a , n/a , n/a , n/a , n/a , n/a , n/a , n/a , n/a , n/a 
FP - 4,Post 1999,FP - 4Post 1999," 3,300 "," 4,100 "," 47,600 ","3,400","4,200","47,560","3,400","4,100","48,380","3,400","4,300","33,940", n/a , n/a , n/a , n/a , n/a , n/a , n/a , n/a , n/a , n/a , n/a , n/a , n/a , n/a , n/a , n/a , n/a , n/a , n/a , n/a , n/a ," 10,700 "," 11,900 "," 31,110 ","10,900","12,100","30,020","11,300","12,600","22,890","11,700","13,000","17,380", n/a , n/a , n/a , n/a , n/a , n/a , n/a , n/a , n/a , n/a , n/a , n/a , n/a , n/a , n/a , n/a , n/a , n/a , n/a , n/a , n/a 
FP - 5,Pre 1919,FP - 5Pre 1919," 3,600 "," 4,600 "," 37,010 ","3,700","5,100","45,480","3,400","4,300","50,710","3,200","4,100","266,530", n/a , n/a , n/a , n/a , n/a , n/a , n/a , n/a , n/a , n/a , n/a , n/a , n/a , n/a , n/a , n/a , n/a , n/a , n/a , n/a , n/a ," 14,200 "," 16,100 "," 33,890 ","14,200","16,300","40,730","13,800","15,600","35,630","13,400","14,800","220,170", n/a , n/a , n/a , n/a , n/a , n/a , n/a , n/a , n/a , n/a , n/a , n/a , n/a , n/a , n/a , n/a , n/a , n/a , n/a , n/a , n/a 
FP - 5,1919-44,FP - 51919-44," 3,700 "," 4,500 "," 62,350 ","3,800","4,700","59,450","3,600","4,300","55,500","3,500","4,100","174,900", n/a , n/a , n/a , n/a , n/a , n/a , n/a , n/a , n/a , n/a , n/a , n/a , n/a , n/a , n/a , n/a , n/a , n/a , n/a , n/a , n/a ," 15,300 "," 16,600 "," 60,650 ","15,600","17,000","56,180","14,800","15,900","44,800","15,600","16,600","158,610", n/a , n/a , n/a , n/a , n/a , n/a , n/a , n/a , n/a , n/a , n/a , n/a , n/a , n/a , n/a , n/a , n/a , n/a , n/a , n/a , n/a 
FP - 5,1945-64,FP - 51945-64," 3,300 "," 4,000 "," 117,540 ","3,300","4,100","117,310","3,200","3,900","134,370","3,300","4,100","64,540", n/a , n/a , n/a , n/a , n/a , n/a , n/a , n/a , n/a , n/a , n/a , n/a , n/a , n/a , n/a , n/a , n/a , n/a , n/a , n/a , n/a ," 13,300 "," 14,300 "," 115,000 ","13,200","14,300","112,110","12,900","13,700","111,100","14,000","14,900","53,990", n/a , n/a , n/a , n/a , n/a , n/a , n/a , n/a , n/a , n/a , n/a , n/a , n/a , n/a , n/a , n/a , n/a , n/a , n/a , n/a , n/a 
FP - 5,1965-82,FP - 51965-82," 3,200 "," 3,800 "," 211,150 ","3,300","3,900","209,660","3,300","3,800","250,890","3,000","4,000","51,650", n/a , n/a , n/a , n/a , n/a , n/a , n/a , n/a , n/a , n/a , n/a , n/a , n/a , n/a , n/a , n/a , n/a , n/a , n/a , n/a , n/a ," 12,000 "," 12,800 "," 200,570 ","12,100","13,000","193,460","11,900","12,700","203,860","12,100","13,200","37,210", n/a , n/a , n/a , n/a , n/a , n/a , n/a , n/a , n/a , n/a , n/a , n/a , n/a , n/a , n/a , n/a , n/a , n/a , n/a , n/a , n/a 
FP - 5,1983-92,FP - 51983-92," 3,300 "," 4,000 "," 134,960 ","3,400","4,100","129,320","3,400","4,000","134,840","3,100","4,100","21,860", n/a , n/a , n/a , n/a , n/a , n/a , n/a , n/a , n/a , n/a , n/a , n/a , n/a , n/a , n/a , n/a , n/a , n/a , n/a , n/a , n/a ," 11,400 "," 12,300 "," 121,060 ","11,600","12,500","112,490","11,700","12,500","106,590","10,200","11,700","13,770", n/a , n/a , n/a , n/a , n/a , n/a , n/a , n/a , n/a , n/a , n/a , n/a , n/a , n/a , n/a , n/a , n/a , n/a , n/a , n/a , n/a 
FP - 5,1993-99,FP - 51993-99," 3,500 "," 4,100 "," 85,400 ","3,500","4,200","84,200","3,600","4,100","82,310","3,500","4,500","14,970", n/a , n/a , n/a , n/a , n/a , n/a , n/a , n/a , n/a , n/a , n/a , n/a , n/a , n/a , n/a , n/a , n/a , n/a , n/a , n/a , n/a ," 11,900 "," 12,800 "," 81,180 ","12,100","12,900","77,740","12,000","12,900","66,100","10,700","12,200","9,960", n/a , n/a , n/a , n/a , n/a , n/a , n/a , n/a , n/a , n/a , n/a , n/a , n/a , n/a , n/a , n/a , n/a , n/a , n/a , n/a , n/a 
FP - 5,Post 1999,FP - 5Post 1999," 3,400 "," 4,100 "," 86,560 ","3,500","4,300","91,610","3,400","4,100","78,530","3,300","4,200","28,960", n/a , n/a , n/a , n/a , n/a , n/a , n/a , n/a , n/a , n/a , n/a , n/a , n/a , n/a , n/a , n/a , n/a , n/a , n/a , n/a , n/a ," 11,300 "," 12,400 "," 62,090 ","11,400","12,500","60,650","11,300","12,400","37,940","10,200","11,800","13,800", n/a , n/a , n/a , n/a , n/a , n/a , n/a , n/a , n/a , n/a , n/a , n/a , n/a , n/a , n/a , n/a , n/a , n/a , n/a , n/a , n/a 
FP - 1,Detached,FP - 1Detached," 4,800 "," 6,100 "," 59,620 ","4,500","6,200","43,070","4,500","5,600","64,470","4,100","4,800","125,450", n/a , n/a , n/a , n/a , n/a , n/a , n/a , n/a , n/a , n/a , n/a , n/a , n/a , n/a , n/a , n/a , n/a , n/a , n/a , n/a , n/a ," 17,900 "," 19,500 "," 22,640 ","17,400","18,800","24,690","18,200","19,700","38,370","16,400","17,500","110,100", n/a , n/a , n/a , n/a , n/a , n/a , n/a , n/a , n/a , n/a , n/a , n/a , n/a , n/a , n/a , n/a , n/a , n/a , n/a , n/a , n/a 
FP - 1,Semi detached,FP - 1Semi detached," 3,600 "," 4,400 "," 142,820 ","3,500","4,100","173,750","3,500","4,100","196,470","3,400","4,000","114,720", n/a , n/a , n/a , n/a , n/a , n/a , n/a , n/a , n/a , n/a , n/a , n/a , n/a , n/a , n/a , n/a , n/a , n/a , n/a , n/a , n/a ," 12,500 "," 13,700 "," 120,840 ","12,800","13,800","163,690","13,200","14,200","179,160","11,900","12,700","101,190", n/a , n/a , n/a , n/a , n/a , n/a , n/a , n/a , n/a , n/a , n/a , n/a , n/a , n/a , n/a , n/a , n/a , n/a , n/a , n/a , n/a 
FP - 1,End terrace,FP - 1End terrace," 3,400 "," 4,100 "," 76,760 ","3,300","4,000","86,680","3,300","3,900","78,440","3,300","3,900","68,420", n/a , n/a , n/a , n/a , n/a , n/a , n/a , n/a , n/a , n/a , n/a , n/a , n/a , n/a , n/a , n/a , n/a , n/a , n/a , n/a , n/a ," 12,000 "," 13,200 "," 71,010 ","12,000","13,000","82,550","12,200","13,200","70,320","11,100","11,700","59,250", n/a , n/a , n/a , n/a , n/a , n/a , n/a , n/a , n/a , n/a , n/a , n/a , n/a , n/a , n/a , n/a , n/a , n/a , n/a , n/a , n/a 
FP - 1,Mid terrace,FP - 1Mid terrace," 3,000 "," 3,700 "," 249,150 ","3,000","3,600","267,540","3,000","3,600","220,180","3,200","3,800","117,840", n/a , n/a , n/a , n/a , n/a , n/a , n/a , n/a , n/a , n/a , n/a , n/a , n/a , n/a , n/a , n/a , n/a , n/a , n/a , n/a , n/a ," 11,100 "," 12,200 "," 247,460 ","11,000","12,000","264,080","11,400","12,400","204,470","10,100","10,800","101,690", n/a , n/a , n/a , n/a , n/a , n/a , n/a , n/a , n/a , n/a , n/a , n/a , n/a , n/a , n/a , n/a , n/a , n/a , n/a , n/a , n/a 
FP - 1,Bungalow,FP - 1Bungalow," 3,500 "," 4,800 "," 45,060 ","3,000","4,200","34,180","2,900","4,000","44,370","2,800","3,700","55,110", n/a , n/a , n/a , n/a , n/a , n/a , n/a , n/a , n/a , n/a , n/a , n/a , n/a , n/a , n/a , n/a , n/a , n/a , n/a , n/a , n/a ," 10,900 "," 12,200 "," 20,720 ","10,500","11,800","22,560","11,500","12,700","30,330","12,100","13,200","46,350", n/a , n/a , n/a , n/a , n/a , n/a , n/a , n/a , n/a , n/a , n/a , n/a , n/a , n/a , n/a , n/a , n/a , n/a , n/a , n/a , n/a 
FP - 1,Converted flat,FP - 1Converted flat," 2,700 "," 4,100 "," 21,960 ","2,700","4,300","20,850","2,500","3,600","34,840","2,700","4,000","15,970", n/a , n/a , n/a , n/a , n/a , n/a , n/a , n/a , n/a , n/a , n/a , n/a , n/a , n/a , n/a , n/a , n/a , n/a , n/a , n/a , n/a ," 7,800 "," 9,300 "," 25,290 ","7,300","8,900","19,910","7,500","9,100","17,130","8,600","10,100","9,980", n/a , n/a , n/a , n/a , n/a , n/a , n/a , n/a , n/a , n/a , n/a , n/a , n/a , n/a , n/a , n/a , n/a , n/a , n/a , n/a , n/a 
FP - 1,Purpose built flat,FP - 1Purpose built flat," 2,300 "," 3,400 "," 72,150 ","2,300","3,400","80,930","2,400","3,300","106,750","2,500","3,500","195,190", n/a , n/a , n/a , n/a , n/a , n/a , n/a , n/a , n/a , n/a , n/a , n/a , n/a , n/a , n/a , n/a , n/a , n/a , n/a , n/a , n/a ," 6,300 "," 7,300 "," 47,710 ","6,200","7,000","54,340","6,300","7,100","56,820","6,900","7,600","111,070", n/a , n/a , n/a , n/a , n/a , n/a , n/a , n/a , n/a , n/a , n/a , n/a , n/a , n/a , n/a , n/a , n/a , n/a , n/a , n/a , n/a 
FP - 2,Detached,FP - 2Detached," 4,300 "," 5,300 "," 56,300 ","4,400","5,700","75,110","4,500","5,600","86,030","4,400","5,300","121,680", n/a , n/a , n/a , n/a , n/a , n/a , n/a , n/a , n/a , n/a , n/a , n/a , n/a , n/a , n/a , n/a , n/a , n/a , n/a , n/a , n/a ," 17,800 "," 19,300 "," 46,420 ","17,600","19,000","55,090","18,700","20,200","56,220","18,300","19,700","96,640", n/a , n/a , n/a , n/a , n/a , n/a , n/a , n/a , n/a , n/a , n/a , n/a , n/a , n/a , n/a , n/a , n/a , n/a , n/a , n/a , n/a 
FP - 2,Semi detached,FP - 2Semi detached," 3,400 "," 4,000 "," 198,500 ","3,500","4,200","226,480","3,500","4,100","228,280","3,500","4,200","174,640", n/a , n/a , n/a , n/a , n/a , n/a , n/a , n/a , n/a , n/a , n/a , n/a , n/a , n/a , n/a , n/a , n/a , n/a , n/a , n/a , n/a ," 13,000 "," 14,000 "," 198,100 ","13,100","14,000","213,910","13,700","14,600","198,070","13,300","14,100","151,730", n/a , n/a , n/a , n/a , n/a , n/a , n/a , n/a , n/a , n/a , n/a , n/a , n/a , n/a , n/a , n/a , n/a , n/a , n/a , n/a , n/a 
FP - 2,End terrace,FP - 2End terrace," 3,300 "," 3,900 "," 76,980 ","3,400","4,000","79,390","3,300","4,000","77,640","3,400","4,000","61,460", n/a , n/a , n/a , n/a , n/a , n/a , n/a , n/a , n/a , n/a , n/a , n/a , n/a , n/a , n/a , n/a , n/a , n/a , n/a , n/a , n/a ," 11,900 "," 12,800 "," 76,730 ","11,700","12,700","74,980","12,200","13,100","67,220","12,100","12,800","52,810", n/a , n/a , n/a , n/a , n/a , n/a , n/a , n/a , n/a , n/a , n/a , n/a , n/a , n/a , n/a , n/a , n/a , n/a , n/a , n/a , n/a 
FP - 2,Mid terrace,FP - 2Mid terrace," 3,100 "," 3,700 "," 167,400 ","3,200","3,800","167,690","3,100","3,700","176,230","3,200","3,800","105,160", n/a , n/a , n/a , n/a , n/a , n/a , n/a , n/a , n/a , n/a , n/a , n/a , n/a , n/a , n/a , n/a , n/a , n/a , n/a , n/a , n/a ," 10,800 "," 11,700 "," 168,410 ","10,800","11,700","162,530","11,200","12,000","156,640","11,000","11,700","91,410", n/a , n/a , n/a , n/a , n/a , n/a , n/a , n/a , n/a , n/a , n/a , n/a , n/a , n/a , n/a , n/a , n/a , n/a , n/a , n/a , n/a 
FP - 2,Bungalow,FP - 2Bungalow," 2,800 "," 3,800 "," 47,060 ","2,900","4,000","61,530","2,900","3,900","64,410","3,000","3,900","96,010", n/a , n/a , n/a , n/a , n/a , n/a , n/a , n/a , n/a , n/a , n/a , n/a , n/a , n/a , n/a , n/a , n/a , n/a , n/a , n/a , n/a ," 11,200 "," 12,500 "," 40,500 ","11,300","12,500","48,190","12,100","13,400","46,450","13,100","14,100","77,180", n/a , n/a , n/a , n/a , n/a , n/a , n/a , n/a , n/a , n/a , n/a , n/a , n/a , n/a , n/a , n/a , n/a , n/a , n/a , n/a , n/a 
FP - 2,Converted flat,FP - 2Converted flat," 2,600 "," 3,900 "," 15,680 ","2,800","4,400","16,220","2,500","3,500","22,860","2,600","3,900","17,400", n/a , n/a , n/a , n/a , n/a , n/a , n/a , n/a , n/a , n/a , n/a , n/a , n/a , n/a , n/a , n/a , n/a , n/a , n/a , n/a , n/a ," 8,300 "," 9,700 "," 16,080 ","8,300","9,800","17,050","8,500","10,100","11,970","9,200","11,000","12,120", n/a , n/a , n/a , n/a , n/a , n/a , n/a , n/a , n/a , n/a , n/a , n/a , n/a , n/a , n/a , n/a , n/a , n/a , n/a , n/a , n/a 
FP - 2,Purpose built flat,FP - 2Purpose built flat," 2,300 "," 3,300 "," 103,790 ","2,400","3,400","105,010","2,300","3,200","92,830","2,400","3,500","102,750", n/a , n/a , n/a , n/a , n/a , n/a , n/a , n/a , n/a , n/a , n/a , n/a , n/a , n/a , n/a , n/a , n/a , n/a , n/a , n/a , n/a ," 6,500 "," 7,300 "," 72,840 ","6,500","7,300","73,610","6,600","7,300","54,040","7,000","7,800","59,530", n/a , n/a , n/a , n/a , n/a , n/a , n/a , n/a , n/a , n/a , n/a , n/a , n/a , n/a , n/a , n/a , n/a , n/a , n/a , n/a , n/a 
FP - 3,Detached,FP - 3Detached," 4,200 "," 4,900 "," 85,030 ","4,300","5,400","101,610","4,400","5,300","109,960","4,500","5,500","114,690", n/a , n/a , n/a , n/a , n/a , n/a , n/a , n/a , n/a , n/a , n/a , n/a , n/a , n/a , n/a , n/a , n/a , n/a , n/a , n/a , n/a ," 17,900 "," 19,500 "," 81,500 ","17,600","19,100","85,270","18,700","20,300","85,530","19,000","20,500","84,590", n/a , n/a , n/a , n/a , n/a , n/a , n/a , n/a , n/a , n/a , n/a , n/a , n/a , n/a , n/a , n/a , n/a , n/a , n/a , n/a , n/a 
FP - 3,Semi detached,FP - 3Semi detached," 3,500 "," 4,000 "," 235,290 ","3,500","4,200","227,150","3,600","4,100","226,940","3,500","4,200","201,640", n/a , n/a , n/a , n/a , n/a , n/a , n/a , n/a , n/a , n/a , n/a , n/a , n/a , n/a , n/a , n/a , n/a , n/a , n/a , n/a , n/a ," 13,500 "," 14,400 "," 240,520 ","13,400","14,300","217,560","14,000","15,000","202,140","14,000","14,800","173,890", n/a , n/a , n/a , n/a , n/a , n/a , n/a , n/a , n/a , n/a , n/a , n/a , n/a , n/a , n/a , n/a , n/a , n/a , n/a , n/a , n/a 
FP - 3,End terrace,FP - 3End terrace," 3,300 "," 3,900 "," 67,340 ","3,300","4,000","65,790","3,400","4,000","68,620","3,400","4,000","59,260", n/a , n/a , n/a , n/a , n/a , n/a , n/a , n/a , n/a , n/a , n/a , n/a , n/a , n/a , n/a , n/a , n/a , n/a , n/a , n/a , n/a ," 11,800 "," 12,700 "," 67,270 ","11,700","12,600","62,240","12,300","13,200","59,960","12,700","13,600","50,500", n/a , n/a , n/a , n/a , n/a , n/a , n/a , n/a , n/a , n/a , n/a , n/a , n/a , n/a , n/a , n/a , n/a , n/a , n/a , n/a , n/a 
FP - 3,Mid terrace,FP - 3Mid terrace," 3,100 "," 3,700 "," 127,720 ","3,200","3,800","125,090","3,200","3,800","140,610","3,200","3,800","110,370", n/a , n/a , n/a , n/a , n/a , n/a , n/a , n/a , n/a , n/a , n/a , n/a , n/a , n/a , n/a , n/a , n/a , n/a , n/a , n/a , n/a ," 10,600 "," 11,400 "," 128,250 ","10,700","11,600","120,620","11,200","12,200","125,080","11,600","12,400","96,040", n/a , n/a , n/a , n/a , n/a , n/a , n/a , n/a , n/a , n/a , n/a , n/a , n/a , n/a , n/a , n/a , n/a , n/a , n/a , n/a , n/a 
FP - 3,Bungalow,FP - 3Bungalow," 2,800 "," 3,600 "," 63,650 ","2,900","3,900","78,420","3,000","3,900","79,210","3,000","4,000","88,990", n/a , n/a , n/a , n/a , n/a , n/a , n/a , n/a , n/a , n/a , n/a , n/a , n/a , n/a , n/a , n/a , n/a , n/a , n/a , n/a , n/a ," 12,200 "," 13,400 "," 61,520 ","12,200","13,300","67,340","12,900","14,100","64,210","13,500","14,700","68,810", n/a , n/a , n/a , n/a , n/a , n/a , n/a , n/a , n/a , n/a , n/a , n/a , n/a , n/a , n/a , n/a , n/a , n/a , n/a , n/a , n/a 
FP - 3,Converted flat,FP - 3Converted flat," 2,700 "," 4,100 "," 11,390 ","2,800","4,400","12,270","2,500","3,500","22,470","2,600","3,900","20,260", n/a , n/a , n/a , n/a , n/a , n/a , n/a , n/a , n/a , n/a , n/a , n/a , n/a , n/a , n/a , n/a , n/a , n/a , n/a , n/a , n/a ," 8,300 "," 9,900 "," 10,380 ","8,400","9,900","12,310","8,800","10,500","12,780","9,300","11,000","14,030", n/a , n/a , n/a , n/a , n/a , n/a , n/a , n/a , n/a , n/a , n/a , n/a , n/a , n/a , n/a , n/a , n/a , n/a , n/a , n/a , n/a 
FP - 3,Purpose built flat,FP - 3Purpose built flat," 2,300 "," 3,300 "," 116,700 ","2,400","3,400","110,700","2,300","3,200","106,850","2,400","3,500","81,220", n/a , n/a , n/a , n/a , n/a , n/a , n/a , n/a , n/a , n/a , n/a , n/a , n/a , n/a , n/a , n/a , n/a , n/a , n/a , n/a , n/a ," 6,700 "," 7,400 "," 83,650 ","6,700","7,400","77,020","6,900","7,600","64,820","7,200","8,000","46,230", n/a , n/a , n/a , n/a , n/a , n/a , n/a , n/a , n/a , n/a , n/a , n/a , n/a , n/a , n/a , n/a , n/a , n/a , n/a , n/a , n/a 
FP - 4,Detached,FP - 4Detached," 4,200 "," 5,000 "," 134,450 ","4,300","5,300","137,770","4,300","5,100","129,670","4,500","5,500","95,200", n/a , n/a , n/a , n/a , n/a , n/a , n/a , n/a , n/a , n/a , n/a , n/a , n/a , n/a , n/a , n/a , n/a , n/a , n/a , n/a , n/a ," 18,000 "," 19,500 "," 131,340 ","17,800","19,300","125,550","18,400","19,800","108,910","19,800","21,200","69,300", n/a , n/a , n/a , n/a , n/a , n/a , n/a , n/a , n/a , n/a , n/a , n/a , n/a , n/a , n/a , n/a , n/a , n/a , n/a , n/a , n/a 
FP - 4,Semi detached,FP - 4Semi detached," 3,500 "," 4,000 "," 228,000 ","3,600","4,200","214,280","3,600","4,100","201,900","3,600","4,200","204,200", n/a , n/a , n/a , n/a , n/a , n/a , n/a , n/a , n/a , n/a , n/a , n/a , n/a , n/a , n/a , n/a , n/a , n/a , n/a , n/a , n/a ," 13,400 "," 14,300 "," 230,800 ","13,500","14,400","207,800","13,900","14,700","180,110","14,700","15,600","178,280", n/a , n/a , n/a , n/a , n/a , n/a , n/a , n/a , n/a , n/a , n/a , n/a , n/a , n/a , n/a , n/a , n/a , n/a , n/a , n/a , n/a 
FP - 4,End terrace,FP - 4End terrace," 3,300 "," 3,900 "," 58,230 ","3,300","4,000","57,770","3,400","4,000","62,050","3,400","4,100","56,810", n/a , n/a , n/a , n/a , n/a , n/a , n/a , n/a , n/a , n/a , n/a , n/a , n/a , n/a , n/a , n/a , n/a , n/a , n/a , n/a , n/a ," 11,600 "," 12,500 "," 57,020 ","11,800","12,600","55,100","12,200","13,100","53,920","13,600","14,500","48,910", n/a , n/a , n/a , n/a , n/a , n/a , n/a , n/a , n/a , n/a , n/a , n/a , n/a , n/a , n/a , n/a , n/a , n/a , n/a , n/a , n/a 
FP - 4,Mid terrace,FP - 4Mid terrace," 3,100 "," 3,700 "," 99,780 ","3,200","3,800","101,680","3,200","3,800","116,290","3,100","3,800","123,930", n/a , n/a , n/a , n/a , n/a , n/a , n/a , n/a , n/a , n/a , n/a , n/a , n/a , n/a , n/a , n/a , n/a , n/a , n/a , n/a , n/a ," 10,300 "," 11,000 "," 98,100 ","10,500","11,300","97,600","11,000","11,900","102,230","12,100","13,000","109,090", n/a , n/a , n/a , n/a , n/a , n/a , n/a , n/a , n/a , n/a , n/a , n/a , n/a , n/a , n/a , n/a , n/a , n/a , n/a , n/a , n/a 
FP - 4,Bungalow,FP - 4Bungalow," 2,900 "," 3,700 "," 96,450 ","3,000","3,900","101,390","3,000","3,800","95,440","3,000","4,000","68,080", n/a , n/a , n/a , n/a , n/a , n/a , n/a , n/a , n/a , n/a , n/a , n/a , n/a , n/a , n/a , n/a , n/a , n/a , n/a , n/a , n/a ," 13,000 "," 14,100 "," 95,210 ","12,900","14,000","92,610","13,300","14,400","81,880","14,100","15,200","53,230", n/a , n/a , n/a , n/a , n/a , n/a , n/a , n/a , n/a , n/a , n/a , n/a , n/a , n/a , n/a , n/a , n/a , n/a , n/a , n/a , n/a 
FP - 4,Converted flat,FP - 4Converted flat," 2,700 "," 4,000 "," 9,220 ","2,900","4,500","10,180","2,500","3,400","19,400","2,600","4,000","21,790", n/a , n/a , n/a , n/a , n/a , n/a , n/a , n/a , n/a , n/a , n/a , n/a , n/a , n/a , n/a , n/a , n/a , n/a , n/a , n/a , n/a ," 8,400 "," 10,000 "," 7,890 ","8,600","10,200","9,180","9,000","10,500","10,830","9,100","11,000","15,060", n/a , n/a , n/a , n/a , n/a , n/a , n/a , n/a , n/a , n/a , n/a , n/a , n/a , n/a , n/a , n/a , n/a , n/a , n/a , n/a , n/a 
FP - 4,Purpose built flat,FP - 4Purpose built flat," 2,400 "," 3,400 "," 122,570 ","2,400","3,500","114,110","2,500","3,300","117,600","2,400","3,500","65,110", n/a , n/a , n/a , n/a , n/a , n/a , n/a , n/a , n/a , n/a , n/a , n/a , n/a , n/a , n/a , n/a , n/a , n/a , n/a , n/a , n/a ," 6,700 "," 7,500 "," 84,010 ","6,700","7,400","75,950","7,200","7,900","70,200","7,400","8,200","36,940", n/a , n/a , n/a , n/a , n/a , n/a , n/a , n/a , n/a , n/a , n/a , n/a , n/a , n/a , n/a , n/a , n/a , n/a , n/a , n/a , n/a 
FP - 5,Detached,FP - 5Detached," 4,100 "," 4,700 "," 202,910 ","4,200","5,000","202,170","4,200","4,700","189,770","4,600","5,800","62,180", n/a , n/a , n/a , n/a , n/a , n/a , n/a , n/a , n/a , n/a , n/a , n/a , n/a , n/a , n/a , n/a , n/a , n/a , n/a , n/a , n/a ," 16,200 "," 17,500 "," 202,010 ","16,500","17,900","194,600","16,400","17,500","160,820","21,000","22,400","42,090", n/a , n/a , n/a , n/a , n/a , n/a , n/a , n/a , n/a , n/a , n/a , n/a , n/a , n/a , n/a , n/a , n/a , n/a , n/a , n/a , n/a 
FP - 5,Semi detached,FP - 5Semi detached," 3,400 "," 3,900 "," 162,170 ","3,400","4,000","155,370","3,500","4,000","159,630","3,600","4,200","183,290", n/a , n/a , n/a , n/a , n/a , n/a , n/a , n/a , n/a , n/a , n/a , n/a , n/a , n/a , n/a , n/a , n/a , n/a , n/a , n/a , n/a ," 12,100 "," 13,000 "," 162,070 ","12,400","13,300","151,370","12,400","13,300","135,730","15,800","16,800","161,480", n/a , n/a , n/a , n/a , n/a , n/a , n/a , n/a , n/a , n/a , n/a , n/a , n/a , n/a , n/a , n/a , n/a , n/a , n/a , n/a , n/a 
FP - 5,End terrace,FP - 5End terrace," 3,100 "," 3,800 "," 55,380 ","3,200","3,800","53,520","3,300","3,900","62,080","3,300","4,000","57,880", n/a , n/a , n/a , n/a , n/a , n/a , n/a , n/a , n/a , n/a , n/a , n/a , n/a , n/a , n/a , n/a , n/a , n/a , n/a , n/a , n/a ," 10,500 "," 11,300 "," 53,260 ","10,700","11,600","50,710","10,900","11,700","51,450","14,000","15,100","50,560", n/a , n/a , n/a , n/a , n/a , n/a , n/a , n/a , n/a , n/a , n/a , n/a , n/a , n/a , n/a , n/a , n/a , n/a , n/a , n/a , n/a 
FP - 5,Mid terrace,FP - 5Mid terrace," 3,000 "," 3,600 "," 84,880 ","3,000","3,700","83,960","3,100","3,700","102,320","3,000","3,600","198,050", n/a , n/a , n/a , n/a , n/a , n/a , n/a , n/a , n/a , n/a , n/a , n/a , n/a , n/a , n/a , n/a , n/a , n/a , n/a , n/a , n/a ," 9,300 "," 10,100 "," 80,120 ","9,600","10,500","78,940","9,800","10,700","83,460","12,300","13,300","177,780", n/a , n/a , n/a , n/a , n/a , n/a , n/a , n/a , n/a , n/a , n/a , n/a , n/a , n/a , n/a , n/a , n/a , n/a , n/a , n/a , n/a 
FP - 5,Bungalow,FP - 5Bungalow," 2,900 "," 3,700 "," 113,100 ","3,000","3,800","105,750","3,000","3,700","107,930","3,000","4,100","34,380", n/a , n/a , n/a , n/a , n/a , n/a , n/a , n/a , n/a , n/a , n/a , n/a , n/a , n/a , n/a , n/a , n/a , n/a , n/a , n/a , n/a ," 12,700 "," 13,700 "," 110,650 ","12,900","13,900","99,340","12,800","13,800","91,010","14,000","15,200","25,230", n/a , n/a , n/a , n/a , n/a , n/a , n/a , n/a , n/a , n/a , n/a , n/a , n/a , n/a , n/a , n/a , n/a , n/a , n/a , n/a , n/a 
FP - 5,Converted flat,FP - 5Converted flat," 2,900 "," 4,200 "," 7,640 ","3,000","4,700","10,090","2,600","3,700","15,070","2,600","3,900","32,820", n/a , n/a , n/a , n/a , n/a , n/a , n/a , n/a , n/a , n/a , n/a , n/a , n/a , n/a , n/a , n/a , n/a , n/a , n/a , n/a , n/a ," 8,400 "," 10,000 "," 5,130 ","8,700","10,400","7,780","9,000","10,500","7,730","8,600","10,400","21,420", n/a , n/a , n/a , n/a , n/a , n/a , n/a , n/a , n/a , n/a , n/a , n/a , n/a , n/a , n/a , n/a , n/a , n/a , n/a , n/a , n/a 
FP - 5,Purpose built flat,FP - 5Purpose built flat," 2,700 "," 3,800 "," 108,890 ","2,700","3,900","126,180","2,600","3,500","150,340","2,400","3,600","54,820", n/a , n/a , n/a , n/a , n/a , n/a , n/a , n/a , n/a , n/a , n/a , n/a , n/a , n/a , n/a , n/a , n/a , n/a , n/a , n/a , n/a ," 6,500 "," 7,200 "," 61,210 ","6,700","7,400","70,610","7,000","7,800","75,800","7,000","8,100","28,930", n/a , n/a , n/a , n/a , n/a , n/a , n/a , n/a , n/a , n/a , n/a , n/a , n/a , n/a , n/a , n/a , n/a , n/a , n/a , n/a , n/a 
FP - 1,1 bedroom,FP - 11 bedroom," 2,100 "," 3,200 "," 58,510 ","2,100","3,100","64,300","2,000","2,900","85,420","2,100","3,000","103,590", n/a , n/a , n/a , n/a , n/a , n/a , n/a , n/a , n/a , n/a , n/a , n/a , n/a , n/a , n/a , n/a , n/a , n/a , n/a , n/a , n/a ," 6,100 "," 7,100 "," 43,560 ","5,900","6,800","46,560","6,100","7,000","46,520","5,800","6,400","54,530", n/a , n/a , n/a , n/a , n/a , n/a , n/a , n/a , n/a , n/a , n/a , n/a , n/a , n/a , n/a , n/a , n/a , n/a , n/a , n/a , n/a 
FP - 1,2 bedrooms,FP - 12 bedrooms," 2,800 "," 3,700 "," 201,730 ","2,800","3,600","209,660","2,800","3,500","222,310","2,700","3,700","210,670", n/a , n/a , n/a , n/a , n/a , n/a , n/a , n/a , n/a , n/a , n/a , n/a , n/a , n/a , n/a , n/a , n/a , n/a , n/a , n/a , n/a ," 9,600 "," 10,400 "," 171,560 ","9,500","10,300","186,630","9,900","10,700","172,870","9,000","9,600","154,990", n/a , n/a , n/a , n/a , n/a , n/a , n/a , n/a , n/a , n/a , n/a , n/a , n/a , n/a , n/a , n/a , n/a , n/a , n/a , n/a , n/a 
FP - 1,3 bedrooms,FP - 13 bedrooms," 3,400 "," 4,200 "," 326,010 ","3,400","4,100","369,680","3,400","4,000","362,800","3,500","4,100","273,830", n/a , n/a , n/a , n/a , n/a , n/a , n/a , n/a , n/a , n/a , n/a , n/a , n/a , n/a , n/a , n/a , n/a , n/a , n/a , n/a , n/a ," 12,200 "," 13,100 "," 284,990 ","12,300","13,200","347,940","12,900","13,800","323,130","12,200","12,800","239,420", n/a , n/a , n/a , n/a , n/a , n/a , n/a , n/a , n/a , n/a , n/a , n/a , n/a , n/a , n/a , n/a , n/a , n/a , n/a , n/a , n/a 
FP - 1,4 bedrooms,FP - 14 bedrooms," 4,400 "," 5,400 "," 61,750 ","4,300","5,300","49,270","4,400","5,200","58,310","4,300","4,900","92,150", n/a , n/a , n/a , n/a , n/a , n/a , n/a , n/a , n/a , n/a , n/a , n/a , n/a , n/a , n/a , n/a , n/a , n/a , n/a , n/a , n/a ," 16,900 "," 18,200 "," 42,960 ","16,500","17,700","40,560","17,400","18,800","43,520","16,700","17,500","80,940", n/a , n/a , n/a , n/a , n/a , n/a , n/a , n/a , n/a , n/a , n/a , n/a , n/a , n/a , n/a , n/a , n/a , n/a , n/a , n/a , n/a 
FP - 1,5 or more bedrooms,FP - 15 or more bedrooms," 5,700 "," 7,000 "," 19,510 ","5,500","7,500","14,080","5,600","6,800","16,670","5,500","6,500","12,460", n/a , n/a , n/a , n/a , n/a , n/a , n/a , n/a , n/a , n/a , n/a , n/a , n/a , n/a , n/a , n/a , n/a , n/a , n/a , n/a , n/a ," 22,500 "," 23,300 "," 12,580 ","21,200","22,300","10,110","23,100","23,900","10,570","22,300","23,500","9,750", n/a , n/a , n/a , n/a , n/a , n/a , n/a , n/a , n/a , n/a , n/a , n/a , n/a , n/a , n/a , n/a , n/a , n/a , n/a , n/a , n/a 
FP - 2,1 bedroom,FP - 21 bedroom," 1,900 "," 2,900 "," 66,460 ","2,000","3,000","69,800","2,000","2,800","70,950","2,000","3,100","66,540", n/a , n/a , n/a , n/a , n/a , n/a , n/a , n/a , n/a , n/a , n/a , n/a , n/a , n/a , n/a , n/a , n/a , n/a , n/a , n/a , n/a ," 6,100 "," 6,900 "," 48,390 ","6,100","6,900","50,300","6,500","7,300","40,980","6,600","7,300","38,270", n/a , n/a , n/a , n/a , n/a , n/a , n/a , n/a , n/a , n/a , n/a , n/a , n/a , n/a , n/a , n/a , n/a , n/a , n/a , n/a , n/a 
FP - 2,2 bedrooms,FP - 22 bedrooms," 2,700 "," 3,500 "," 188,750 ","2,800","3,700","206,370","2,800","3,600","211,010","2,800","3,700","188,920", n/a , n/a , n/a , n/a , n/a , n/a , n/a , n/a , n/a , n/a , n/a , n/a , n/a , n/a , n/a , n/a , n/a , n/a , n/a , n/a , n/a ," 9,600 "," 10,400 "," 172,500 ","9,700","10,500","179,580","10,200","11,000","162,580","10,400","11,200","145,660", n/a , n/a , n/a , n/a , n/a , n/a , n/a , n/a , n/a , n/a , n/a , n/a , n/a , n/a , n/a , n/a , n/a , n/a , n/a , n/a , n/a 
FP - 2,3 bedrooms,FP - 23 bedrooms," 3,400 "," 4,000 "," 342,040 ","3,500","4,200","377,420","3,500","4,100","382,000","3,500","4,200","319,550", n/a , n/a , n/a , n/a , n/a , n/a , n/a , n/a , n/a , n/a , n/a , n/a , n/a , n/a , n/a , n/a , n/a , n/a , n/a , n/a , n/a ," 12,500 "," 13,400 "," 337,630 ","12,600","13,400","352,710","13,200","14,100","326,940","13,300","14,100","274,830", n/a , n/a , n/a , n/a , n/a , n/a , n/a , n/a , n/a , n/a , n/a , n/a , n/a , n/a , n/a , n/a , n/a , n/a , n/a , n/a , n/a 
FP - 2,4 bedrooms,FP - 24 bedrooms," 4,300 "," 5,100 "," 54,550 ","4,400","5,400","62,330","4,500","5,300","66,420","4,400","5,200","85,550", n/a , n/a , n/a , n/a , n/a , n/a , n/a , n/a , n/a , n/a , n/a , n/a , n/a , n/a , n/a , n/a , n/a , n/a , n/a , n/a , n/a ," 17,400 "," 18,700 "," 49,320 ","17,400","18,700","52,000","18,400","19,800","49,320","18,200","19,400","69,960", n/a , n/a , n/a , n/a , n/a , n/a , n/a , n/a , n/a , n/a , n/a , n/a , n/a , n/a , n/a , n/a , n/a , n/a , n/a , n/a , n/a 
FP - 2,5 or more bedrooms,FP - 25 or more bedrooms," 5,500 "," 6,800 "," 13,930 ","5,800","7,900","15,510","5,800","7,100","17,890","5,900","7,100","18,550", n/a , n/a , n/a , n/a , n/a , n/a , n/a , n/a , n/a , n/a , n/a , n/a , n/a , n/a , n/a , n/a , n/a , n/a , n/a , n/a , n/a ," 24,000 "," 24,800 "," 11,230 ","23,500","24,300","10,790","24,900","25,600","10,790","24,500","25,600","12,690", n/a , n/a , n/a , n/a , n/a , n/a , n/a , n/a , n/a , n/a , n/a , n/a , n/a , n/a , n/a , n/a , n/a , n/a , n/a , n/a , n/a 
FP - 3,1 bedroom,FP - 31 bedroom," 1,900 "," 2,800 "," 68,040 ","2,000","3,000","65,920","2,000","2,800","71,460","2,100","3,100","57,960", n/a , n/a , n/a , n/a , n/a , n/a , n/a , n/a , n/a , n/a , n/a , n/a , n/a , n/a , n/a , n/a , n/a , n/a , n/a , n/a , n/a ," 6,000 "," 6,800 "," 48,830 ","6,100","6,800","45,670","6,400","7,200","41,460","6,900","7,800","33,480", n/a , n/a , n/a , n/a , n/a , n/a , n/a , n/a , n/a , n/a , n/a , n/a , n/a , n/a , n/a , n/a , n/a , n/a , n/a , n/a , n/a 
FP - 3,2 bedrooms,FP - 32 bedrooms," 2,700 "," 3,500 "," 187,670 ","2,800","3,700","196,160","2,800","3,600","204,560","2,800","3,800","183,650", n/a , n/a , n/a , n/a , n/a , n/a , n/a , n/a , n/a , n/a , n/a , n/a , n/a , n/a , n/a , n/a , n/a , n/a , n/a , n/a , n/a ," 9,800 "," 10,600 "," 173,270 ","9,900","10,700","170,910","10,300","11,200","161,500","10,900","11,800","141,230", n/a , n/a , n/a , n/a , n/a , n/a , n/a , n/a , n/a , n/a , n/a , n/a , n/a , n/a , n/a , n/a , n/a , n/a , n/a , n/a , n/a 
FP - 3,3 bedrooms,FP - 33 bedrooms," 3,400 "," 4,000 "," 367,600 ","3,500","4,200","367,140","3,500","4,100","377,680","3,500","4,200","335,350", n/a , n/a , n/a , n/a , n/a , n/a , n/a , n/a , n/a , n/a , n/a , n/a , n/a , n/a , n/a , n/a , n/a , n/a , n/a , n/a , n/a ," 13,000 "," 13,900 "," 370,750 ","13,000","13,800","347,380","13,600","14,500","332,470","13,900","14,800","284,560", n/a , n/a , n/a , n/a , n/a , n/a , n/a , n/a , n/a , n/a , n/a , n/a , n/a , n/a , n/a , n/a , n/a , n/a , n/a , n/a , n/a 
FP - 3,4 bedrooms,FP - 34 bedrooms," 4,300 "," 5,000 "," 68,650 ","4,400","5,300","74,530","4,500","5,200","80,840","4,500","5,300","79,750", n/a , n/a , n/a , n/a , n/a , n/a , n/a , n/a , n/a , n/a , n/a , n/a , n/a , n/a , n/a , n/a , n/a , n/a , n/a , n/a , n/a ," 17,800 "," 19,200 "," 66,940 ","17,600","19,000","65,640","18,900","20,200","65,440","18,900","20,200","62,170", n/a , n/a , n/a , n/a , n/a , n/a , n/a , n/a , n/a , n/a , n/a , n/a , n/a , n/a , n/a , n/a , n/a , n/a , n/a , n/a , n/a 
FP - 3,5 or more bedrooms,FP - 35 or more bedrooms," 5,400 "," 6,500 "," 15,150 ","5,800","7,700","17,270","5,900","7,100","20,120","5,900","7,200","19,700", n/a , n/a , n/a , n/a , n/a , n/a , n/a , n/a , n/a , n/a , n/a , n/a , n/a , n/a , n/a , n/a , n/a , n/a , n/a , n/a , n/a ," 23,800 "," 24,900 "," 13,280 ","24,100","25,000","12,750","25,500","26,300","13,650","25,100","26,000","12,640", n/a , n/a , n/a , n/a , n/a , n/a , n/a , n/a , n/a , n/a , n/a , n/a , n/a , n/a , n/a , n/a , n/a , n/a , n/a , n/a , n/a 
FP - 4,1 bedroom,FP - 41 bedroom," 2,000 "," 3,000 "," 64,600 ","2,000","3,100","63,900","2,000","2,900","67,710","2,100","3,100","49,620", n/a , n/a , n/a , n/a , n/a , n/a , n/a , n/a , n/a , n/a , n/a , n/a , n/a , n/a , n/a , n/a , n/a , n/a , n/a , n/a , n/a ," 6,000 "," 6,700 "," 42,440 ","6,000","6,700","41,270","6,300","7,100","37,130","7,100","8,100","29,210", n/a , n/a , n/a , n/a , n/a , n/a , n/a , n/a , n/a , n/a , n/a , n/a , n/a , n/a , n/a , n/a , n/a , n/a , n/a , n/a , n/a 
FP - 4,2 bedrooms,FP - 42 bedrooms," 2,700 "," 3,500 "," 197,810 ","2,800","3,700","198,840","2,800","3,600","203,100","2,800","3,700","170,280", n/a , n/a , n/a , n/a , n/a , n/a , n/a , n/a , n/a , n/a , n/a , n/a , n/a , n/a , n/a , n/a , n/a , n/a , n/a , n/a , n/a ," 10,000 "," 10,900 "," 178,850 ","10,100","11,000","173,360","10,400","11,300","159,770","11,300","12,200","133,440", n/a , n/a , n/a , n/a , n/a , n/a , n/a , n/a , n/a , n/a , n/a , n/a , n/a , n/a , n/a , n/a , n/a , n/a , n/a , n/a , n/a 
FP - 4,3 bedrooms,FP - 43 bedrooms," 3,500 "," 4,000 "," 371,810 ","3,500","4,200","358,870","3,500","4,100","357,910","3,500","4,200","326,770", n/a , n/a , n/a , n/a , n/a , n/a , n/a , n/a , n/a , n/a , n/a , n/a , n/a , n/a , n/a , n/a , n/a , n/a , n/a , n/a , n/a ," 13,200 "," 14,100 "," 372,470 ","13,300","14,200","344,640","13,600","14,500","316,420","14,500","15,400","281,250", n/a , n/a , n/a , n/a , n/a , n/a , n/a , n/a , n/a , n/a , n/a , n/a , n/a , n/a , n/a , n/a , n/a , n/a , n/a , n/a , n/a 
FP - 4,4 bedrooms,FP - 44 bedrooms," 4,300 "," 5,000 "," 94,730 ","4,400","5,200","95,140","4,400","5,100","93,460","4,500","5,400","69,820", n/a , n/a , n/a , n/a , n/a , n/a , n/a , n/a , n/a , n/a , n/a , n/a , n/a , n/a , n/a , n/a , n/a , n/a , n/a , n/a , n/a ," 17,900 "," 19,200 "," 93,350 ","17,800","19,200","88,100","18,300","19,600","80,100","19,800","21,100","54,750", n/a , n/a , n/a , n/a , n/a , n/a , n/a , n/a , n/a , n/a , n/a , n/a , n/a , n/a , n/a , n/a , n/a , n/a , n/a , n/a , n/a 
FP - 4,5 or more bedrooms,FP - 45 or more bedrooms," 5,500 "," 6,600 "," 19,750 ","5,700","7,500","20,420","5,600","6,800","20,170","6,000","7,300","18,630", n/a , n/a , n/a , n/a , n/a , n/a , n/a , n/a , n/a , n/a , n/a , n/a , n/a , n/a , n/a , n/a , n/a , n/a , n/a , n/a , n/a ," 24,000 "," 25,200 "," 17,260 ","23,700","24,900","16,410","24,300","25,400","14,640","26,100","26,700","12,160", n/a , n/a , n/a , n/a , n/a , n/a , n/a , n/a , n/a , n/a , n/a , n/a , n/a , n/a , n/a , n/a , n/a , n/a , n/a , n/a , n/a 
FP - 5,1 bedroom,FP - 51 bedroom," 2,300 "," 3,300 "," 62,640 ","2,300","3,400","67,240","2,200","3,100","79,890","2,100","3,200","52,200", n/a , n/a , n/a , n/a , n/a , n/a , n/a , n/a , n/a , n/a , n/a , n/a , n/a , n/a , n/a , n/a , n/a , n/a , n/a , n/a , n/a ," 5,800 "," 6,400 "," 34,780 ","5,800","6,500","36,490","5,900","6,600","37,370","6,900","8,100","29,760", n/a , n/a , n/a , n/a , n/a , n/a , n/a , n/a , n/a , n/a , n/a , n/a , n/a , n/a , n/a , n/a , n/a , n/a , n/a , n/a , n/a 
FP - 5,2 bedrooms,FP - 52 bedrooms," 2,700 "," 3,600 "," 204,030 ","2,800","3,700","206,820","2,800","3,600","225,470","2,700","3,600","175,680", n/a , n/a , n/a , n/a , n/a , n/a , n/a , n/a , n/a , n/a , n/a , n/a , n/a , n/a , n/a , n/a , n/a , n/a , n/a , n/a , n/a ," 9,400 "," 10,300 "," 176,360 ","9,400","10,400","171,760","9,500","10,400","163,670","11,100","11,900","140,310", n/a , n/a , n/a , n/a , n/a , n/a , n/a , n/a , n/a , n/a , n/a , n/a , n/a , n/a , n/a , n/a , n/a , n/a , n/a , n/a , n/a 
FP - 5,3 bedrooms,FP - 53 bedrooms," 3,400 "," 4,000 "," 311,200 ","3,500","4,100","306,020","3,500","4,000","333,280","3,400","4,100","315,530", n/a , n/a , n/a , n/a , n/a , n/a , n/a , n/a , n/a , n/a , n/a , n/a , n/a , n/a , n/a , n/a , n/a , n/a , n/a , n/a , n/a ," 12,600 "," 13,500 "," 308,400 ","12,800","13,700","295,790","12,700","13,500","281,680","14,800","15,700","276,130", n/a , n/a , n/a , n/a , n/a , n/a , n/a , n/a , n/a , n/a , n/a , n/a , n/a , n/a , n/a , n/a , n/a , n/a , n/a , n/a , n/a 
FP - 5,4 bedrooms,FP - 54 bedrooms," 4,200 "," 4,800 "," 135,220 ","4,300","5,000","133,890","4,300","4,900","129,870","4,500","5,400","59,800", n/a , n/a , n/a , n/a , n/a , n/a , n/a , n/a , n/a , n/a , n/a , n/a , n/a , n/a , n/a , n/a , n/a , n/a , n/a , n/a , n/a ," 16,600 "," 17,700 "," 134,860 ","16,800","18,100","129,550","16,800","17,800","109,370","20,500","21,600","47,330", n/a , n/a , n/a , n/a , n/a , n/a , n/a , n/a , n/a , n/a , n/a , n/a , n/a , n/a , n/a , n/a , n/a , n/a , n/a , n/a , n/a 
FP - 5,5 or more bedrooms,FP - 55 or more bedrooms," 5,300 "," 6,300 "," 21,880 ","5,600","7,200","23,080","5,400","6,300","18,630","5,800","7,100","20,200", n/a , n/a , n/a , n/a , n/a , n/a , n/a , n/a , n/a , n/a , n/a , n/a , n/a , n/a , n/a , n/a , n/a , n/a , n/a , n/a , n/a ," 22,300 "," 23,700 "," 20,050 ","23,300","24,600","19,740","22,400","23,600","13,910","25,900","26,300","13,970", n/a , n/a , n/a , n/a , n/a , n/a , n/a , n/a , n/a , n/a , n/a , n/a , n/a , n/a , n/a , n/a , n/a , n/a , n/a , n/a , n/a 
FP - 1,50 or less,FP - 150 or less," 2,200 "," 3,400 "," 70,890 ","2,200","3,400","77,510","2,200","3,200","104,760","2,300","3,300","149,800", n/a , n/a , n/a , n/a , n/a , n/a , n/a , n/a , n/a , n/a , n/a , n/a , n/a , n/a , n/a , n/a , n/a , n/a , n/a , n/a , n/a ," 6,300 "," 7,500 "," 52,630 ","6,000","7,000","54,190","6,100","7,000","53,860","6,300","7,000","81,360", n/a , n/a , n/a , n/a , n/a , n/a , n/a , n/a , n/a , n/a , n/a , n/a , n/a , n/a , n/a , n/a , n/a , n/a , n/a , n/a , n/a 
FP - 1,51 to 100,FP - 151 to 100," 3,000 "," 3,800 "," 357,230 ","3,000","3,700","407,640","3,000","3,600","411,770","3,100","3,800","349,600", n/a , n/a , n/a , n/a , n/a , n/a , n/a , n/a , n/a , n/a , n/a , n/a , n/a , n/a , n/a , n/a , n/a , n/a , n/a , n/a , n/a ," 10,300 "," 11,000 "," 321,660 ","10,500","11,200","386,200","11,000","11,600","361,110","10,500","11,000","291,850", n/a , n/a , n/a , n/a , n/a , n/a , n/a , n/a , n/a , n/a , n/a , n/a , n/a , n/a , n/a , n/a , n/a , n/a , n/a , n/a , n/a 
FP - 1,101 to 150,FP - 1101 to 150," 3,700 "," 4,500 "," 179,710 ","3,600","4,400","180,880","3,700","4,300","178,820","3,900","4,500","154,120", n/a , n/a , n/a , n/a , n/a , n/a , n/a , n/a , n/a , n/a , n/a , n/a , n/a , n/a , n/a , n/a , n/a , n/a , n/a , n/a , n/a ," 14,200 "," 15,000 "," 149,050 ","14,300","15,100","165,070","15,100","15,900","152,410","15,000","15,600","135,450", n/a , n/a , n/a , n/a , n/a , n/a , n/a , n/a , n/a , n/a , n/a , n/a , n/a , n/a , n/a , n/a , n/a , n/a , n/a , n/a , n/a 
FP - 1,151 to 200,FP - 1151 to 200," 4,700 "," 5,700 "," 38,220 ","4,700","5,900","27,570","4,700","5,700","32,770","4,700","5,500","26,580", n/a , n/a , n/a , n/a , n/a , n/a , n/a , n/a , n/a , n/a , n/a , n/a , n/a , n/a , n/a , n/a , n/a , n/a , n/a , n/a , n/a ," 20,600 "," 21,300 "," 23,570 ","20,400","21,100","20,150","21,800","22,500","21,740","20,500","21,400","22,190", n/a , n/a , n/a , n/a , n/a , n/a , n/a , n/a , n/a , n/a , n/a , n/a , n/a , n/a , n/a , n/a , n/a , n/a , n/a , n/a , n/a 
FP - 1,Over 200,FP - 1Over 200," 6,200 "," 7,600 "," 21,470 ","6,300","8,600","13,390","6,300","7,600","17,390","6,200","7,300","9,210", n/a , n/a , n/a , n/a , n/a , n/a , n/a , n/a , n/a , n/a , n/a , n/a , n/a , n/a , n/a , n/a , n/a , n/a , n/a , n/a , n/a ," 27,100 "," 27,100 "," 8,750 ","26,000","26,100","6,200","28,000","27,900","7,490","26,900","27,600","6,340", n/a , n/a , n/a , n/a , n/a , n/a , n/a , n/a , n/a , n/a , n/a , n/a , n/a , n/a , n/a , n/a , n/a , n/a , n/a , n/a , n/a 
FP - 2,50 or less,FP - 250 or less," 2,100 "," 3,200 "," 86,590 ","2,200","3,300","90,670","2,200","3,100","87,680","2,300","3,300","88,120", n/a , n/a , n/a , n/a , n/a , n/a , n/a , n/a , n/a , n/a , n/a , n/a , n/a , n/a , n/a , n/a , n/a , n/a , n/a , n/a , n/a ," 6,300 "," 7,100 "," 61,730 ","6,400","7,300","65,220","6,500","7,400","48,720","6,700","7,400","49,980", n/a , n/a , n/a , n/a , n/a , n/a , n/a , n/a , n/a , n/a , n/a , n/a , n/a , n/a , n/a , n/a , n/a , n/a , n/a , n/a , n/a 
FP - 2,51 to 100,FP - 251 to 100," 3,000 "," 3,600 "," 370,790 ","3,100","3,800","400,200","3,100","3,700","403,020","3,100","3,800","354,760", n/a , n/a , n/a , n/a , n/a , n/a , n/a , n/a , n/a , n/a , n/a , n/a , n/a , n/a , n/a , n/a , n/a , n/a , n/a , n/a , n/a ," 10,700 "," 11,300 "," 362,040 ","10,700","11,300","372,410","11,200","11,800","341,250","11,500","12,000","300,050", n/a , n/a , n/a , n/a , n/a , n/a , n/a , n/a , n/a , n/a , n/a , n/a , n/a , n/a , n/a , n/a , n/a , n/a , n/a , n/a , n/a 
FP - 2,101 to 150,FP - 2101 to 150," 3,700 "," 4,300 "," 165,690 ","3,700","4,400","189,620","3,700","4,400","198,870","3,900","4,500","177,330", n/a , n/a , n/a , n/a , n/a , n/a , n/a , n/a , n/a , n/a , n/a , n/a , n/a , n/a , n/a , n/a , n/a , n/a , n/a , n/a , n/a ," 14,700 "," 15,500 "," 160,820 ","14,800","15,600","172,670","15,400","16,200","165,360","15,900","16,600","149,900", n/a , n/a , n/a , n/a , n/a , n/a , n/a , n/a , n/a , n/a , n/a , n/a , n/a , n/a , n/a , n/a , n/a , n/a , n/a , n/a , n/a 
FP - 2,151 to 200,FP - 2151 to 200," 4,600 "," 5,500 "," 28,800 ","4,700","5,900","33,610","4,800","5,700","37,730","4,800","5,700","38,180", n/a , n/a , n/a , n/a , n/a , n/a , n/a , n/a , n/a , n/a , n/a , n/a , n/a , n/a , n/a , n/a , n/a , n/a , n/a , n/a , n/a ," 21,500 "," 22,300 "," 25,030 ","21,300","22,200","25,940","22,600","23,400","25,800","22,000","23,000","29,240", n/a , n/a , n/a , n/a , n/a , n/a , n/a , n/a , n/a , n/a , n/a , n/a , n/a , n/a , n/a , n/a , n/a , n/a , n/a , n/a , n/a 
FP - 2,Over 200,FP - 2Over 200," 6,200 "," 7,400 "," 13,850 ","6,500","8,700","17,320","6,500","7,800","20,980","6,500","7,800","19,130", n/a , n/a , n/a , n/a , n/a , n/a , n/a , n/a , n/a , n/a , n/a , n/a , n/a , n/a , n/a , n/a , n/a , n/a , n/a , n/a , n/a ," 28,400 "," 28,200 "," 9,460 ","27,700","27,800","9,130","29,100","29,100","9,480","28,800","28,900","11,050", n/a , n/a , n/a , n/a , n/a , n/a , n/a , n/a , n/a , n/a , n/a , n/a , n/a , n/a , n/a , n/a , n/a , n/a , n/a , n/a , n/a 
FP - 3,50 or less,FP - 350 or less," 2,200 "," 3,100 "," 93,890 ","2,200","3,300","90,560","2,200","3,100","95,590","2,300","3,400","74,310", n/a , n/a , n/a , n/a , n/a , n/a , n/a , n/a , n/a , n/a , n/a , n/a , n/a , n/a , n/a , n/a , n/a , n/a , n/a , n/a , n/a ," 6,300 "," 7,100 "," 66,690 ","6,300","7,100","63,260","6,600","7,600","55,370","7,000","7,800","42,280", n/a , n/a , n/a , n/a , n/a , n/a , n/a , n/a , n/a , n/a , n/a , n/a , n/a , n/a , n/a , n/a , n/a , n/a , n/a , n/a , n/a 
FP - 3,51 to 100,FP - 351 to 100," 3,000 "," 3,600 "," 373,460 ","3,100","3,800","376,780","3,100","3,700","384,560","3,100","3,800","352,540", n/a , n/a , n/a , n/a , n/a , n/a , n/a , n/a , n/a , n/a , n/a , n/a , n/a , n/a , n/a , n/a , n/a , n/a , n/a , n/a , n/a ," 11,000 "," 11,600 "," 369,750 ","11,000","11,600","351,610","11,500","12,000","331,120","12,000","12,500","296,780", n/a , n/a , n/a , n/a , n/a , n/a , n/a , n/a , n/a , n/a , n/a , n/a , n/a , n/a , n/a , n/a , n/a , n/a , n/a , n/a , n/a 
FP - 3,101 to 150,FP - 3101 to 150," 3,700 "," 4,300 "," 192,640 ","3,800","4,400","198,620","3,800","4,400","210,100","3,900","4,500","185,450", n/a , n/a , n/a , n/a , n/a , n/a , n/a , n/a , n/a , n/a , n/a , n/a , n/a , n/a , n/a , n/a , n/a , n/a , n/a , n/a , n/a ," 15,300 "," 16,100 "," 194,160 ","15,200","16,000","185,670","16,000","16,800","182,750","16,400","17,100","153,640", n/a , n/a , n/a , n/a , n/a , n/a , n/a , n/a , n/a , n/a , n/a , n/a , n/a , n/a , n/a , n/a , n/a , n/a , n/a , n/a , n/a 
FP - 3,151 to 200,FP - 3151 to 200," 4,600 "," 5,400 "," 33,320 ","4,800","5,800","37,270","4,800","5,600","43,140","4,900","5,800","40,220", n/a , n/a , n/a , n/a , n/a , n/a , n/a , n/a , n/a , n/a , n/a , n/a , n/a , n/a , n/a , n/a , n/a , n/a , n/a , n/a , n/a ," 21,900 "," 22,800 "," 31,720 ","21,800","22,700","31,000","23,000","23,700","33,390","22,800","23,500","28,800", n/a , n/a , n/a , n/a , n/a , n/a , n/a , n/a , n/a , n/a , n/a , n/a , n/a , n/a , n/a , n/a , n/a , n/a , n/a , n/a , n/a 
FP - 3,Over 200,FP - 3Over 200," 6,100 "," 7,300 "," 13,810 ","6,500","8,700","17,790","6,500","7,800","21,270","6,600","7,900","22,230", n/a , n/a , n/a , n/a , n/a , n/a , n/a , n/a , n/a , n/a , n/a , n/a , n/a , n/a , n/a , n/a , n/a , n/a , n/a , n/a , n/a ," 28,500 "," 28,700 "," 10,750 ","28,500","28,600","10,810","30,000","29,800","11,870","29,200","29,200","11,440", n/a , n/a , n/a , n/a , n/a , n/a , n/a , n/a , n/a , n/a , n/a , n/a , n/a , n/a , n/a , n/a , n/a , n/a , n/a , n/a , n/a 
FP - 4,50 or less,FP - 450 or less," 2,200 "," 3,300 "," 97,330 ","2,300","3,400","92,890","2,300","3,200","100,410","2,300","3,400","62,620", n/a , n/a , n/a , n/a , n/a , n/a , n/a , n/a , n/a , n/a , n/a , n/a , n/a , n/a , n/a , n/a , n/a , n/a , n/a , n/a , n/a ," 6,300 "," 7,000 "," 65,000 ","6,300","7,100","60,870","6,700","7,500","57,030","7,100","8,000","36,050", n/a , n/a , n/a , n/a , n/a , n/a , n/a , n/a , n/a , n/a , n/a , n/a , n/a , n/a , n/a , n/a , n/a , n/a , n/a , n/a , n/a 
FP - 4,51 to 100,FP - 451 to 100," 3,000 "," 3,700 "," 373,880 ","3,100","3,800","371,280","3,100","3,700","369,400","3,100","3,800","324,530", n/a , n/a , n/a , n/a , n/a , n/a , n/a , n/a , n/a , n/a , n/a , n/a , n/a , n/a , n/a , n/a , n/a , n/a , n/a , n/a , n/a ," 11,200 "," 11,800 "," 366,340 ","11,300","11,800","349,370","11,500","12,200","318,940","12,300","12,900","276,160", n/a , n/a , n/a , n/a , n/a , n/a , n/a , n/a , n/a , n/a , n/a , n/a , n/a , n/a , n/a , n/a , n/a , n/a , n/a , n/a , n/a 
FP - 4,101 to 150,FP - 4101 to 150," 3,800 "," 4,300 "," 215,750 ","3,800","4,500","209,110","3,900","4,400","209,070","3,800","4,500","186,010", n/a , n/a , n/a , n/a , n/a , n/a , n/a , n/a , n/a , n/a , n/a , n/a , n/a , n/a , n/a , n/a , n/a , n/a , n/a , n/a , n/a ," 15,600 "," 16,400 "," 216,440 ","15,700","16,500","200,160","16,000","16,800","184,330","16,900","17,600","157,350", n/a , n/a , n/a , n/a , n/a , n/a , n/a , n/a , n/a , n/a , n/a , n/a , n/a , n/a , n/a , n/a , n/a , n/a , n/a , n/a , n/a 
FP - 4,151 to 200,FP - 4151 to 200," 4,700 "," 5,400 "," 43,300 ","4,800","5,800","44,080","4,800","5,500","43,790","4,900","5,800","39,580", n/a , n/a , n/a , n/a , n/a , n/a , n/a , n/a , n/a , n/a , n/a , n/a , n/a , n/a , n/a , n/a , n/a , n/a , n/a , n/a , n/a ," 21,900 "," 22,800 "," 41,840 ","21,800","22,800","39,530","22,300","23,200","35,480","23,700","24,400","29,390", n/a , n/a , n/a , n/a , n/a , n/a , n/a , n/a , n/a , n/a , n/a , n/a , n/a , n/a , n/a , n/a , n/a , n/a , n/a , n/a , n/a 
FP - 4,Over 200,FP - 4Over 200," 6,200 "," 7,400 "," 18,440 ","6,500","8,500","19,800","6,300","7,500","19,690","6,600","7,900","20,720", n/a , n/a , n/a , n/a , n/a , n/a , n/a , n/a , n/a , n/a , n/a , n/a , n/a , n/a , n/a , n/a , n/a , n/a , n/a , n/a , n/a ," 28,900 "," 29,000 "," 14,760 ","28,800","28,800","13,850","29,000","29,200","12,290","30,000","29,800","10,720", n/a , n/a , n/a , n/a , n/a , n/a , n/a , n/a , n/a , n/a , n/a , n/a , n/a , n/a , n/a , n/a , n/a , n/a , n/a , n/a , n/a 
FP - 5,50 or less,FP - 550 or less," 2,500 "," 3,700 "," 91,160 ","2,600","3,700","101,160","2,400","3,400","122,150","2,300","3,400","62,780", n/a , n/a , n/a , n/a , n/a , n/a , n/a , n/a , n/a , n/a , n/a , n/a , n/a , n/a , n/a , n/a , n/a , n/a , n/a , n/a , n/a ," 6,100 "," 6,800 "," 50,240 ","6,200","7,000","55,640","6,500","7,200","59,200","6,800","7,900","34,430", n/a , n/a , n/a , n/a , n/a , n/a , n/a , n/a , n/a , n/a , n/a , n/a , n/a , n/a , n/a , n/a , n/a , n/a , n/a , n/a , n/a 
FP - 5,51 to 100,FP - 551 to 100," 3,000 "," 3,600 "," 358,480 ","3,000","3,700","351,570","3,100","3,700","389,380","2,900","3,600","309,670", n/a , n/a , n/a , n/a , n/a , n/a , n/a , n/a , n/a , n/a , n/a , n/a , n/a , n/a , n/a , n/a , n/a , n/a , n/a , n/a , n/a ," 10,600 "," 11,200 "," 343,380 ","10,700","11,300","327,060","10,900","11,500","318,430","12,200","12,700","266,950", n/a , n/a , n/a , n/a , n/a , n/a , n/a , n/a , n/a , n/a , n/a , n/a , n/a , n/a , n/a , n/a , n/a , n/a , n/a , n/a , n/a 
FP - 5,101 to 150,FP - 5101 to 150," 3,800 "," 4,400 "," 218,380 ","3,900","4,500","213,680","3,900","4,400","217,880","3,700","4,300","190,220", n/a , n/a , n/a , n/a , n/a , n/a , n/a , n/a , n/a , n/a , n/a , n/a , n/a , n/a , n/a , n/a , n/a , n/a , n/a , n/a , n/a ," 15,000 "," 15,800 "," 218,010 ","15,300","16,000","207,810","15,400","16,100","184,410","16,900","17,600","164,300", n/a , n/a , n/a , n/a , n/a , n/a , n/a , n/a , n/a , n/a , n/a , n/a , n/a , n/a , n/a , n/a , n/a , n/a , n/a , n/a , n/a 
FP - 5,151 to 200,FP - 5151 to 200," 4,600 "," 5,300 "," 48,780 ","4,700","5,600","49,820","4,700","5,400","43,160","4,800","5,700","38,730", n/a , n/a , n/a , n/a , n/a , n/a , n/a , n/a , n/a , n/a , n/a , n/a , n/a , n/a , n/a , n/a , n/a , n/a , n/a , n/a , n/a ," 20,200 "," 21,300 "," 47,440 ","20,700","21,800","46,710","20,500","21,500","34,360","24,000","24,500","29,640", n/a , n/a , n/a , n/a , n/a , n/a , n/a , n/a , n/a , n/a , n/a , n/a , n/a , n/a , n/a , n/a , n/a , n/a , n/a , n/a , n/a 
FP - 5,Over 200,FP - 5Over 200," 6,000 "," 7,100 "," 18,180 ","6,300","8,100","20,820","6,000","7,100","14,580","6,500","7,900","19,930", n/a , n/a , n/a , n/a , n/a , n/a , n/a , n/a , n/a , n/a , n/a , n/a , n/a , n/a , n/a , n/a , n/a , n/a , n/a , n/a , n/a ," 26,800 "," 27,400 "," 15,370 ","27,600","28,200","16,120","26,900","27,500","9,600","30,400","29,800","10,750", n/a , n/a , n/a , n/a , n/a , n/a , n/a , n/a , n/a , n/a , n/a , n/a , n/a , n/a , n/a , n/a , n/a , n/a , n/a , n/a , n/a 
FP - 1,Owner-occupied,FP - 1Owner-occupied," 3,500 "," 4,400 "," 346,930 ","3,400","4,200","359,410","3,400","4,200","371,110","3,500","4,200","402,810", n/a , n/a , n/a , n/a , n/a , n/a , n/a , n/a , n/a , n/a , n/a , n/a , n/a , n/a , n/a , n/a , n/a , n/a , n/a , n/a , n/a ," 12,800 "," 14,000 "," 264,940 ","12,800","13,800","314,810","13,600","14,700","303,590","12,800","13,700","332,300", n/a , n/a , n/a , n/a , n/a , n/a , n/a , n/a , n/a , n/a , n/a , n/a , n/a , n/a , n/a , n/a , n/a , n/a , n/a , n/a , n/a 
FP - 1,Privately rented,FP - 1Privately rented," 3,000 "," 3,800 "," 160,630 ","3,000","3,800","169,460","3,000","3,700","173,220","3,000","3,900","101,600", n/a , n/a , n/a , n/a , n/a , n/a , n/a , n/a , n/a , n/a , n/a , n/a , n/a , n/a , n/a , n/a , n/a , n/a , n/a , n/a , n/a ," 10,600 "," 11,900 "," 139,550 ","10,500","11,700","149,290","10,900","12,100","129,590","9,100","10,100","62,610", n/a , n/a , n/a , n/a , n/a , n/a , n/a , n/a , n/a , n/a , n/a , n/a , n/a , n/a , n/a , n/a , n/a , n/a , n/a , n/a , n/a 
FP - 1,Council/Housing Association,FP - 1Council/Housing Association," 3,100 "," 3,800 "," 158,750 ","3,000","3,700","175,300","2,900","3,500","183,880","2,700","3,400","181,040", n/a , n/a , n/a , n/a , n/a , n/a , n/a , n/a , n/a , n/a , n/a , n/a , n/a , n/a , n/a , n/a , n/a , n/a , n/a , n/a , n/a ," 9,500 "," 10,100 "," 139,260 ","9,400","10,000","158,560","9,700","10,200","155,700","9,000","9,400","139,740", n/a , n/a , n/a , n/a , n/a , n/a , n/a , n/a , n/a , n/a , n/a , n/a , n/a , n/a , n/a , n/a , n/a , n/a , n/a , n/a , n/a 
FP - 2,Owner-occupied,FP - 2Owner-occupied," 3,400 "," 4,100 "," 388,220 ","3,400","4,300","449,980","3,500","4,200","458,950","3,600","4,400","459,030", n/a , n/a , n/a , n/a , n/a , n/a , n/a , n/a , n/a , n/a , n/a , n/a , n/a , n/a , n/a , n/a , n/a , n/a , n/a , n/a , n/a ," 13,100 "," 14,200 "," 365,060 ","13,100","14,200","397,840","13,900","15,000","371,240","14,100","15,200","372,410", n/a , n/a , n/a , n/a , n/a , n/a , n/a , n/a , n/a , n/a , n/a , n/a , n/a , n/a , n/a , n/a , n/a , n/a , n/a , n/a , n/a 
FP - 2,Privately rented,FP - 2Privately rented," 3,000 "," 3,900 "," 99,290 ","3,100","4,000","100,920","3,100","3,900","107,830","3,000","3,900","78,400", n/a , n/a , n/a , n/a , n/a , n/a , n/a , n/a , n/a , n/a , n/a , n/a , n/a , n/a , n/a , n/a , n/a , n/a , n/a , n/a , n/a ," 10,700 "," 11,900 "," 84,500 ","10,600","11,700","81,620","11,000","12,200","77,380","10,100","11,300","53,490", n/a , n/a , n/a , n/a , n/a , n/a , n/a , n/a , n/a , n/a , n/a , n/a , n/a , n/a , n/a , n/a , n/a , n/a , n/a , n/a , n/a 
FP - 2,Council/Housing Association,FP - 2Council/Housing Association," 2,900 "," 3,500 "," 177,440 ","2,900","3,600","178,250","2,900","3,500","169,770","2,800","3,500","132,840", n/a , n/a , n/a , n/a , n/a , n/a , n/a , n/a , n/a , n/a , n/a , n/a , n/a , n/a , n/a , n/a , n/a , n/a , n/a , n/a , n/a ," 9,100 "," 9,700 "," 163,730 ","9,000","9,500","158,030","9,500","10,000","136,640","10,000","10,500","109,390", n/a , n/a , n/a , n/a , n/a , n/a , n/a , n/a , n/a , n/a , n/a , n/a , n/a , n/a , n/a , n/a , n/a , n/a , n/a , n/a , n/a 
FP - 3,Owner-occupied,FP - 3Owner-occupied," 3,400 "," 4,100 "," 469,910 ","3,500","4,300","491,550","3,500","4,200","511,170","3,600","4,400","469,610", n/a , n/a , n/a , n/a , n/a , n/a , n/a , n/a , n/a , n/a , n/a , n/a , n/a , n/a , n/a , n/a , n/a , n/a , n/a , n/a , n/a ," 13,600 "," 14,700 "," 459,680 ","13,500","14,600","445,770","14,300","15,500","432,500","14,600","15,700","375,990", n/a , n/a , n/a , n/a , n/a , n/a , n/a , n/a , n/a , n/a , n/a , n/a , n/a , n/a , n/a , n/a , n/a , n/a , n/a , n/a , n/a 
FP - 3,Privately rented,FP - 3Privately rented," 3,100 "," 3,900 "," 83,930 ","3,100","4,100","83,210","3,100","3,900","89,200","3,000","4,000","78,600", n/a , n/a , n/a , n/a , n/a , n/a , n/a , n/a , n/a , n/a , n/a , n/a , n/a , n/a , n/a , n/a , n/a , n/a , n/a , n/a , n/a ," 10,700 "," 11,900 "," 70,090 ","10,400","11,600","65,950","10,900","12,200","63,420","10,700","11,900","53,960", n/a , n/a , n/a , n/a , n/a , n/a , n/a , n/a , n/a , n/a , n/a , n/a , n/a , n/a , n/a , n/a , n/a , n/a , n/a , n/a , n/a 
FP - 3,Council/Housing Association,FP - 3Council/Housing Association," 2,800 "," 3,400 "," 152,570 ","2,800","3,500","144,430","2,800","3,500","142,470","2,900","3,600","117,120", n/a , n/a , n/a , n/a , n/a , n/a , n/a , n/a , n/a , n/a , n/a , n/a , n/a , n/a , n/a , n/a , n/a , n/a , n/a , n/a , n/a ," 8,800 "," 9,300 "," 139,780 ","8,800","9,300","124,910","9,100","9,600","112,770","10,600","11,100","96,850", n/a , n/a , n/a , n/a , n/a , n/a , n/a , n/a , n/a , n/a , n/a , n/a , n/a , n/a , n/a , n/a , n/a , n/a , n/a , n/a , n/a 
FP - 4,Owner-occupied,FP - 4Owner-occupied," 3,400 "," 4,100 "," 544,720 ","3,500","4,300","541,710","3,500","4,200","535,260","3,600","4,300","447,550", n/a , n/a , n/a , n/a , n/a , n/a , n/a , n/a , n/a , n/a , n/a , n/a , n/a , n/a , n/a , n/a , n/a , n/a , n/a , n/a , n/a ," 13,800 "," 15,000 "," 528,970 ","13,900","15,000","502,100","14,200","15,300","456,940","15,100","16,200","366,770", n/a , n/a , n/a , n/a , n/a , n/a , n/a , n/a , n/a , n/a , n/a , n/a , n/a , n/a , n/a , n/a , n/a , n/a , n/a , n/a , n/a 
FP - 4,Privately rented,FP - 4Privately rented," 3,100 "," 4,000 "," 78,890 ","3,100","4,100","76,860","3,100","3,900","81,080","3,000","4,000","81,010", n/a , n/a , n/a , n/a , n/a , n/a , n/a , n/a , n/a , n/a , n/a , n/a , n/a , n/a , n/a , n/a , n/a , n/a , n/a , n/a , n/a ," 10,600 "," 11,800 "," 63,230 ","10,300","11,600","58,720","10,800","12,100","55,450","11,100","12,300","57,180", n/a , n/a , n/a , n/a , n/a , n/a , n/a , n/a , n/a , n/a , n/a , n/a , n/a , n/a , n/a , n/a , n/a , n/a , n/a , n/a , n/a 
FP - 4,Council/Housing Association,FP - 4Council/Housing Association," 2,700 "," 3,400 "," 124,480 ","2,700","3,500","116,850","2,800","3,400","116,430","2,900","3,600","95,150", n/a , n/a , n/a , n/a , n/a , n/a , n/a , n/a , n/a , n/a , n/a , n/a , n/a , n/a , n/a , n/a , n/a , n/a , n/a , n/a , n/a ," 8,700 "," 9,200 "," 109,570 ","8,600","9,100","98,610","8,900","9,500","90,750","11,000","11,500","79,370", n/a , n/a , n/a , n/a , n/a , n/a , n/a , n/a , n/a , n/a , n/a , n/a , n/a , n/a , n/a , n/a , n/a , n/a , n/a , n/a , n/a 
FP - 5,Owner-occupied,FP - 5Owner-occupied," 3,500 "," 4,100 "," 565,090 ","3,500","4,300","564,470","3,500","4,100","583,730","3,500","4,200","407,180", n/a , n/a , n/a , n/a , n/a , n/a , n/a , n/a , n/a , n/a , n/a , n/a , n/a , n/a , n/a , n/a , n/a , n/a , n/a , n/a , n/a ," 13,200 "," 14,300 "," 540,500 ","13,400","14,500","524,360","13,200","14,200","476,000","15,300","16,400","339,610", n/a , n/a , n/a , n/a , n/a , n/a , n/a , n/a , n/a , n/a , n/a , n/a , n/a , n/a , n/a , n/a , n/a , n/a , n/a , n/a , n/a 
FP - 5,Privately rented,FP - 5Privately rented," 3,100 "," 4,100 "," 88,160 ","3,200","4,200","93,380","3,100","4,000","98,040","3,000","3,800","134,040", n/a , n/a , n/a , n/a , n/a , n/a , n/a , n/a , n/a , n/a , n/a , n/a , n/a , n/a , n/a , n/a , n/a , n/a , n/a , n/a , n/a ," 9,700 "," 11,000 "," 63,620 ","9,500","10,800","62,740","9,600","10,800","57,820","11,300","12,600","102,440", n/a , n/a , n/a , n/a , n/a , n/a , n/a , n/a , n/a , n/a , n/a , n/a , n/a , n/a , n/a , n/a , n/a , n/a , n/a , n/a , n/a 
FP - 5,Council/Housing Association,FP - 5Council/Housing Association," 2,800 "," 3,500 "," 81,230 ","2,800","3,500","77,640","2,700","3,400","98,120","3,000","3,600","65,950", n/a , n/a , n/a , n/a , n/a , n/a , n/a , n/a , n/a , n/a , n/a , n/a , n/a , n/a , n/a , n/a , n/a , n/a , n/a , n/a , n/a ," 8,500 "," 9,100 "," 68,860 ","8,400","9,000","62,940","8,500","9,000","68,550","11,400","12,100","55,470", n/a , n/a , n/a , n/a , n/a , n/a , n/a , n/a , n/a , n/a , n/a , n/a , n/a , n/a , n/a , n/a , n/a , n/a , n/a , n/a , n/a 
FP - 1,"Less than £15,000","FP - 1Less than £15,000"," 2,800 "," 3,600 "," 127,430 ","2,800","3,500","173,680","2,700","3,400","181,810","2,600","3,300","149,950", n/a , n/a , n/a , n/a , n/a , n/a , n/a , n/a , n/a , n/a , n/a , n/a , n/a , n/a , n/a , n/a , n/a , n/a , n/a , n/a , n/a ," 9,900 "," 10,800 "," 110,360 ","10,000","10,800","155,810","10,400","11,200","150,780","9,400","10,000","113,970", n/a , n/a , n/a , n/a , n/a , n/a , n/a , n/a , n/a , n/a , n/a , n/a , n/a , n/a , n/a , n/a , n/a , n/a , n/a , n/a , n/a 
FP - 1,"£15,000 - £19,999","FP - 1£15,000 - £19,999"," 3,000 "," 3,800 "," 60,210 ","2,900","3,600","73,410","2,900","3,500","75,390","2,700","3,500","52,420", n/a , n/a , n/a , n/a , n/a , n/a , n/a , n/a , n/a , n/a , n/a , n/a , n/a , n/a , n/a , n/a , n/a , n/a , n/a , n/a , n/a ," 10,000 "," 11,000 "," 49,090 ","10,100","11,000","64,610","10,600","11,500","61,480","10,200","10,900","39,840", n/a , n/a , n/a , n/a , n/a , n/a , n/a , n/a , n/a , n/a , n/a , n/a , n/a , n/a , n/a , n/a , n/a , n/a , n/a , n/a , n/a 
FP - 1,"£20,000 - £29,999","FP - 1£20,000 - £29,999"," 3,000 "," 3,800 "," 170,330 ","3,000","3,800","186,510","3,000","3,700","186,210","3,000","3,700","120,070", n/a , n/a , n/a , n/a , n/a , n/a , n/a , n/a , n/a , n/a , n/a , n/a , n/a , n/a , n/a , n/a , n/a , n/a , n/a , n/a , n/a ," 10,400 "," 11,400 "," 146,380 ","10,700","11,600","166,480","11,200","12,100","153,300","10,500","11,300","93,390", n/a , n/a , n/a , n/a , n/a , n/a , n/a , n/a , n/a , n/a , n/a , n/a , n/a , n/a , n/a , n/a , n/a , n/a , n/a , n/a , n/a 
FP - 1,"£30,000 - £39,999","FP - 1£30,000 - £39,999"," 3,300 "," 4,200 "," 113,600 ","3,400","4,200","116,190","3,400","4,100","114,270","3,200","3,900","109,050", n/a , n/a , n/a , n/a , n/a , n/a , n/a , n/a , n/a , n/a , n/a , n/a , n/a , n/a , n/a , n/a , n/a , n/a , n/a , n/a , n/a ," 11,800 "," 12,800 "," 93,610 ","12,200","13,100","103,660","12,800","13,700","93,600","11,100","11,800","86,100", n/a , n/a , n/a , n/a , n/a , n/a , n/a , n/a , n/a , n/a , n/a , n/a , n/a , n/a , n/a , n/a , n/a , n/a , n/a , n/a , n/a 
FP - 1,"£40,000 - £49,999","FP - 1£40,000 - £49,999"," 3,600 "," 4,400 "," 75,420 ","3,600","4,400","74,780","3,600","4,300","75,380","3,500","4,200","84,410", n/a , n/a , n/a , n/a , n/a , n/a , n/a , n/a , n/a , n/a , n/a , n/a , n/a , n/a , n/a , n/a , n/a , n/a , n/a , n/a , n/a ," 12,700 "," 13,800 "," 61,050 ","13,100","14,000","66,500","13,700","14,700","61,160","12,000","12,700","67,700", n/a , n/a , n/a , n/a , n/a , n/a , n/a , n/a , n/a , n/a , n/a , n/a , n/a , n/a , n/a , n/a , n/a , n/a , n/a , n/a , n/a 
FP - 1,"£50,000 - £59,999","FP - 1£50,000 - £59,999"," 3,800 "," 4,600 "," 41,230 ","3,700","4,600","35,360","3,800","4,500","38,140","3,700","4,400","53,850", n/a , n/a , n/a , n/a , n/a , n/a , n/a , n/a , n/a , n/a , n/a , n/a , n/a , n/a , n/a , n/a , n/a , n/a , n/a , n/a , n/a ," 13,400 "," 14,600 "," 31,410 ","13,800","14,900","30,480","14,400","15,600","29,330","12,800","13,600","43,250", n/a , n/a , n/a , n/a , n/a , n/a , n/a , n/a , n/a , n/a , n/a , n/a , n/a , n/a , n/a , n/a , n/a , n/a , n/a , n/a , n/a 
FP - 1,"£60,000 - £69,999","FP - 1£60,000 - £69,999"," 3,900 "," 4,900 "," 23,340 ","3,900","4,900","17,050","4,000","4,800","20,010","3,800","4,500","36,010", n/a , n/a , n/a , n/a , n/a , n/a , n/a , n/a , n/a , n/a , n/a , n/a , n/a , n/a , n/a , n/a , n/a , n/a , n/a , n/a , n/a ," 14,100 "," 15,500 "," 16,300 ","14,600","15,800","14,080","15,200","16,600","14,640","13,300","14,200","28,630", n/a , n/a , n/a , n/a , n/a , n/a , n/a , n/a , n/a , n/a , n/a , n/a , n/a , n/a , n/a , n/a , n/a , n/a , n/a , n/a , n/a 
FP - 1,"£70,000 - £99,999","FP - 1£70,000 - £99,999"," 4,200 "," 5,300 "," 30,450 ","4,200","5,300","18,070","4,300","5,200","23,730","4,000","4,700","50,660", n/a , n/a , n/a , n/a , n/a , n/a , n/a , n/a , n/a , n/a , n/a , n/a , n/a , n/a , n/a , n/a , n/a , n/a , n/a , n/a , n/a ," 15,100 "," 16,500 "," 19,770 ","16,000","17,400","14,330","17,000","18,400","16,410","14,300","15,200","39,690", n/a , n/a , n/a , n/a , n/a , n/a , n/a , n/a , n/a , n/a , n/a , n/a , n/a , n/a , n/a , n/a , n/a , n/a , n/a , n/a , n/a 
FP - 1,"£100,000 - £149,999","FP - 1£100,000 - £149,999"," 4,800 "," 5,900 "," 16,050 ","4,800","6,300","6,900","5,100","6,200","10,100","4,500","5,300","22,370", n/a , n/a , n/a , n/a , n/a , n/a , n/a , n/a , n/a , n/a , n/a , n/a , n/a , n/a , n/a , n/a , n/a , n/a , n/a , n/a , n/a ," 17,300 "," 18,700 "," 9,930 ","18,600","20,100","5,040","20,200","21,500","6,310","16,600","17,500","17,120", n/a , n/a , n/a , n/a , n/a , n/a , n/a , n/a , n/a , n/a , n/a , n/a , n/a , n/a , n/a , n/a , n/a , n/a , n/a , n/a , n/a 
FP - 1,"£150,000 and over","FP - 1£150,000 and over"," 5,500 "," 6,700 "," 8,250 ","5,400","7,100","2,230","6,000","7,200","3,180","4,800","5,800","6,660", n/a , n/a , n/a , n/a , n/a , n/a , n/a , n/a , n/a , n/a , n/a , n/a , n/a , n/a , n/a , n/a , n/a , n/a , n/a , n/a , n/a ," 19,900 "," 21,200 "," 5,850 ","19,000","20,800","1,670","23,200","24,000","1,880","17,200","18,600","4,970", n/a , n/a , n/a , n/a , n/a , n/a , n/a , n/a , n/a , n/a , n/a , n/a , n/a , n/a , n/a , n/a , n/a , n/a , n/a , n/a , n/a 
FP - 2,"Less than £15,000","FP - 2Less than £15,000"," 2,500 "," 3,300 "," 120,170 ","2,700","3,500","155,750","2,600","3,300","157,170","2,600","3,400","140,940", n/a , n/a , n/a , n/a , n/a , n/a , n/a , n/a , n/a , n/a , n/a , n/a , n/a , n/a , n/a , n/a , n/a , n/a , n/a , n/a , n/a ," 9,700 "," 10,500 "," 110,410 ","9,800","10,600","136,070","10,400","11,200","125,020","10,600","11,400","111,830", n/a , n/a , n/a , n/a , n/a , n/a , n/a , n/a , n/a , n/a , n/a , n/a , n/a , n/a , n/a , n/a , n/a , n/a , n/a , n/a , n/a 
FP - 2,"£15,000 - £19,999","FP - 2£15,000 - £19,999"," 2,800 "," 3,500 "," 56,870 ","2,900","3,600","67,250","2,900","3,500","66,820","2,800","3,600","53,410", n/a , n/a , n/a , n/a , n/a , n/a , n/a , n/a , n/a , n/a , n/a , n/a , n/a , n/a , n/a , n/a , n/a , n/a , n/a , n/a , n/a ," 10,100 "," 10,900 "," 51,020 ","10,200","11,000","58,340","10,700","11,500","52,790","11,500","12,300","41,840", n/a , n/a , n/a , n/a , n/a , n/a , n/a , n/a , n/a , n/a , n/a , n/a , n/a , n/a , n/a , n/a , n/a , n/a , n/a , n/a , n/a 
FP - 2,"£20,000 - £29,999","FP - 2£20,000 - £29,999"," 3,000 "," 3,600 "," 155,300 ","3,000","3,800","166,750","3,000","3,700","170,460","3,100","3,800","126,100", n/a , n/a , n/a , n/a , n/a , n/a , n/a , n/a , n/a , n/a , n/a , n/a , n/a , n/a , n/a , n/a , n/a , n/a , n/a , n/a , n/a ," 10,500 "," 11,300 "," 145,490 ","10,700","11,500","147,230","11,300","12,100","137,200","11,900","12,800","100,810", n/a , n/a , n/a , n/a , n/a , n/a , n/a , n/a , n/a , n/a , n/a , n/a , n/a , n/a , n/a , n/a , n/a , n/a , n/a , n/a , n/a 
FP - 2,"£30,000 - £39,999","FP - 2£30,000 - £39,999"," 3,300 "," 3,900 "," 119,230 ","3,400","4,200","123,120","3,400","4,100","124,360","3,400","4,200","105,510", n/a , n/a , n/a , n/a , n/a , n/a , n/a , n/a , n/a , n/a , n/a , n/a , n/a , n/a , n/a , n/a , n/a , n/a , n/a , n/a , n/a ," 11,800 "," 12,600 "," 112,110 ","12,000","12,800","109,740","12,800","13,600","101,250","12,600","13,600","85,220", n/a , n/a , n/a , n/a , n/a , n/a , n/a , n/a , n/a , n/a , n/a , n/a , n/a , n/a , n/a , n/a , n/a , n/a , n/a , n/a , n/a 
FP - 2,"£40,000 - £49,999","FP - 2£40,000 - £49,999"," 3,600 "," 4,200 "," 82,820 ","3,700","4,400","85,800","3,800","4,400","86,850","3,700","4,400","83,190", n/a , n/a , n/a , n/a , n/a , n/a , n/a , n/a , n/a , n/a , n/a , n/a , n/a , n/a , n/a , n/a , n/a , n/a , n/a , n/a , n/a ," 12,800 "," 13,800 "," 77,720 ","13,100","14,100","76,560","14,000","14,900","70,470","13,700","14,500","68,090", n/a , n/a , n/a , n/a , n/a , n/a , n/a , n/a , n/a , n/a , n/a , n/a , n/a , n/a , n/a , n/a , n/a , n/a , n/a , n/a , n/a 
FP - 2,"£50,000 - £59,999","FP - 2£50,000 - £59,999"," 3,600 "," 4,300 "," 46,270 ","3,800","4,700","47,070","3,900","4,600","47,280","3,900","4,600","50,340", n/a , n/a , n/a , n/a , n/a , n/a , n/a , n/a , n/a , n/a , n/a , n/a , n/a , n/a , n/a , n/a , n/a , n/a , n/a , n/a , n/a ," 13,700 "," 14,800 "," 42,650 ","14,000","15,100","40,950","14,900","16,100","37,440","14,400","15,400","40,470", n/a , n/a , n/a , n/a , n/a , n/a , n/a , n/a , n/a , n/a , n/a , n/a , n/a , n/a , n/a , n/a , n/a , n/a , n/a , n/a , n/a 
FP - 2,"£60,000 - £69,999","FP - 2£60,000 - £69,999"," 3,800 "," 4,500 "," 26,440 ","4,000","4,900","26,950","4,100","4,800","26,990","4,100","4,800","32,570", n/a , n/a , n/a , n/a , n/a , n/a , n/a , n/a , n/a , n/a , n/a , n/a , n/a , n/a , n/a , n/a , n/a , n/a , n/a , n/a , n/a ," 14,600 "," 15,800 "," 23,910 ","15,000","16,100","22,910","15,900","17,100","20,710","15,200","16,200","26,160", n/a , n/a , n/a , n/a , n/a , n/a , n/a , n/a , n/a , n/a , n/a , n/a , n/a , n/a , n/a , n/a , n/a , n/a , n/a , n/a , n/a 
FP - 2,"£70,000 - £99,999","FP - 2£70,000 - £99,999"," 4,000 "," 4,800 "," 34,320 ","4,300","5,300","34,680","4,400","5,300","34,300","4,300","5,100","46,650", n/a , n/a , n/a , n/a , n/a , n/a , n/a , n/a , n/a , n/a , n/a , n/a , n/a , n/a , n/a , n/a , n/a , n/a , n/a , n/a , n/a ," 15,800 "," 17,100 "," 30,130 ","16,500","17,700","28,890","17,800","19,100","25,520","16,300","17,400","37,060", n/a , n/a , n/a , n/a , n/a , n/a , n/a , n/a , n/a , n/a , n/a , n/a , n/a , n/a , n/a , n/a , n/a , n/a , n/a , n/a , n/a 
FP - 2,"£100,000 - £149,999","FP - 2£100,000 - £149,999"," 4,500 "," 5,500 "," 16,510 ","4,900","6,200","15,700","5,300","6,300","16,350","4,900","5,800","23,480", n/a , n/a , n/a , n/a , n/a , n/a , n/a , n/a , n/a , n/a , n/a , n/a , n/a , n/a , n/a , n/a , n/a , n/a , n/a , n/a , n/a ," 18,300 "," 19,700 "," 14,020 ","19,000","20,300","12,140","21,100","22,300","11,020","18,800","20,100","17,930", n/a , n/a , n/a , n/a , n/a , n/a , n/a , n/a , n/a , n/a , n/a , n/a , n/a , n/a , n/a , n/a , n/a , n/a , n/a , n/a , n/a 
FP - 2,"£150,000 and over","FP - 2£150,000 and over"," 5,200 "," 6,500 "," 7,030 ","5,800","7,500","6,090","6,200","7,500","5,970","5,400","6,600","8,070", n/a , n/a , n/a , n/a , n/a , n/a , n/a , n/a , n/a , n/a , n/a , n/a , n/a , n/a , n/a , n/a , n/a , n/a , n/a , n/a , n/a ," 20,500 "," 21,900 "," 5,840 ","20,600","21,900","4,650","23,900","25,000","3,850","19,600","21,500","5,890", n/a , n/a , n/a , n/a , n/a , n/a , n/a , n/a , n/a , n/a , n/a , n/a , n/a , n/a , n/a , n/a , n/a , n/a , n/a , n/a , n/a 
FP - 3,"Less than £15,000","FP - 3Less than £15,000"," 2,400 "," 3,100 "," 110,550 ","2,500","3,400","133,530","2,500","3,300","134,940","2,600","3,400","136,680", n/a , n/a , n/a , n/a , n/a , n/a , n/a , n/a , n/a , n/a , n/a , n/a , n/a , n/a , n/a , n/a , n/a , n/a , n/a , n/a , n/a ," 9,900 "," 10,800 "," 103,180 ","10,000","10,800","116,100","10,400","11,300","107,750","11,200","12,000","108,310", n/a , n/a , n/a , n/a , n/a , n/a , n/a , n/a , n/a , n/a , n/a , n/a , n/a , n/a , n/a , n/a , n/a , n/a , n/a , n/a , n/a 
FP - 3,"£15,000 - £19,999","FP - 3£15,000 - £19,999"," 2,600 "," 3,400 "," 56,110 ","2,800","3,600","58,320","2,800","3,500","59,890","2,900","3,700","53,850", n/a , n/a , n/a , n/a , n/a , n/a , n/a , n/a , n/a , n/a , n/a , n/a , n/a , n/a , n/a , n/a , n/a , n/a , n/a , n/a , n/a ," 10,500 "," 11,300 "," 51,110 ","10,500","11,400","50,260","11,000","11,900","47,620","12,100","12,900","41,930", n/a , n/a , n/a , n/a , n/a , n/a , n/a , n/a , n/a , n/a , n/a , n/a , n/a , n/a , n/a , n/a , n/a , n/a , n/a , n/a , n/a 
FP - 3,"£20,000 - £29,999","FP - 3£20,000 - £29,999"," 2,900 "," 3,600 "," 143,850 ","3,000","3,700","149,150","3,000","3,600","152,620","3,100","3,900","127,310", n/a , n/a , n/a , n/a , n/a , n/a , n/a , n/a , n/a , n/a , n/a , n/a , n/a , n/a , n/a , n/a , n/a , n/a , n/a , n/a , n/a ," 10,900 "," 11,700 "," 136,790 ","11,000","11,800","132,620","11,400","12,300","125,530","12,400","13,300","100,660", n/a , n/a , n/a , n/a , n/a , n/a , n/a , n/a , n/a , n/a , n/a , n/a , n/a , n/a , n/a , n/a , n/a , n/a , n/a , n/a , n/a 
FP - 3,"£30,000 - £39,999","FP - 3£30,000 - £39,999"," 3,200 "," 3,800 "," 130,320 ","3,300","4,100","124,210","3,400","4,000","126,470","3,500","4,200","106,580", n/a , n/a , n/a , n/a , n/a , n/a , n/a , n/a , n/a , n/a , n/a , n/a , n/a , n/a , n/a , n/a , n/a , n/a , n/a , n/a , n/a ," 11,800 "," 12,700 "," 125,400 ","12,100","12,900","112,510","12,700","13,500","106,100","13,300","14,200","85,150", n/a , n/a , n/a , n/a , n/a , n/a , n/a , n/a , n/a , n/a , n/a , n/a , n/a , n/a , n/a , n/a , n/a , n/a , n/a , n/a , n/a 
FP - 3,"£40,000 - £49,999","FP - 3£40,000 - £49,999"," 3,600 "," 4,200 "," 97,740 ","3,700","4,400","93,160","3,800","4,300","95,890","3,800","4,500","84,610", n/a , n/a , n/a , n/a , n/a , n/a , n/a , n/a , n/a , n/a , n/a , n/a , n/a , n/a , n/a , n/a , n/a , n/a , n/a , n/a , n/a ," 13,100 "," 14,000 "," 94,610 ","13,300","14,200","84,820","14,000","15,000","81,220","14,400","15,200","68,890", n/a , n/a , n/a , n/a , n/a , n/a , n/a , n/a , n/a , n/a , n/a , n/a , n/a , n/a , n/a , n/a , n/a , n/a , n/a , n/a , n/a 
FP - 3,"£50,000 - £59,999","FP - 3£50,000 - £59,999"," 3,700 "," 4,300 "," 57,180 ","3,900","4,600","53,970","3,900","4,500","55,750","3,900","4,700","50,170", n/a , n/a , n/a , n/a , n/a , n/a , n/a , n/a , n/a , n/a , n/a , n/a , n/a , n/a , n/a , n/a , n/a , n/a , n/a , n/a , n/a ," 14,100 "," 15,200 "," 55,230 ","14,100","15,200","48,420","15,000","16,100","46,440","15,000","16,000","40,090", n/a , n/a , n/a , n/a , n/a , n/a , n/a , n/a , n/a , n/a , n/a , n/a , n/a , n/a , n/a , n/a , n/a , n/a , n/a , n/a , n/a 
FP - 3,"£60,000 - £69,999","FP - 3£60,000 - £69,999"," 3,800 "," 4,500 "," 34,950 ","4,000","4,800","32,890","4,100","4,700","34,220","4,100","4,800","31,840", n/a , n/a , n/a , n/a , n/a , n/a , n/a , n/a , n/a , n/a , n/a , n/a , n/a , n/a , n/a , n/a , n/a , n/a , n/a , n/a , n/a ," 14,900 "," 16,000 "," 33,240 ","14,900","16,000","29,110","15,900","17,000","28,230","15,900","17,000","25,090", n/a , n/a , n/a , n/a , n/a , n/a , n/a , n/a , n/a , n/a , n/a , n/a , n/a , n/a , n/a , n/a , n/a , n/a , n/a , n/a , n/a 
FP - 3,"£70,000 - £99,999","FP - 3£70,000 - £99,999"," 4,100 "," 4,800 "," 47,150 ","4,300","5,200","45,200","4,400","5,100","49,040","4,300","5,200","44,190", n/a , n/a , n/a , n/a , n/a , n/a , n/a , n/a , n/a , n/a , n/a , n/a , n/a , n/a , n/a , n/a , n/a , n/a , n/a , n/a , n/a ," 16,300 "," 17,500 "," 44,330 ","16,500","17,700","39,290","17,600","18,800","40,160","16,900","18,100","34,460", n/a , n/a , n/a , n/a , n/a , n/a , n/a , n/a , n/a , n/a , n/a , n/a , n/a , n/a , n/a , n/a , n/a , n/a , n/a , n/a , n/a 
FP - 3,"£100,000 - £149,999","FP - 3£100,000 - £149,999"," 4,600 "," 5,500 "," 21,140 ","5,000","6,200","20,980","5,100","6,000","24,190","5,000","6,000","22,120", n/a , n/a , n/a , n/a , n/a , n/a , n/a , n/a , n/a , n/a , n/a , n/a , n/a , n/a , n/a , n/a , n/a , n/a , n/a , n/a , n/a ," 18,900 "," 20,200 "," 19,270 ","19,500","20,700","17,340","20,600","21,900","18,490","19,600","20,900","16,470", n/a , n/a , n/a , n/a , n/a , n/a , n/a , n/a , n/a , n/a , n/a , n/a , n/a , n/a , n/a , n/a , n/a , n/a , n/a , n/a , n/a 
FP - 3,"£150,000 and over","FP - 3£150,000 and over"," 5,300 "," 6,400 "," 7,430 ","5,800","7,500","7,770","6,000","7,100","9,830","5,500","6,700","7,990", n/a , n/a , n/a , n/a , n/a , n/a , n/a , n/a , n/a , n/a , n/a , n/a , n/a , n/a , n/a , n/a , n/a , n/a , n/a , n/a , n/a ," 20,700 "," 22,200 "," 6,390 ","21,600","22,800","6,150","23,600","24,500","7,150","21,200","22,800","5,770", n/a , n/a , n/a , n/a , n/a , n/a , n/a , n/a , n/a , n/a , n/a , n/a , n/a , n/a , n/a , n/a , n/a , n/a , n/a , n/a , n/a 
FP - 4,"Less than £15,000","FP - 4Less than £15,000"," 2,400 "," 3,100 "," 96,780 ","2,500","3,300","117,200","2,500","3,200","114,550","2,600","3,400","121,840", n/a , n/a , n/a , n/a , n/a , n/a , n/a , n/a , n/a , n/a , n/a , n/a , n/a , n/a , n/a , n/a , n/a , n/a , n/a , n/a , n/a ," 10,200 "," 11,100 "," 88,580 ","10,300","11,100","101,490","10,500","11,400","91,190","11,700","12,600","97,800", n/a , n/a , n/a , n/a , n/a , n/a , n/a , n/a , n/a , n/a , n/a , n/a , n/a , n/a , n/a , n/a , n/a , n/a , n/a , n/a , n/a 
FP - 4,"£15,000 - £19,999","FP - 4£15,000 - £19,999"," 2,600 "," 3,300 "," 58,120 ","2,800","3,500","53,400","2,800","3,500","53,900","2,900","3,700","50,650", n/a , n/a , n/a , n/a , n/a , n/a , n/a , n/a , n/a , n/a , n/a , n/a , n/a , n/a , n/a , n/a , n/a , n/a , n/a , n/a , n/a ," 10,900 "," 11,700 "," 52,170 ","10,900","11,800","46,400","11,200","12,100","42,820","12,600","13,500","40,640", n/a , n/a , n/a , n/a , n/a , n/a , n/a , n/a , n/a , n/a , n/a , n/a , n/a , n/a , n/a , n/a , n/a , n/a , n/a , n/a , n/a 
FP - 4,"£20,000 - £29,999","FP - 4£20,000 - £29,999"," 3,000 "," 3,600 "," 135,510 ","3,000","3,700","137,300","3,000","3,600","137,570","3,100","3,800","120,990", n/a , n/a , n/a , n/a , n/a , n/a , n/a , n/a , n/a , n/a , n/a , n/a , n/a , n/a , n/a , n/a , n/a , n/a , n/a , n/a , n/a ," 11,200 "," 12,100 "," 126,680 ","11,300","12,200","122,990","11,600","12,500","112,880","12,700","13,600","97,490", n/a , n/a , n/a , n/a , n/a , n/a , n/a , n/a , n/a , n/a , n/a , n/a , n/a , n/a , n/a , n/a , n/a , n/a , n/a , n/a , n/a 
FP - 4,"£30,000 - £39,999","FP - 4£30,000 - £39,999"," 3,200 "," 3,800 "," 136,130 ","3,300","4,000","126,340","3,300","3,900","126,260","3,400","4,200","102,460", n/a , n/a , n/a , n/a , n/a , n/a , n/a , n/a , n/a , n/a , n/a , n/a , n/a , n/a , n/a , n/a , n/a , n/a , n/a , n/a , n/a ," 11,900 "," 12,700 "," 128,690 ","12,100","13,000","114,720","12,400","13,200","105,440","13,800","14,700","83,850", n/a , n/a , n/a , n/a , n/a , n/a , n/a , n/a , n/a , n/a , n/a , n/a , n/a , n/a , n/a , n/a , n/a , n/a , n/a , n/a , n/a 
FP - 4,"£40,000 - £49,999","FP - 4£40,000 - £49,999"," 3,600 "," 4,200 "," 109,900 ","3,700","4,400","102,270","3,700","4,300","101,700","3,800","4,400","80,320", n/a , n/a , n/a , n/a , n/a , n/a , n/a , n/a , n/a , n/a , n/a , n/a , n/a , n/a , n/a , n/a , n/a , n/a , n/a , n/a , n/a ," 13,100 "," 14,000 "," 105,220 ","13,400","14,300","94,020","13,800","14,700","86,080","14,900","15,800","66,380", n/a , n/a , n/a , n/a , n/a , n/a , n/a , n/a , n/a , n/a , n/a , n/a , n/a , n/a , n/a , n/a , n/a , n/a , n/a , n/a , n/a 
FP - 4,"£50,000 - £59,999","FP - 4£50,000 - £59,999"," 3,800 "," 4,400 "," 67,140 ","3,900","4,600","62,310","3,900","4,500","62,110","3,900","4,700","47,560", n/a , n/a , n/a , n/a , n/a , n/a , n/a , n/a , n/a , n/a , n/a , n/a , n/a , n/a , n/a , n/a , n/a , n/a , n/a , n/a , n/a ," 14,100 "," 15,200 "," 64,240 ","14,200","15,200","57,050","14,600","15,600","52,060","15,700","16,700","38,860", n/a , n/a , n/a , n/a , n/a , n/a , n/a , n/a , n/a , n/a , n/a , n/a , n/a , n/a , n/a , n/a , n/a , n/a , n/a , n/a , n/a 
FP - 4,"£60,000 - £69,999","FP - 4£60,000 - £69,999"," 3,900 "," 4,500 "," 43,310 ","4,000","4,700","40,140","4,000","4,600","39,890","4,100","4,900","29,390", n/a , n/a , n/a , n/a , n/a , n/a , n/a , n/a , n/a , n/a , n/a , n/a , n/a , n/a , n/a , n/a , n/a , n/a , n/a , n/a , n/a ," 14,800 "," 15,900 "," 41,280 ","15,000","16,100","36,570","15,400","16,500","33,300","16,700","17,800","23,690", n/a , n/a , n/a , n/a , n/a , n/a , n/a , n/a , n/a , n/a , n/a , n/a , n/a , n/a , n/a , n/a , n/a , n/a , n/a , n/a , n/a 
FP - 4,"£70,000 - £99,999","FP - 4£70,000 - £99,999"," 4,200 "," 4,900 "," 62,530 ","4,300","5,100","58,620","4,300","5,000","58,420","4,400","5,200","42,010", n/a , n/a , n/a , n/a , n/a , n/a , n/a , n/a , n/a , n/a , n/a , n/a , n/a , n/a , n/a , n/a , n/a , n/a , n/a , n/a , n/a ," 16,400 "," 17,600 "," 59,270 ","16,500","17,600","53,310","16,800","17,900","48,740","17,700","18,900","33,250", n/a , n/a , n/a , n/a , n/a , n/a , n/a , n/a , n/a , n/a , n/a , n/a , n/a , n/a , n/a , n/a , n/a , n/a , n/a , n/a , n/a 
FP - 4,"£100,000 - £149,999","FP - 4£100,000 - £149,999"," 4,800 "," 5,600 "," 28,720 ","5,000","6,100","28,110","5,000","5,800","28,120","5,000","6,000","20,980", n/a , n/a , n/a , n/a , n/a , n/a , n/a , n/a , n/a , n/a , n/a , n/a , n/a , n/a , n/a , n/a , n/a , n/a , n/a , n/a , n/a ," 19,300 "," 20,500 "," 26,940 ","19,400","20,700","24,770","19,700","20,900","22,750","20,500","21,700","15,850", n/a , n/a , n/a , n/a , n/a , n/a , n/a , n/a , n/a , n/a , n/a , n/a , n/a , n/a , n/a , n/a , n/a , n/a , n/a , n/a , n/a 
FP - 4,"£150,000 and over","FP - 4£150,000 and over"," 5,500 "," 6,600 "," 9,950 ","5,900","7,500","9,720","5,800","6,800","10,260","5,500","6,700","7,520", n/a , n/a , n/a , n/a , n/a , n/a , n/a , n/a , n/a , n/a , n/a , n/a , n/a , n/a , n/a , n/a , n/a , n/a , n/a , n/a , n/a ," 22,000 "," 23,400 "," 8,720 ","22,300","23,500","8,100","22,200","23,600","7,890","21,300","23,000","5,530", n/a , n/a , n/a , n/a , n/a , n/a , n/a , n/a , n/a , n/a , n/a , n/a , n/a , n/a , n/a , n/a , n/a , n/a , n/a , n/a , n/a 
FP - 5,"Less than £15,000","FP - 5Less than £15,000"," 2,400 "," 3,200 "," 74,120 ","2,500","3,300","89,730","2,500","3,200","101,030","2,600","3,400","118,190", n/a , n/a , n/a , n/a , n/a , n/a , n/a , n/a , n/a , n/a , n/a , n/a , n/a , n/a , n/a , n/a , n/a , n/a , n/a , n/a , n/a ," 10,100 "," 11,000 "," 66,630 ","10,200","11,100","76,960","10,200","10,900","75,660","11,800","12,700","95,560", n/a , n/a , n/a , n/a , n/a , n/a , n/a , n/a , n/a , n/a , n/a , n/a , n/a , n/a , n/a , n/a , n/a , n/a , n/a , n/a , n/a 
FP - 5,"£15,000 - £19,999","FP - 5£15,000 - £19,999"," 2,500 "," 3,400 "," 54,980 ","2,800","3,600","44,770","2,700","3,400","49,460","2,900","3,600","50,700", n/a , n/a , n/a , n/a , n/a , n/a , n/a , n/a , n/a , n/a , n/a , n/a , n/a , n/a , n/a , n/a , n/a , n/a , n/a , n/a , n/a ," 10,700 "," 11,600 "," 47,940 ","10,900","11,800","37,560","11,000","11,800","36,670","12,500","13,500","41,010", n/a , n/a , n/a , n/a , n/a , n/a , n/a , n/a , n/a , n/a , n/a , n/a , n/a , n/a , n/a , n/a , n/a , n/a , n/a , n/a , n/a 
FP - 5,"£20,000 - £29,999","FP - 5£20,000 - £29,999"," 2,900 "," 3,600 "," 124,310 ","3,000","3,700","124,930","3,000","3,600","136,610","3,000","3,700","143,830", n/a , n/a , n/a , n/a , n/a , n/a , n/a , n/a , n/a , n/a , n/a , n/a , n/a , n/a , n/a , n/a , n/a , n/a , n/a , n/a , n/a ," 10,900 "," 11,800 "," 111,900 ","11,000","11,900","108,910","11,000","11,800","104,960","12,500","13,500","118,430", n/a , n/a , n/a , n/a , n/a , n/a , n/a , n/a , n/a , n/a , n/a , n/a , n/a , n/a , n/a , n/a , n/a , n/a , n/a , n/a , n/a 
FP - 5,"£30,000 - £39,999","FP - 5£30,000 - £39,999"," 3,200 "," 3,800 "," 128,930 ","3,200","3,900","123,530","3,200","3,800","136,320","3,400","4,100","102,620", n/a , n/a , n/a , n/a , n/a , n/a , n/a , n/a , n/a , n/a , n/a , n/a , n/a , n/a , n/a , n/a , n/a , n/a , n/a , n/a , n/a ," 11,300 "," 12,100 "," 117,350 ","11,500","12,400","108,820","11,400","12,200","105,450","14,300","15,300","85,250", n/a , n/a , n/a , n/a , n/a , n/a , n/a , n/a , n/a , n/a , n/a , n/a , n/a , n/a , n/a , n/a , n/a , n/a , n/a , n/a , n/a 
FP - 5,"£40,000 - £49,999","FP - 5£40,000 - £49,999"," 3,600 "," 4,200 "," 113,360 ","3,600","4,300","108,770","3,700","4,200","116,040","3,700","4,400","75,360", n/a , n/a , n/a , n/a , n/a , n/a , n/a , n/a , n/a , n/a , n/a , n/a , n/a , n/a , n/a , n/a , n/a , n/a , n/a , n/a , n/a ," 12,400 "," 13,300 "," 105,760 ","12,700","13,700","98,010","12,700","13,500","91,880","15,300","16,300","63,650", n/a , n/a , n/a , n/a , n/a , n/a , n/a , n/a , n/a , n/a , n/a , n/a , n/a , n/a , n/a , n/a , n/a , n/a , n/a , n/a , n/a 
FP - 5,"£50,000 - £59,999","FP - 5£50,000 - £59,999"," 3,700 "," 4,300 "," 72,120 ","3,800","4,500","72,160","3,800","4,300","74,960","3,900","4,600","41,220", n/a , n/a , n/a , n/a , n/a , n/a , n/a , n/a , n/a , n/a , n/a , n/a , n/a , n/a , n/a , n/a , n/a , n/a , n/a , n/a , n/a ," 13,200 "," 14,200 "," 67,340 ","13,300","14,300","65,020","13,300","14,100","58,740","16,100","17,200","34,040", n/a , n/a , n/a , n/a , n/a , n/a , n/a , n/a , n/a , n/a , n/a , n/a , n/a , n/a , n/a , n/a , n/a , n/a , n/a , n/a , n/a 
FP - 5,"£60,000 - £69,999","FP - 5£60,000 - £69,999"," 3,900 "," 4,500 "," 48,670 ","3,900","4,600","50,090","3,900","4,400","51,020","4,100","4,900","23,310", n/a , n/a , n/a , n/a , n/a , n/a , n/a , n/a , n/a , n/a , n/a , n/a , n/a , n/a , n/a , n/a , n/a , n/a , n/a , n/a , n/a ," 14,000 "," 14,900 "," 45,410 ","13,800","14,900","45,200","13,800","14,700","40,010","17,200","18,400","18,870", n/a , n/a , n/a , n/a , n/a , n/a , n/a , n/a , n/a , n/a , n/a , n/a , n/a , n/a , n/a , n/a , n/a , n/a , n/a , n/a , n/a 
FP - 5,"£70,000 - £99,999","FP - 5£70,000 - £99,999"," 4,200 "," 4,800 "," 73,260 ","4,300","5,000","75,630","4,200","4,800","74,010","4,400","5,200","30,900", n/a , n/a , n/a , n/a , n/a , n/a , n/a , n/a , n/a , n/a , n/a , n/a , n/a , n/a , n/a , n/a , n/a , n/a , n/a , n/a , n/a ," 15,600 "," 16,700 "," 68,980 ","15,400","16,500","68,930","15,400","16,300","58,290","18,900","20,100","24,700", n/a , n/a , n/a , n/a , n/a , n/a , n/a , n/a , n/a , n/a , n/a , n/a , n/a , n/a , n/a , n/a , n/a , n/a , n/a , n/a , n/a 
FP - 5,"£100,000 - £149,999","FP - 5£100,000 - £149,999"," 4,800 "," 5,500 "," 34,400 ","4,900","5,900","34,900","4,800","5,500","31,730","5,000","6,000","15,250", n/a , n/a , n/a , n/a , n/a , n/a , n/a , n/a , n/a , n/a , n/a , n/a , n/a , n/a , n/a , n/a , n/a , n/a , n/a , n/a , n/a ," 18,100 "," 19,400 "," 32,430 ","18,400","19,700","31,410","18,000","19,100","24,450","21,700","22,700","11,710", n/a , n/a , n/a , n/a , n/a , n/a , n/a , n/a , n/a , n/a , n/a , n/a , n/a , n/a , n/a , n/a , n/a , n/a , n/a , n/a , n/a 
FP - 5,"£150,000 and over","FP - 5£150,000 and over"," 5,400 "," 6,500 "," 10,340 ","5,900","7,300","10,990","5,300","6,200","8,720","5,600","6,800","5,800", n/a , n/a , n/a , n/a , n/a , n/a , n/a , n/a , n/a , n/a , n/a , n/a , n/a , n/a , n/a , n/a , n/a , n/a , n/a , n/a , n/a ," 21,000 "," 22,600 "," 9,240 ","22,100","23,400","9,220","19,900","21,400","6,280","22,800","24,300","4,310", n/a , n/a , n/a , n/a , n/a , n/a , n/a , n/a , n/a , n/a , n/a , n/a , n/a , n/a , n/a , n/a , n/a , n/a , n/a , n/a , n/a 
FP - 1,1,FP - 11," 2,500 "," 3,400 "," 229,020 ","2,500","3,300","253,210","2,500","3,200","268,880","2,500","3,300","258,710", n/a , n/a , n/a , n/a , n/a , n/a , n/a , n/a , n/a , n/a , n/a , n/a , n/a , n/a , n/a , n/a , n/a , n/a , n/a , n/a , n/a ," 9,400 "," 10,500 "," 184,350 ","9,500","10,400","217,990","9,900","10,800","207,040","9,300","10,200","186,430", n/a , n/a , n/a , n/a , n/a , n/a , n/a , n/a , n/a , n/a , n/a , n/a , n/a , n/a , n/a , n/a , n/a , n/a , n/a , n/a , n/a 
FP - 1,2,FP - 12," 3,400 "," 4,300 "," 272,640 ","3,300","4,000","275,140","3,300","4,000","286,860","3,400","4,100","280,990", n/a , n/a , n/a , n/a , n/a , n/a , n/a , n/a , n/a , n/a , n/a , n/a , n/a , n/a , n/a , n/a , n/a , n/a , n/a , n/a , n/a ," 11,500 "," 12,600 "," 217,010 ","11,600","12,400","242,270","12,200","13,100","233,160","11,900","12,700","226,220", n/a , n/a , n/a , n/a , n/a , n/a , n/a , n/a , n/a , n/a , n/a , n/a , n/a , n/a , n/a , n/a , n/a , n/a , n/a , n/a , n/a 
FP - 1,3,FP - 13," 3,900 "," 4,700 "," 101,040 ","3,800","4,500","103,100","3,900","4,600","102,370","3,900","4,600","92,550", n/a , n/a , n/a , n/a , n/a , n/a , n/a , n/a , n/a , n/a , n/a , n/a , n/a , n/a , n/a , n/a , n/a , n/a , n/a , n/a , n/a ," 12,700 "," 14,000 "," 85,800 ","12,700","13,700","94,500","13,400","14,500","87,500","13,000","13,800","77,250", n/a , n/a , n/a , n/a , n/a , n/a , n/a , n/a , n/a , n/a , n/a , n/a , n/a , n/a , n/a , n/a , n/a , n/a , n/a , n/a , n/a 
FP - 1,4,FP - 14," 4,300 "," 5,100 "," 41,370 ","4,200","5,000","45,090","4,400","5,000","43,850","4,300","5,000","37,280", n/a , n/a , n/a , n/a , n/a , n/a , n/a , n/a , n/a , n/a , n/a , n/a , n/a , n/a , n/a , n/a , n/a , n/a , n/a , n/a , n/a ," 14,100 "," 15,500 "," 36,010 ","14,100","15,300","41,830","14,800","16,200","38,190","13,900","14,900","31,470", n/a , n/a , n/a , n/a , n/a , n/a , n/a , n/a , n/a , n/a , n/a , n/a , n/a , n/a , n/a , n/a , n/a , n/a , n/a , n/a , n/a 
FP - 1,5 or more,FP - 15 or more," 4,700 "," 5,600 "," 22,240 ","4,600","5,600","27,390","4,700","5,500","25,980","4,500","5,300","15,770", n/a , n/a , n/a , n/a , n/a , n/a , n/a , n/a , n/a , n/a , n/a , n/a , n/a , n/a , n/a , n/a , n/a , n/a , n/a , n/a , n/a ," 16,300 "," 17,700 "," 20,580 ","16,000","17,500","26,000","16,900","18,300","22,940","14,300","15,600","13,220", n/a , n/a , n/a , n/a , n/a , n/a , n/a , n/a , n/a , n/a , n/a , n/a , n/a , n/a , n/a , n/a , n/a , n/a , n/a , n/a , n/a 
FP - 2,1,FP - 21," 2,400 "," 3,100 "," 232,040 ","2,500","3,300","258,580","2,400","3,200","261,950","2,500","3,400","237,170", n/a , n/a , n/a , n/a , n/a , n/a , n/a , n/a , n/a , n/a , n/a , n/a , n/a , n/a , n/a , n/a , n/a , n/a , n/a , n/a , n/a ," 9,600 "," 10,600 "," 205,200 ","9,800","10,700","218,750","10,300","11,300","200,620","10,700","11,700","180,010", n/a , n/a , n/a , n/a , n/a , n/a , n/a , n/a , n/a , n/a , n/a , n/a , n/a , n/a , n/a , n/a , n/a , n/a , n/a , n/a , n/a 
FP - 2,2,FP - 22," 3,300 "," 4,000 "," 275,860 ","3,400","4,200","306,320","3,400","4,100","309,620","3,600","4,300","287,240", n/a , n/a , n/a , n/a , n/a , n/a , n/a , n/a , n/a , n/a , n/a , n/a , n/a , n/a , n/a , n/a , n/a , n/a , n/a , n/a , n/a ," 12,000 "," 13,000 "," 257,700 ","12,100","13,100","269,420","12,800","13,800","247,990","13,300","14,300","233,630", n/a , n/a , n/a , n/a , n/a , n/a , n/a , n/a , n/a , n/a , n/a , n/a , n/a , n/a , n/a , n/a , n/a , n/a , n/a , n/a , n/a 
FP - 2,3,FP - 23," 3,900 "," 4,500 "," 98,960 ","4,000","4,800","103,340","4,100","4,800","103,520","4,100","4,900","93,760", n/a , n/a , n/a , n/a , n/a , n/a , n/a , n/a , n/a , n/a , n/a , n/a , n/a , n/a , n/a , n/a , n/a , n/a , n/a , n/a , n/a ," 13,100 "," 14,200 "," 94,440 ","13,200","14,300","93,590","13,900","15,200","85,670","14,300","15,500","78,330", n/a , n/a , n/a , n/a , n/a , n/a , n/a , n/a , n/a , n/a , n/a , n/a , n/a , n/a , n/a , n/a , n/a , n/a , n/a , n/a , n/a 
FP - 2,4,FP - 24," 4,400 "," 5,100 "," 39,740 ","4,500","5,300","42,430","4,600","5,400","42,860","4,600","5,400","37,710", n/a , n/a , n/a , n/a , n/a , n/a , n/a , n/a , n/a , n/a , n/a , n/a , n/a , n/a , n/a , n/a , n/a , n/a , n/a , n/a , n/a ," 14,200 "," 15,500 "," 38,190 ","14,300","15,600","38,880","15,300","16,600","35,620","15,600","16,900","31,510", n/a , n/a , n/a , n/a , n/a , n/a , n/a , n/a , n/a , n/a , n/a , n/a , n/a , n/a , n/a , n/a , n/a , n/a , n/a , n/a , n/a 
FP - 2,5 or more,FP - 25 or more," 4,800 "," 5,700 "," 18,350 ","5,000","6,000","18,280","5,100","6,000","18,320","5,100","6,000","14,130", n/a , n/a , n/a , n/a , n/a , n/a , n/a , n/a , n/a , n/a , n/a , n/a , n/a , n/a , n/a , n/a , n/a , n/a , n/a , n/a , n/a ," 16,000 "," 17,600 "," 17,750 ","15,700","17,300","16,780","16,700","18,300","15,300","16,300","17,900","11,710", n/a , n/a , n/a , n/a , n/a , n/a , n/a , n/a , n/a , n/a , n/a , n/a , n/a , n/a , n/a , n/a , n/a , n/a , n/a , n/a , n/a 
FP - 3,1,FP - 31," 2,400 "," 3,100 "," 238,790 ","2,500","3,300","249,870","2,400","3,200","257,960","2,600","3,400","232,110", n/a , n/a , n/a , n/a , n/a , n/a , n/a , n/a , n/a , n/a , n/a , n/a , n/a , n/a , n/a , n/a , n/a , n/a , n/a , n/a , n/a ," 10,000 "," 11,100 "," 216,260 ","10,100","11,100","212,300","10,600","11,700","201,280","11,300","12,300","176,760", n/a , n/a , n/a , n/a , n/a , n/a , n/a , n/a , n/a , n/a , n/a , n/a , n/a , n/a , n/a , n/a , n/a , n/a , n/a , n/a , n/a 
FP - 3,2,FP - 32," 3,400 "," 4,000 "," 303,600 ","3,500","4,200","310,640","3,500","4,200","320,270","3,600","4,300","285,420", n/a , n/a , n/a , n/a , n/a , n/a , n/a , n/a , n/a , n/a , n/a , n/a , n/a , n/a , n/a , n/a , n/a , n/a , n/a , n/a , n/a ," 12,600 "," 13,700 "," 292,740 ","12,700","13,700","278,700","13,300","14,500","267,040","13,900","15,000","228,940", n/a , n/a , n/a , n/a , n/a , n/a , n/a , n/a , n/a , n/a , n/a , n/a , n/a , n/a , n/a , n/a , n/a , n/a , n/a , n/a , n/a 
FP - 3,3,FP - 33," 4,000 "," 4,600 "," 105,130 ","4,100","4,900","100,830","4,200","4,900","104,650","4,100","4,900","94,750", n/a , n/a , n/a , n/a , n/a , n/a , n/a , n/a , n/a , n/a , n/a , n/a , n/a , n/a , n/a , n/a , n/a , n/a , n/a , n/a , n/a ," 13,700 "," 14,900 "," 102,680 ","13,700","14,900","92,480","14,600","15,900","89,020","15,000","16,200","77,700", n/a , n/a , n/a , n/a , n/a , n/a , n/a , n/a , n/a , n/a , n/a , n/a , n/a , n/a , n/a , n/a , n/a , n/a , n/a , n/a , n/a 
FP - 3,4,FP - 34," 4,500 "," 5,100 "," 41,570 ","4,600","5,400","41,330","4,800","5,500","42,820","4,600","5,400","37,720", n/a , n/a , n/a , n/a , n/a , n/a , n/a , n/a , n/a , n/a , n/a , n/a , n/a , n/a , n/a , n/a , n/a , n/a , n/a , n/a , n/a ," 14,900 "," 16,200 "," 40,930 ","14,900","16,200","38,090","15,900","17,300","36,830","16,200","17,400","31,050", n/a , n/a , n/a , n/a , n/a , n/a , n/a , n/a , n/a , n/a , n/a , n/a , n/a , n/a , n/a , n/a , n/a , n/a , n/a , n/a , n/a 
FP - 3,5 or more,FP - 35 or more," 4,900 "," 5,700 "," 17,330 ","5,100","6,100","16,340","5,300","6,100","16,920","5,100","6,000","15,010", n/a , n/a , n/a , n/a , n/a , n/a , n/a , n/a , n/a , n/a , n/a , n/a , n/a , n/a , n/a , n/a , n/a , n/a , n/a , n/a , n/a ," 16,100 "," 17,700 "," 16,950 ","15,900","17,500","15,010","17,100","18,700","14,460","17,200","18,700","12,270", n/a , n/a , n/a , n/a , n/a , n/a , n/a , n/a , n/a , n/a , n/a , n/a , n/a , n/a , n/a , n/a , n/a , n/a , n/a , n/a , n/a 
FP - 4,1,FP - 41," 2,400 "," 3,200 "," 244,210 ","2,500","3,300","250,700","2,500","3,200","249,680","2,600","3,400","215,870", n/a , n/a , n/a , n/a , n/a , n/a , n/a , n/a , n/a , n/a , n/a , n/a , n/a , n/a , n/a , n/a , n/a , n/a , n/a , n/a , n/a ," 10,500 "," 11,600 "," 217,530 ","10,500","11,600","214,070","10,800","11,900","193,690","11,800","12,800","168,130", n/a , n/a , n/a , n/a , n/a , n/a , n/a , n/a , n/a , n/a , n/a , n/a , n/a , n/a , n/a , n/a , n/a , n/a , n/a , n/a , n/a 
FP - 4,2,FP - 42," 3,500 "," 4,100 "," 333,150 ","3,500","4,300","324,770","3,500","4,200","321,710","3,600","4,300","265,810", n/a , n/a , n/a , n/a , n/a , n/a , n/a , n/a , n/a , n/a , n/a , n/a , n/a , n/a , n/a , n/a , n/a , n/a , n/a , n/a , n/a ," 13,100 "," 14,200 "," 318,680 ","13,200","14,200","296,660","13,400","14,500","270,730","14,400","15,400","216,780", n/a , n/a , n/a , n/a , n/a , n/a , n/a , n/a , n/a , n/a , n/a , n/a , n/a , n/a , n/a , n/a , n/a , n/a , n/a , n/a , n/a 
FP - 4,3,FP - 43," 4,100 "," 4,700 "," 110,210 ","4,100","4,900","102,420","4,200","4,900","102,850","4,100","4,900","89,490", n/a , n/a , n/a , n/a , n/a , n/a , n/a , n/a , n/a , n/a , n/a , n/a , n/a , n/a , n/a , n/a , n/a , n/a , n/a , n/a , n/a ," 14,100 "," 15,400 "," 106,770 ","14,300","15,600","95,040","14,700","15,900","88,260","15,600","16,800","74,630", n/a , n/a , n/a , n/a , n/a , n/a , n/a , n/a , n/a , n/a , n/a , n/a , n/a , n/a , n/a , n/a , n/a , n/a , n/a , n/a , n/a 
FP - 4,4,FP - 44," 4,600 "," 5,300 "," 43,820 ","4,700","5,500","41,870","4,800","5,400","42,220","4,600","5,400","36,770", n/a , n/a , n/a , n/a , n/a , n/a , n/a , n/a , n/a , n/a , n/a , n/a , n/a , n/a , n/a , n/a , n/a , n/a , n/a , n/a , n/a ," 15,400 "," 16,700 "," 42,660 ","15,500","16,900","39,230","15,900","17,200","36,540","16,800","18,200","30,930", n/a , n/a , n/a , n/a , n/a , n/a , n/a , n/a , n/a , n/a , n/a , n/a , n/a , n/a , n/a , n/a , n/a , n/a , n/a , n/a , n/a 
FP - 4,5 or more,FP - 45 or more," 5,000 "," 5,800 "," 16,710 ","5,100","6,200","15,490","5,300","6,000","16,150","5,100","6,000","15,460", n/a , n/a , n/a , n/a , n/a , n/a , n/a , n/a , n/a , n/a , n/a , n/a , n/a , n/a , n/a , n/a , n/a , n/a , n/a , n/a , n/a ," 16,300 "," 17,900 "," 16,130 ","16,500","18,000","14,350","17,000","18,500","13,850","18,300","19,600","12,780", n/a , n/a , n/a , n/a , n/a , n/a , n/a , n/a , n/a , n/a , n/a , n/a , n/a , n/a , n/a , n/a , n/a , n/a , n/a , n/a , n/a 
FP - 5,1,FP - 51," 2,400 "," 3,300 "," 234,800 ","2,600","3,400","249,550","2,500","3,200","264,820","2,600","3,400","212,060", n/a , n/a , n/a , n/a , n/a , n/a , n/a , n/a , n/a , n/a , n/a , n/a , n/a , n/a , n/a , n/a , n/a , n/a , n/a , n/a , n/a ," 10,200 "," 11,300 "," 201,150 ","10,300","11,400","205,920","10,200","11,100","190,360","11,600","12,700","167,430", n/a , n/a , n/a , n/a , n/a , n/a , n/a , n/a , n/a , n/a , n/a , n/a , n/a , n/a , n/a , n/a , n/a , n/a , n/a , n/a , n/a 
FP - 5,2,FP - 52," 3,500 "," 4,200 "," 336,410 ","3,600","4,300","331,440","3,500","4,100","347,370","3,400","4,200","243,550", n/a , n/a , n/a , n/a , n/a , n/a , n/a , n/a , n/a , n/a , n/a , n/a , n/a , n/a , n/a , n/a , n/a , n/a , n/a , n/a , n/a ," 12,700 "," 13,700 "," 315,140 ","12,900","14,000","300,350","12,700","13,600","275,430","14,400","15,400","200,510", n/a , n/a , n/a , n/a , n/a , n/a , n/a , n/a , n/a , n/a , n/a , n/a , n/a , n/a , n/a , n/a , n/a , n/a , n/a , n/a , n/a 
FP - 5,3,FP - 53," 4,100 "," 4,700 "," 106,750 ","4,200","4,900","99,370","4,200","4,800","107,210","3,900","4,700","89,250", n/a , n/a , n/a , n/a , n/a , n/a , n/a , n/a , n/a , n/a , n/a , n/a , n/a , n/a , n/a , n/a , n/a , n/a , n/a , n/a , n/a ," 13,900 "," 15,100 "," 102,240 ","14,200","15,400","92,330","14,000","15,000","87,200","15,600","16,800","75,870", n/a , n/a , n/a , n/a , n/a , n/a , n/a , n/a , n/a , n/a , n/a , n/a , n/a , n/a , n/a , n/a , n/a , n/a , n/a , n/a , n/a 
FP - 5,4,FP - 54," 4,700 "," 5,300 "," 41,880 ","4,700","5,500","40,730","4,700","5,300","44,100","4,400","5,100","39,150", n/a , n/a , n/a , n/a , n/a , n/a , n/a , n/a , n/a , n/a , n/a , n/a , n/a , n/a , n/a , n/a , n/a , n/a , n/a , n/a , n/a ," 15,200 "," 16,400 "," 40,410 ","15,500","16,800","38,210","15,200","16,300","36,290","17,100","18,300","33,580", n/a , n/a , n/a , n/a , n/a , n/a , n/a , n/a , n/a , n/a , n/a , n/a , n/a , n/a , n/a , n/a , n/a , n/a , n/a , n/a , n/a 
FP - 5,5 or more,FP - 55 or more," 5,100 "," 5,900 "," 14,640 ","5,100","6,200","14,280","5,100","5,800","16,240","4,700","5,600","22,880", n/a , n/a , n/a , n/a , n/a , n/a , n/a , n/a , n/a , n/a , n/a , n/a , n/a , n/a , n/a , n/a , n/a , n/a , n/a , n/a , n/a ," 16,400 "," 17,700 "," 14,030 ","16,500","18,100","13,160","16,100","17,300","13,040","18,800","20,100","20,000", n/a , n/a , n/a , n/a , n/a , n/a , n/a , n/a , n/a , n/a , n/a , n/a , n/a , n/a , n/a , n/a , n/a , n/a , n/a , n/a , n/a 
FP - 1,North East,FP - 1North East," 2,900 "," 3,500 "," 58,620 ","2,900","3,500","57,990","2,900","3,500","47,590","3,000","3,500","24,050", n/a , n/a , n/a , n/a , n/a , n/a , n/a , n/a , n/a , n/a , n/a , n/a , n/a , n/a , n/a , n/a , n/a , n/a , n/a , n/a , n/a ," 11,100 "," 12,100 "," 53,050 ","11,200","12,000","54,020","11,700","12,600","40,060","12,300","12,900","19,960", n/a , n/a , n/a , n/a , n/a , n/a , n/a , n/a , n/a , n/a , n/a , n/a , n/a , n/a , n/a , n/a , n/a , n/a , n/a , n/a , n/a 
FP - 1,North West,FP - 1North West," 3,100 "," 3,600 "," 109,070 ","3,000","3,700","113,810","3,100","3,700","115,780","3,200","3,800","48,080", n/a , n/a , n/a , n/a , n/a , n/a , n/a , n/a , n/a , n/a , n/a , n/a , n/a , n/a , n/a , n/a , n/a , n/a , n/a , n/a , n/a ," 10,200 "," 11,200 "," 113,420 ","10,300","11,200","108,840","10,900","12,000","99,240","11,200","12,000","38,730", n/a , n/a , n/a , n/a , n/a , n/a , n/a , n/a , n/a , n/a , n/a , n/a , n/a , n/a , n/a , n/a , n/a , n/a , n/a , n/a , n/a 
FP - 1,Yorks & Humber,FP - 1Yorks & Humber," 3,000 "," 3,700 "," 96,450 ","3,000","3,700","76,310","3,000","3,600","77,520","3,100","3,700","56,670", n/a , n/a , n/a , n/a , n/a , n/a , n/a , n/a , n/a , n/a , n/a , n/a , n/a , n/a , n/a , n/a , n/a , n/a , n/a , n/a , n/a ," 11,400 "," 12,600 "," 88,640 ","11,300","12,500","72,270","11,800","13,000","65,180","12,000","12,700","45,240", n/a , n/a , n/a , n/a , n/a , n/a , n/a , n/a , n/a , n/a , n/a , n/a , n/a , n/a , n/a , n/a , n/a , n/a , n/a , n/a , n/a 
FP - 1,East Midlands,FP - 1East Midlands," 3,200 "," 4,100 "," 51,190 ","3,000","3,700","55,560","3,200","3,900","116,910","3,300","3,800","26,730", n/a , n/a , n/a , n/a , n/a , n/a , n/a , n/a , n/a , n/a , n/a , n/a , n/a , n/a , n/a , n/a , n/a , n/a , n/a , n/a , n/a ," 11,600 "," 12,800 "," 38,770 ","11,600","12,600","50,960","12,200","13,200","96,230","12,100","12,700","22,420", n/a , n/a , n/a , n/a , n/a , n/a , n/a , n/a , n/a , n/a , n/a , n/a , n/a , n/a , n/a , n/a , n/a , n/a , n/a , n/a , n/a 
FP - 1,West Midlands,FP - 1West Midlands," 3,300 "," 4,000 "," 99,920 ","3,300","4,000","164,560","3,300","4,000","184,990","3,400","4,000","27,170", n/a , n/a , n/a , n/a , n/a , n/a , n/a , n/a , n/a , n/a , n/a , n/a , n/a , n/a , n/a , n/a , n/a , n/a , n/a , n/a , n/a ," 11,700 "," 12,800 "," 89,450 ","11,800","12,700","150,550","12,200","13,200","152,430","11,800","12,600","22,600", n/a , n/a , n/a , n/a , n/a , n/a , n/a , n/a , n/a , n/a , n/a , n/a , n/a , n/a , n/a , n/a , n/a , n/a , n/a , n/a , n/a 
FP - 1,East of England,FP - 1East of England," 3,800 "," 5,100 "," 40,220 ","3,200","4,100","36,310","3,300","4,100","49,660","3,300","4,000","80,770", n/a , n/a , n/a , n/a , n/a , n/a , n/a , n/a , n/a , n/a , n/a , n/a , n/a , n/a , n/a , n/a , n/a , n/a , n/a , n/a , n/a ," 11,600 "," 12,800 "," 17,430 ","11,200","12,300","29,850","11,500","12,700","35,250","11,500","12,300","64,450", n/a , n/a , n/a , n/a , n/a , n/a , n/a , n/a , n/a , n/a , n/a , n/a , n/a , n/a , n/a , n/a , n/a , n/a , n/a , n/a , n/a 
FP - 1,London,FP - 1London," 3,300 "," 4,200 "," 65,300 ","3,400","4,200","64,690","3,300","4,000","49,250","2,800","3,600","127,410", n/a , n/a , n/a , n/a , n/a , n/a , n/a , n/a , n/a , n/a , n/a , n/a , n/a , n/a , n/a , n/a , n/a , n/a , n/a , n/a , n/a ," 13,200 "," 14,600 "," 66,360 ","13,600","14,600","64,770","14,100","15,200","41,880","9,200","10,300","89,580", n/a , n/a , n/a , n/a , n/a , n/a , n/a , n/a , n/a , n/a , n/a , n/a , n/a , n/a , n/a , n/a , n/a , n/a , n/a , n/a , n/a 
FP - 1,South East,FP - 1South East," 3,600 "," 4,700 "," 47,170 ","3,200","4,000","40,210","3,200","4,000","47,430","3,400","4,200","209,360", n/a , n/a , n/a , n/a , n/a , n/a , n/a , n/a , n/a , n/a , n/a , n/a , n/a , n/a , n/a , n/a , n/a , n/a , n/a , n/a , n/a ," 10,800 "," 12,200 "," 31,550 ","10,500","11,600","36,920","11,000","12,200","34,490","12,100","13,100","167,310", n/a , n/a , n/a , n/a , n/a , n/a , n/a , n/a , n/a , n/a , n/a , n/a , n/a , n/a , n/a , n/a , n/a , n/a , n/a , n/a , n/a 
FP - 1,South West,FP - 1South West," 3,800 "," 5,000 "," 99,580 ","3,600","4,800","97,560","3,600","4,600","56,390","3,300","4,100","92,470", n/a , n/a , n/a , n/a , n/a , n/a , n/a , n/a , n/a , n/a , n/a , n/a , n/a , n/a , n/a , n/a , n/a , n/a , n/a , n/a , n/a ," 10,300 "," 11,600 "," 56,990 ","10,100","11,200","63,630","10,400","11,600","31,840","10,400","11,300","69,350", n/a , n/a , n/a , n/a , n/a , n/a , n/a , n/a , n/a , n/a , n/a , n/a , n/a , n/a , n/a , n/a , n/a , n/a , n/a , n/a , n/a 
FP - 1,Wales,FP - 1Wales, n/a , n/a , n/a , n/a , n/a , n/a , n/a , n/a , n/a ,             -  ,             -  ,             -  , n/a , n/a , n/a , n/a , n/a , n/a , n/a , n/a , n/a , n/a , n/a , n/a , n/a , n/a , n/a , n/a , n/a , n/a , n/a , n/a , n/a , n/a , n/a , n/a , n/a , n/a , n/a , n/a , n/a , n/a , n/a , n/a , n/a , n/a , n/a , n/a , n/a , n/a , n/a , n/a , n/a , n/a , n/a , n/a , n/a , n/a , n/a , n/a , n/a , n/a , n/a , n/a , n/a , n/a 
FP - 2,North East,FP - 2North East," 2,800 "," 3,300 "," 55,650 ","2,900","3,400","61,570","2,900","3,400","64,400","2,900","3,400","28,970", n/a , n/a , n/a , n/a , n/a , n/a , n/a , n/a , n/a , n/a , n/a , n/a , n/a , n/a , n/a , n/a , n/a , n/a , n/a , n/a , n/a ," 11,900 "," 12,700 "," 52,270 ","12,400","13,200","58,210","12,700","13,600","55,910","12,800","13,500","25,190", n/a , n/a , n/a , n/a , n/a , n/a , n/a , n/a , n/a , n/a , n/a , n/a , n/a , n/a , n/a , n/a , n/a , n/a , n/a , n/a , n/a 
FP - 2,North West,FP - 2North West," 3,100 "," 3,700 "," 99,640 ","3,200","3,800","106,910","3,200","3,800","133,390","3,300","3,900","62,580", n/a , n/a , n/a , n/a , n/a , n/a , n/a , n/a , n/a , n/a , n/a , n/a , n/a , n/a , n/a , n/a , n/a , n/a , n/a , n/a , n/a ," 10,900 "," 11,900 "," 105,500 ","11,000","11,900","99,770","11,800","12,800","113,160","12,400","13,300","53,910", n/a , n/a , n/a , n/a , n/a , n/a , n/a , n/a , n/a , n/a , n/a , n/a , n/a , n/a , n/a , n/a , n/a , n/a , n/a , n/a , n/a 
FP - 2,Yorks & Humber,FP - 2Yorks & Humber," 3,000 "," 3,600 "," 81,930 ","3,100","3,700","67,570","3,000","3,600","78,740","3,100","3,800","89,060", n/a , n/a , n/a , n/a , n/a , n/a , n/a , n/a , n/a , n/a , n/a , n/a , n/a , n/a , n/a , n/a , n/a , n/a , n/a , n/a , n/a ," 11,600 "," 12,600 "," 78,560 ","11,500","12,400","60,980","11,800","12,700","64,590","13,500","14,400","74,930", n/a , n/a , n/a , n/a , n/a , n/a , n/a , n/a , n/a , n/a , n/a , n/a , n/a , n/a , n/a , n/a , n/a , n/a , n/a , n/a , n/a 
FP - 2,East Midlands,FP - 2East Midlands," 3,200 "," 3,900 "," 58,290 ","3,200","4,000","72,470","3,300","3,900","100,190","3,200","3,800","32,520", n/a , n/a , n/a , n/a , n/a , n/a , n/a , n/a , n/a , n/a , n/a , n/a , n/a , n/a , n/a , n/a , n/a , n/a , n/a , n/a , n/a ," 11,800 "," 12,800 "," 51,830 ","11,900","12,900","63,060","12,800","13,700","80,900","12,400","13,100","28,010", n/a , n/a , n/a , n/a , n/a , n/a , n/a , n/a , n/a , n/a , n/a , n/a , n/a , n/a , n/a , n/a , n/a , n/a , n/a , n/a , n/a 
FP - 2,West Midlands,FP - 2West Midlands," 3,300 "," 3,900 "," 90,680 ","3,400","4,100","105,940","3,400","4,000","103,520","3,300","3,900","34,380", n/a , n/a , n/a , n/a , n/a , n/a , n/a , n/a , n/a , n/a , n/a , n/a , n/a , n/a , n/a , n/a , n/a , n/a , n/a , n/a , n/a ," 11,800 "," 12,700 "," 90,090 ","12,200","13,200","98,550","12,600","13,700","84,740","11,600","12,400","29,350", n/a , n/a , n/a , n/a , n/a , n/a , n/a , n/a , n/a , n/a , n/a , n/a , n/a , n/a , n/a , n/a , n/a , n/a , n/a , n/a , n/a 
FP - 2,East of England,FP - 2East of England," 3,500 "," 4,500 "," 40,390 ","3,400","4,500","53,910","3,500","4,500","54,190","3,400","4,200","94,500", n/a , n/a , n/a , n/a , n/a , n/a , n/a , n/a , n/a , n/a , n/a , n/a , n/a , n/a , n/a , n/a , n/a , n/a , n/a , n/a , n/a ," 11,500 "," 12,800 "," 28,100 ","11,200","12,200","40,240","12,100","13,400","36,600","12,700","13,600","73,810", n/a , n/a , n/a , n/a , n/a , n/a , n/a , n/a , n/a , n/a , n/a , n/a , n/a , n/a , n/a , n/a , n/a , n/a , n/a , n/a , n/a 
FP - 2,London,FP - 2London," 3,200 "," 4,000 "," 109,290 ","3,400","4,300","105,560","3,400","4,100","83,420","3,100","3,900","63,970", n/a , n/a , n/a , n/a , n/a , n/a , n/a , n/a , n/a , n/a , n/a , n/a , n/a , n/a , n/a , n/a , n/a , n/a , n/a , n/a , n/a ," 12,900 "," 14,300 "," 103,020 ","12,700","14,100","102,330","14,100","15,600","70,570","11,600","13,200","50,670", n/a , n/a , n/a , n/a , n/a , n/a , n/a , n/a , n/a , n/a , n/a , n/a , n/a , n/a , n/a , n/a , n/a , n/a , n/a , n/a , n/a 
FP - 2,South East,FP - 2South East," 3,400 "," 4,300 "," 51,440 ","3,400","4,500","54,450","3,500","4,500","61,140","3,600","4,500","176,500", n/a , n/a , n/a , n/a , n/a , n/a , n/a , n/a , n/a , n/a , n/a , n/a , n/a , n/a , n/a , n/a , n/a , n/a , n/a , n/a , n/a ," 11,200 "," 12,500 "," 41,390 ","10,900","12,100","44,070","11,500","12,900","42,390","13,800","15,100","138,450", n/a , n/a , n/a , n/a , n/a , n/a , n/a , n/a , n/a , n/a , n/a , n/a , n/a , n/a , n/a , n/a , n/a , n/a , n/a , n/a , n/a 
FP - 2,South West,FP - 2South West," 3,400 "," 4,200 "," 78,410 ","3,500","4,500","103,060","3,700","4,600","69,270","3,500","4,500","96,640", n/a , n/a , n/a , n/a , n/a , n/a , n/a , n/a , n/a , n/a , n/a , n/a , n/a , n/a , n/a , n/a , n/a , n/a , n/a , n/a , n/a ," 10,200 "," 11,300 "," 68,300 ","10,500","11,600","78,150","10,700","12,000","41,760","11,500","12,600","67,100", n/a , n/a , n/a , n/a , n/a , n/a , n/a , n/a , n/a , n/a , n/a , n/a , n/a , n/a , n/a , n/a , n/a , n/a , n/a , n/a , n/a 
FP - 2,Wales,FP - 2Wales, n/a , n/a , n/a , n/a , n/a , n/a , n/a , n/a , n/a , n/a , n/a , n/a , n/a , n/a , n/a , n/a , n/a , n/a , n/a , n/a , n/a , n/a , n/a , n/a , n/a , n/a , n/a , n/a , n/a , n/a , n/a , n/a , n/a , n/a , n/a , n/a , n/a , n/a , n/a , n/a , n/a , n/a , n/a , n/a , n/a , n/a , n/a , n/a , n/a , n/a , n/a , n/a , n/a , n/a , n/a , n/a , n/a , n/a , n/a , n/a , n/a , n/a , n/a , n/a , n/a , n/a 
FP - 3,North East,FP - 3North East," 2,900 "," 3,500 "," 39,510 ","3,000","3,500","40,620","2,900","3,400","42,600","2,900","3,400","34,880", n/a , n/a , n/a , n/a , n/a , n/a , n/a , n/a , n/a , n/a , n/a , n/a , n/a , n/a , n/a , n/a , n/a , n/a , n/a , n/a , n/a ," 13,100 "," 13,900 "," 37,440 ","13,100","13,900","38,280","13,500","14,300","35,280","13,400","14,000","31,020", n/a , n/a , n/a , n/a , n/a , n/a , n/a , n/a , n/a , n/a , n/a , n/a , n/a , n/a , n/a , n/a , n/a , n/a , n/a , n/a , n/a 
FP - 3,North West,FP - 3North West," 3,200 "," 3,800 "," 101,960 ","3,300","3,900","109,090","3,300","3,800","120,570","3,300","3,900","108,790", n/a , n/a , n/a , n/a , n/a , n/a , n/a , n/a , n/a , n/a , n/a , n/a , n/a , n/a , n/a , n/a , n/a , n/a , n/a , n/a , n/a ," 12,200 "," 13,100 "," 110,240 ","12,000","13,000","102,710","12,600","13,700","104,280","13,100","14,100","93,550", n/a , n/a , n/a , n/a , n/a , n/a , n/a , n/a , n/a , n/a , n/a , n/a , n/a , n/a , n/a , n/a , n/a , n/a , n/a , n/a , n/a 
FP - 3,Yorks & Humber,FP - 3Yorks & Humber," 3,000 "," 3,600 "," 82,190 ","3,100","3,700","75,230","3,100","3,600","92,730","3,200","3,800","85,890", n/a , n/a , n/a , n/a , n/a , n/a , n/a , n/a , n/a , n/a , n/a , n/a , n/a , n/a , n/a , n/a , n/a , n/a , n/a , n/a , n/a ," 12,800 "," 13,800 "," 80,840 ","12,300","13,300","69,110","12,900","14,000","79,550","14,000","15,100","71,390", n/a , n/a , n/a , n/a , n/a , n/a , n/a , n/a , n/a , n/a , n/a , n/a , n/a , n/a , n/a , n/a , n/a , n/a , n/a , n/a , n/a 
FP - 3,East Midlands,FP - 3East Midlands," 3,100 "," 3,800 "," 66,940 ","3,300","4,000","74,330","3,300","3,900","59,330","3,300","4,000","57,250", n/a , n/a , n/a , n/a , n/a , n/a , n/a , n/a , n/a , n/a , n/a , n/a , n/a , n/a , n/a , n/a , n/a , n/a , n/a , n/a , n/a ," 12,100 "," 13,100 "," 62,550 ","12,600","13,600","65,800","13,400","14,300","50,780","13,300","14,100","47,240", n/a , n/a , n/a , n/a , n/a , n/a , n/a , n/a , n/a , n/a , n/a , n/a , n/a , n/a , n/a , n/a , n/a , n/a , n/a , n/a , n/a 
FP - 3,West Midlands,FP - 3West Midlands," 3,300 "," 3,900 "," 84,930 ","3,400","4,100","63,520","3,400","4,000","64,310","3,300","4,000","56,220", n/a , n/a , n/a , n/a , n/a , n/a , n/a , n/a , n/a , n/a , n/a , n/a , n/a , n/a , n/a , n/a , n/a , n/a , n/a , n/a , n/a ," 12,500 "," 13,500 "," 86,100 ","12,900","13,900","59,800","13,000","14,000","52,970","12,400","13,300","47,440", n/a , n/a , n/a , n/a , n/a , n/a , n/a , n/a , n/a , n/a , n/a , n/a , n/a , n/a , n/a , n/a , n/a , n/a , n/a , n/a , n/a 
FP - 3,East of England,FP - 3East of England," 3,300 "," 4,100 "," 55,750 ","3,500","4,500","85,440","3,600","4,400","76,650","3,700","4,500","87,750", n/a , n/a , n/a , n/a , n/a , n/a , n/a , n/a , n/a , n/a , n/a , n/a , n/a , n/a , n/a , n/a , n/a , n/a , n/a , n/a , n/a ," 11,300 "," 12,300 "," 47,390 ","12,000","13,200","67,440","12,800","14,200","56,970","13,900","15,000","65,210", n/a , n/a , n/a , n/a , n/a , n/a , n/a , n/a , n/a , n/a , n/a , n/a , n/a , n/a , n/a , n/a , n/a , n/a , n/a , n/a , n/a 
FP - 3,London,FP - 3London," 3,200 "," 4,000 "," 129,560 ","3,300","4,200","104,580","3,400","4,100","112,910","3,300","4,100","82,440", n/a , n/a , n/a , n/a , n/a , n/a , n/a , n/a , n/a , n/a , n/a , n/a , n/a , n/a , n/a , n/a , n/a , n/a , n/a , n/a , n/a ," 12,800 "," 14,200 "," 117,640 ","12,400","13,800","97,230","13,900","15,200","96,110","13,300","14,700","68,790", n/a , n/a , n/a , n/a , n/a , n/a , n/a , n/a , n/a , n/a , n/a , n/a , n/a , n/a , n/a , n/a , n/a , n/a , n/a , n/a , n/a 
FP - 3,South East,FP - 3South East," 3,400 "," 4,200 "," 78,080 ","3,500","4,500","87,560","3,600","4,400","102,640","3,700","4,700","83,930", n/a , n/a , n/a , n/a , n/a , n/a , n/a , n/a , n/a , n/a , n/a , n/a , n/a , n/a , n/a , n/a , n/a , n/a , n/a , n/a , n/a ," 11,500 "," 12,800 "," 68,380 ","11,800","13,000","73,970","12,500","14,000","81,080","14,200","15,700","61,850", n/a , n/a , n/a , n/a , n/a , n/a , n/a , n/a , n/a , n/a , n/a , n/a , n/a , n/a , n/a , n/a , n/a , n/a , n/a , n/a , n/a 
FP - 3,South West,FP - 3South West," 3,300 "," 4,100 "," 68,180 ","3,400","4,300","80,640","3,500","4,400","82,930","3,700","4,800","79,270", n/a , n/a , n/a , n/a , n/a , n/a , n/a , n/a , n/a , n/a , n/a , n/a , n/a , n/a , n/a , n/a , n/a , n/a , n/a , n/a , n/a ," 10,800 "," 11,900 "," 62,500 ","10,900","11,900","68,010","10,900","12,100","57,480","12,100","13,300","47,600", n/a , n/a , n/a , n/a , n/a , n/a , n/a , n/a , n/a , n/a , n/a , n/a , n/a , n/a , n/a , n/a , n/a , n/a , n/a , n/a , n/a 
FP - 3,Wales,FP - 3Wales, n/a , n/a , n/a , n/a , n/a , n/a , n/a , n/a , n/a , n/a , n/a , n/a , n/a , n/a , n/a , n/a , n/a , n/a , n/a , n/a , n/a , n/a , n/a , n/a , n/a , n/a , n/a , n/a , n/a , n/a , n/a , n/a , n/a , n/a , n/a , n/a , n/a , n/a , n/a , n/a , n/a , n/a , n/a , n/a , n/a , n/a , n/a , n/a , n/a , n/a , n/a , n/a , n/a , n/a , n/a , n/a , n/a , n/a , n/a , n/a , n/a , n/a , n/a , n/a , n/a , n/a 
FP - 4,North East,FP - 4North East," 3,000 "," 3,500 "," 25,100 ","3,100","3,600","21,390","3,100","3,500","29,070","3,000","3,600","43,250", n/a , n/a , n/a , n/a , n/a , n/a , n/a , n/a , n/a , n/a , n/a , n/a , n/a , n/a , n/a , n/a , n/a , n/a , n/a , n/a , n/a ," 13,800 "," 14,600 "," 24,250 ","14,100","15,000","20,640","14,200","15,000","25,780","14,300","15,100","37,690", n/a , n/a , n/a , n/a , n/a , n/a , n/a , n/a , n/a , n/a , n/a , n/a , n/a , n/a , n/a , n/a , n/a , n/a , n/a , n/a , n/a 
FP - 4,North West,FP - 4North West," 3,400 "," 3,900 "," 91,300 ","3,400","4,000","106,740","3,400","4,000","97,530","3,400","4,000","117,630", n/a , n/a , n/a , n/a , n/a , n/a , n/a , n/a , n/a , n/a , n/a , n/a , n/a , n/a , n/a , n/a , n/a , n/a , n/a , n/a , n/a ," 13,100 "," 14,100 "," 98,440 ","13,100","14,100","101,070","13,700","14,800","84,070","13,600","14,700","99,590", n/a , n/a , n/a , n/a , n/a , n/a , n/a , n/a , n/a , n/a , n/a , n/a , n/a , n/a , n/a , n/a , n/a , n/a , n/a , n/a , n/a 
FP - 4,Yorks & Humber,FP - 4Yorks & Humber," 3,200 "," 3,800 "," 64,970 ","3,200","3,800","85,580","3,200","3,800","82,020","3,200","3,900","57,960", n/a , n/a , n/a , n/a , n/a , n/a , n/a , n/a , n/a , n/a , n/a , n/a , n/a , n/a , n/a , n/a , n/a , n/a , n/a , n/a , n/a ," 13,600 "," 14,700 "," 63,980 ","13,100","14,200","78,100","13,700","14,700","68,580","14,200","15,300","47,390", n/a , n/a , n/a , n/a , n/a , n/a , n/a , n/a , n/a , n/a , n/a , n/a , n/a , n/a , n/a , n/a , n/a , n/a , n/a , n/a , n/a 
FP - 4,East Midlands,FP - 4East Midlands," 3,200 "," 3,800 "," 76,130 ","3,200","4,000","69,440","3,400","3,900","29,840","3,300","4,100","79,530", n/a , n/a , n/a , n/a , n/a , n/a , n/a , n/a , n/a , n/a , n/a , n/a , n/a , n/a , n/a , n/a , n/a , n/a , n/a , n/a , n/a ," 13,000 "," 13,900 "," 72,350 ","13,000","13,900","64,570","13,300","14,100","25,120","13,900","14,800","64,380", n/a , n/a , n/a , n/a , n/a , n/a , n/a , n/a , n/a , n/a , n/a , n/a , n/a , n/a , n/a , n/a , n/a , n/a , n/a , n/a , n/a 
FP - 4,West Midlands,FP - 4West Midlands," 3,300 "," 4,000 "," 50,210 ","3,500","4,200","23,840","3,400","4,000","24,930","3,400","4,100","91,170", n/a , n/a , n/a , n/a , n/a , n/a , n/a , n/a , n/a , n/a , n/a , n/a , n/a , n/a , n/a , n/a , n/a , n/a , n/a , n/a , n/a ," 12,900 "," 13,900 "," 50,850 ","13,200","14,400","22,910","12,800","13,700","20,960","13,400","14,400","76,440", n/a , n/a , n/a , n/a , n/a , n/a , n/a , n/a , n/a , n/a , n/a , n/a , n/a , n/a , n/a , n/a , n/a , n/a , n/a , n/a , n/a 
FP - 4,East of England,FP - 4East of England," 3,400 "," 4,100 "," 107,630 ","3,600","4,400","119,550","3,500","4,200","110,450","3,800","4,800","61,030", n/a , n/a , n/a , n/a , n/a , n/a , n/a , n/a , n/a , n/a , n/a , n/a , n/a , n/a , n/a , n/a , n/a , n/a , n/a , n/a , n/a ," 12,300 "," 13,500 "," 95,380 ","12,700","13,800","100,900","12,800","14,000","90,310","14,600","16,000","40,490", n/a , n/a , n/a , n/a , n/a , n/a , n/a , n/a , n/a , n/a , n/a , n/a , n/a , n/a , n/a , n/a , n/a , n/a , n/a , n/a , n/a 
FP - 4,London,FP - 4London," 3,100 "," 3,900 "," 110,120 ","3,200","4,200","107,500","3,200","3,900","127,310","3,500","4,300","100,380", n/a , n/a , n/a , n/a , n/a , n/a , n/a , n/a , n/a , n/a , n/a , n/a , n/a , n/a , n/a , n/a , n/a , n/a , n/a , n/a , n/a ," 11,900 "," 13,500 "," 94,960 ","12,000","13,500","95,070","12,600","13,900","100,640","14,900","16,100","86,720", n/a , n/a , n/a , n/a , n/a , n/a , n/a , n/a , n/a , n/a , n/a , n/a , n/a , n/a , n/a , n/a , n/a , n/a , n/a , n/a , n/a 
FP - 4,South East,FP - 4South East," 3,500 "," 4,200 "," 169,660 ","3,600","4,400","156,940","3,600","4,300","159,210","3,500","4,500","40,720", n/a , n/a , n/a , n/a , n/a , n/a , n/a , n/a , n/a , n/a , n/a , n/a , n/a , n/a , n/a , n/a , n/a , n/a , n/a , n/a , n/a ," 12,600 "," 13,900 "," 154,560 ","12,500","13,800","138,990","12,900","14,300","130,330","13,200","14,600","29,370", n/a , n/a , n/a , n/a , n/a , n/a , n/a , n/a , n/a , n/a , n/a , n/a , n/a , n/a , n/a , n/a , n/a , n/a , n/a , n/a , n/a 
FP - 4,South West,FP - 4South West," 3,300 "," 4,100 "," 53,590 ","3,300","4,100","46,180","3,400","4,200","82,000","3,600","4,600","43,460", n/a , n/a , n/a , n/a , n/a , n/a , n/a , n/a , n/a , n/a , n/a , n/a , n/a , n/a , n/a , n/a , n/a , n/a , n/a , n/a , n/a ," 11,000 "," 12,100 "," 49,620 ","11,000","12,100","41,520","11,300","12,400","62,270","12,100","13,400","28,750", n/a , n/a , n/a , n/a , n/a , n/a , n/a , n/a , n/a , n/a , n/a , n/a , n/a , n/a , n/a , n/a , n/a , n/a , n/a , n/a , n/a 
FP - 4,Wales,FP - 4Wales, n/a , n/a , n/a , n/a , n/a , n/a , n/a , n/a , n/a , n/a , n/a , n/a , n/a , n/a , n/a , n/a , n/a , n/a , n/a , n/a , n/a , n/a , n/a , n/a , n/a , n/a , n/a , n/a , n/a , n/a , n/a , n/a , n/a , n/a , n/a , n/a , n/a , n/a , n/a , n/a , n/a , n/a , n/a , n/a , n/a , n/a , n/a , n/a , n/a , n/a , n/a , n/a , n/a , n/a , n/a , n/a , n/a , n/a , n/a , n/a , n/a , n/a , n/a , n/a , n/a , n/a 
FP - 5,North East,FP - 5North East," 3,200 "," 3,700 "," 19,870 ","3,300","3,800","16,230","3,300","3,700","20,360","3,000","3,700","46,930", n/a , n/a , n/a , n/a , n/a , n/a , n/a , n/a , n/a , n/a , n/a , n/a , n/a , n/a , n/a , n/a , n/a , n/a , n/a , n/a , n/a ," 13,700 "," 14,400 "," 19,390 ","13,700","14,400","15,830","14,200","14,900","17,270","14,200","15,300","37,790", n/a , n/a , n/a , n/a , n/a , n/a , n/a , n/a , n/a , n/a , n/a , n/a , n/a , n/a , n/a , n/a , n/a , n/a , n/a , n/a , n/a 
FP - 5,North West,FP - 5North West," 3,500 "," 4,000 "," 55,960 ","3,500","4,200","81,660","3,500","4,100","66,720","3,200","3,900","127,080", n/a , n/a , n/a , n/a , n/a , n/a , n/a , n/a , n/a , n/a , n/a , n/a , n/a , n/a , n/a , n/a , n/a , n/a , n/a , n/a , n/a ," 12,900 "," 13,900 "," 59,840 ","13,300","14,400","76,130","13,600","14,400","53,540","13,300","14,400","106,900", n/a , n/a , n/a , n/a , n/a , n/a , n/a , n/a , n/a , n/a , n/a , n/a , n/a , n/a , n/a , n/a , n/a , n/a , n/a , n/a , n/a 
FP - 5,Yorks & Humber,FP - 5Yorks & Humber," 3,200 "," 3,800 "," 38,340 ","3,200","3,900","76,850","3,200","3,800","60,610","3,000","3,700","54,660", n/a , n/a , n/a , n/a , n/a , n/a , n/a , n/a , n/a , n/a , n/a , n/a , n/a , n/a , n/a , n/a , n/a , n/a , n/a , n/a , n/a ," 13,200 "," 14,200 "," 37,460 ","13,400","14,400","70,130","13,600","14,400","48,530","13,200","14,400","45,160", n/a , n/a , n/a , n/a , n/a , n/a , n/a , n/a , n/a , n/a , n/a , n/a , n/a , n/a , n/a , n/a , n/a , n/a , n/a , n/a , n/a 
FP - 5,East Midlands,FP - 5East Midlands," 3,300 "," 3,900 "," 70,240 ","3,300","4,000","51,140","3,400","3,900","24,890","3,200","4,100","90,710", n/a , n/a , n/a , n/a , n/a , n/a , n/a , n/a , n/a , n/a , n/a , n/a , n/a , n/a , n/a , n/a , n/a , n/a , n/a , n/a , n/a ," 12,600 "," 13,400 "," 67,300 ","12,800","13,600","48,620","12,800","13,500","20,710","13,800","14,800","72,690", n/a , n/a , n/a , n/a , n/a , n/a , n/a , n/a , n/a , n/a , n/a , n/a , n/a , n/a , n/a , n/a , n/a , n/a , n/a , n/a , n/a 
FP - 5,West Midlands,FP - 5West Midlands," 3,400 "," 4,000 "," 34,370 ","3,500","4,100","21,300","3,600","4,100","21,940","3,400","4,200","134,890", n/a , n/a , n/a , n/a , n/a , n/a , n/a , n/a , n/a , n/a , n/a , n/a , n/a , n/a , n/a , n/a , n/a , n/a , n/a , n/a , n/a ," 12,600 "," 13,400 "," 35,280 ","12,800","13,500","20,630","12,700","13,400","18,050","13,900","14,900","109,290", n/a , n/a , n/a , n/a , n/a , n/a , n/a , n/a , n/a , n/a , n/a , n/a , n/a , n/a , n/a , n/a , n/a , n/a , n/a , n/a , n/a 
FP - 5,East of England,FP - 5East of England," 3,400 "," 4,100 "," 171,390 ","3,400","4,300","119,540","3,400","4,100","129,590","3,400","4,400","45,080", n/a , n/a , n/a , n/a , n/a , n/a , n/a , n/a , n/a , n/a , n/a , n/a , n/a , n/a , n/a , n/a , n/a , n/a , n/a , n/a , n/a ," 12,600 "," 13,700 "," 151,080 ","12,200","13,200","101,610","12,300","13,200","99,550","13,500","14,900","32,850", n/a , n/a , n/a , n/a , n/a , n/a , n/a , n/a , n/a , n/a , n/a , n/a , n/a , n/a , n/a , n/a , n/a , n/a , n/a , n/a , n/a 
FP - 5,London,FP - 5London," 3,100 "," 4,000 "," 55,330 ","3,200","4,300","85,970","2,900","3,700","127,660","3,800","4,600","72,350", n/a , n/a , n/a , n/a , n/a , n/a , n/a , n/a , n/a , n/a , n/a , n/a , n/a , n/a , n/a , n/a , n/a , n/a , n/a , n/a , n/a ," 9,800 "," 11,500 "," 40,440 ","10,600","12,500","65,800","10,200","11,700","83,860","17,300","18,400","63,930", n/a , n/a , n/a , n/a , n/a , n/a , n/a , n/a , n/a , n/a , n/a , n/a , n/a , n/a , n/a , n/a , n/a , n/a , n/a , n/a , n/a 
FP - 5,South East,FP - 5South East," 3,500 "," 4,200 "," 242,970 ","3,500","4,300","249,220","3,500","4,200","245,100","3,200","4,000","25,960", n/a , n/a , n/a , n/a , n/a , n/a , n/a , n/a , n/a , n/a , n/a , n/a , n/a , n/a , n/a , n/a , n/a , n/a , n/a , n/a , n/a ," 12,500 "," 13,800 "," 219,220 ","12,600","13,900","222,820","12,600","13,700","193,480","11,600","12,800","19,760", n/a , n/a , n/a , n/a , n/a , n/a , n/a , n/a , n/a , n/a , n/a , n/a , n/a , n/a , n/a , n/a , n/a , n/a , n/a , n/a , n/a 
FP - 5,South West,FP - 5South West," 3,200 "," 3,800 "," 46,480 ","3,300","3,900","35,140","3,300","3,900","90,270","3,200","4,100","25,750", n/a , n/a , n/a , n/a , n/a , n/a , n/a , n/a , n/a , n/a , n/a , n/a , n/a , n/a , n/a , n/a , n/a , n/a , n/a , n/a , n/a ," 10,300 "," 11,200 "," 44,430 ","10,600","11,400","31,770","11,000","11,800","71,030","11,400","12,700","19,120", n/a , n/a , n/a , n/a , n/a , n/a , n/a , n/a , n/a , n/a , n/a , n/a , n/a , n/a , n/a , n/a , n/a , n/a , n/a , n/a , n/a 
FP - 5,Wales,FP - 5Wales, n/a , n/a , n/a , n/a , n/a , n/a , n/a , n/a , n/a , n/a , n/a , n/a , n/a , n/a , n/a , n/a , n/a , n/a , n/a , n/a , n/a , n/a , n/a , n/a , n/a , n/a , n/a , n/a , n/a , n/a , n/a , n/a , n/a , n/a , n/a , n/a , n/a , n/a , n/a , n/a , n/a , n/a , n/a , n/a , n/a , n/a , n/a , n/a , n/a , n/a , n/a , n/a , n/a , n/a , n/a , n/a , n/a , n/a , n/a , n/a , n/a , n/a , n/a , n/a , n/a , n/a 
FP - 1,IMD - 1,FP - 1IMD - 1," 3,700 "," 4,700 "," 22,020 ","3,300","4,100","11,540","3,000","3,500","337,520","2,800","3,500","187,370", n/a , n/a , n/a , n/a , n/a , n/a , n/a , n/a , n/a , n/a , n/a , n/a , n/a , n/a , n/a , n/a , n/a , n/a , n/a , n/a , n/a ," 14,500 "," 15,900 "," 16,690 ","14,000","15,400","9,710","14,800","16,300","21,510","9,300","9,900","140,770", n/a , n/a , n/a , n/a , n/a , n/a , n/a , n/a , n/a , n/a , n/a , n/a , n/a , n/a , n/a , n/a , n/a , n/a , n/a , n/a , n/a 
FP - 1,IMD - 2,FP - 1IMD - 2," 3,900 "," 5,100 "," 75,650 ","3,500","4,500","44,580","3,100","3,800","177,220","3,000","3,800","115,120", n/a , n/a , n/a , n/a , n/a , n/a , n/a , n/a , n/a , n/a , n/a , n/a , n/a , n/a , n/a , n/a , n/a , n/a , n/a , n/a , n/a ," 13,200 "," 14,800 "," 44,850 ","13,300","14,600","37,450","13,700","15,100","52,670","10,100","10,900","86,330", n/a , n/a , n/a , n/a , n/a , n/a , n/a , n/a , n/a , n/a , n/a , n/a , n/a , n/a , n/a , n/a , n/a , n/a , n/a , n/a , n/a 
FP - 1,IMD - 3,FP - 1IMD - 3," 3,700 "," 4,900 "," 123,890 ","3,600","4,700","115,400","3,500","4,500","123,350","3,300","4,100","103,310", n/a , n/a , n/a , n/a , n/a , n/a , n/a , n/a , n/a , n/a , n/a , n/a , n/a , n/a , n/a , n/a , n/a , n/a , n/a , n/a , n/a ," 12,400 "," 13,800 "," 72,400 ","12,900","14,000","90,090","13,100","14,300","85,600","11,100","12,000","76,650", n/a , n/a , n/a , n/a , n/a , n/a , n/a , n/a , n/a , n/a , n/a , n/a , n/a , n/a , n/a , n/a , n/a , n/a , n/a , n/a , n/a 
FP - 1,IMD - 4,FP - 1IMD - 4," 3,200 "," 4,100 "," 157,200 ","3,200","4,000","190,890","3,700","4,700","78,770","3,400","4,100","114,350", n/a , n/a , n/a , n/a , n/a , n/a , n/a , n/a , n/a , n/a , n/a , n/a , n/a , n/a , n/a , n/a , n/a , n/a , n/a , n/a , n/a ," 11,600 "," 12,800 "," 134,380 ","11,800","12,800","173,600","12,100","13,100","147,480","12,100","13,000","90,790", n/a , n/a , n/a , n/a , n/a , n/a , n/a , n/a , n/a , n/a , n/a , n/a , n/a , n/a , n/a , n/a , n/a , n/a , n/a , n/a , n/a 
FP - 1,IMD - 5,FP - 1IMD - 5," 3,000 "," 3,600 "," 288,760 ","3,000","3,700","344,580","3,600","4,400","28,460","3,600","4,300","172,560", n/a , n/a , n/a , n/a , n/a , n/a , n/a , n/a , n/a , n/a , n/a , n/a , n/a , n/a , n/a , n/a , n/a , n/a , n/a , n/a , n/a ," 10,400 "," 11,300 "," 287,330 ","10,300","11,200","320,960","10,900","11,700","289,220","13,800","14,700","145,090", n/a , n/a , n/a , n/a , n/a , n/a , n/a , n/a , n/a , n/a , n/a , n/a , n/a , n/a , n/a , n/a , n/a , n/a , n/a , n/a , n/a 
FP - 2,IMD - 1,FP - 2IMD - 1," 3,700 "," 4,600 "," 43,820 ","3,600","4,500","54,160","3,000","3,500","196,380","3,000","3,500","115,150", n/a , n/a , n/a , n/a , n/a , n/a , n/a , n/a , n/a , n/a , n/a , n/a , n/a , n/a , n/a , n/a , n/a , n/a , n/a , n/a , n/a ," 15,300 "," 16,700 "," 38,580 ","15,500","16,600","46,090","16,600","18,000","50,970","10,500","11,100","97,040", n/a , n/a , n/a , n/a , n/a , n/a , n/a , n/a , n/a , n/a , n/a , n/a , n/a , n/a , n/a , n/a , n/a , n/a , n/a , n/a , n/a 
FP - 2,IMD - 2,FP - 2IMD - 2," 3,500 "," 4,400 "," 89,340 ","3,600","4,700","116,580","3,100","3,700","204,110","3,100","3,900","116,340", n/a , n/a , n/a , n/a , n/a , n/a , n/a , n/a , n/a , n/a , n/a , n/a , n/a , n/a , n/a , n/a , n/a , n/a , n/a , n/a , n/a ," 13,800 "," 15,300 "," 75,750 ","13,800","15,100","94,590","14,700","16,000","86,150","11,400","12,200","94,140", n/a , n/a , n/a , n/a , n/a , n/a , n/a , n/a , n/a , n/a , n/a , n/a , n/a , n/a , n/a , n/a , n/a , n/a , n/a , n/a , n/a 
FP - 2,IMD - 3,FP - 2IMD - 3," 3,300 "," 4,100 "," 125,290 ","3,400","4,400","167,040","3,400","4,200","162,140","3,400","4,200","134,170", n/a , n/a , n/a , n/a , n/a , n/a , n/a , n/a , n/a , n/a , n/a , n/a , n/a , n/a , n/a , n/a , n/a , n/a , n/a , n/a , n/a ," 12,700 "," 13,800 "," 114,300 ","12,400","13,500","148,630","13,000","14,000","128,280","12,300","13,300","101,550", n/a , n/a , n/a , n/a , n/a , n/a , n/a , n/a , n/a , n/a , n/a , n/a , n/a , n/a , n/a , n/a , n/a , n/a , n/a , n/a , n/a 
FP - 2,IMD - 4,FP - 2IMD - 4," 3,100 "," 3,800 "," 195,900 ","3,200","3,900","204,120","3,700","4,700","120,070","3,500","4,400","143,180", n/a , n/a , n/a , n/a , n/a , n/a , n/a , n/a , n/a , n/a , n/a , n/a , n/a , n/a , n/a , n/a , n/a , n/a , n/a , n/a , n/a ," 11,400 "," 12,300 "," 187,480 ","11,200","12,100","186,750","11,700","12,600","167,720","13,500","14,600","109,610", n/a , n/a , n/a , n/a , n/a , n/a , n/a , n/a , n/a , n/a , n/a , n/a , n/a , n/a , n/a , n/a , n/a , n/a , n/a , n/a , n/a 
FP - 2,IMD - 5,FP - 2IMD - 5," 3,000 "," 3,600 "," 211,380 ","3,000","3,600","189,530","3,900","4,700","65,560","3,700","4,500","170,280", n/a , n/a , n/a , n/a , n/a , n/a , n/a , n/a , n/a , n/a , n/a , n/a , n/a , n/a , n/a , n/a , n/a , n/a , n/a , n/a , n/a ," 9,900 "," 10,600 "," 202,960 ","9,700","10,300","169,310","10,300","11,000","157,480","15,300","16,500","139,070", n/a , n/a , n/a , n/a , n/a , n/a , n/a , n/a , n/a , n/a , n/a , n/a , n/a , n/a , n/a , n/a , n/a , n/a , n/a , n/a , n/a 
FP - 3,IMD - 1,FP - 3IMD - 1," 3,600 "," 4,300 "," 112,050 ","3,700","4,500","122,000","2,900","3,500","106,250","3,000","3,600","103,840", n/a , n/a , n/a , n/a , n/a , n/a , n/a , n/a , n/a , n/a , n/a , n/a , n/a , n/a , n/a , n/a , n/a , n/a , n/a , n/a , n/a ," 15,400 "," 16,700 "," 108,710 ","15,100","16,400","107,550","16,500","17,900","108,660","11,200","11,800","87,930", n/a , n/a , n/a , n/a , n/a , n/a , n/a , n/a , n/a , n/a , n/a , n/a , n/a , n/a , n/a , n/a , n/a , n/a , n/a , n/a , n/a 
FP - 3,IMD - 2,FP - 3IMD - 2," 3,400 "," 4,100 "," 137,210 ","3,600","4,500","164,170","3,100","3,700","171,890","3,200","3,900","138,990", n/a , n/a , n/a , n/a , n/a , n/a , n/a , n/a , n/a , n/a , n/a , n/a , n/a , n/a , n/a , n/a , n/a , n/a , n/a , n/a , n/a ," 13,700 "," 14,900 "," 130,280 ","13,600","14,800","141,990","14,200","15,400","130,610","12,100","12,900","111,590", n/a , n/a , n/a , n/a , n/a , n/a , n/a , n/a , n/a , n/a , n/a , n/a , n/a , n/a , n/a , n/a , n/a , n/a , n/a , n/a , n/a 
FP - 3,IMD - 3,FP - 3IMD - 3," 3,200 "," 3,900 "," 167,860 ","3,300","4,100","174,510","3,300","4,000","180,820","3,400","4,300","143,260", n/a , n/a , n/a , n/a , n/a , n/a , n/a , n/a , n/a , n/a , n/a , n/a , n/a , n/a , n/a , n/a , n/a , n/a , n/a , n/a , n/a ," 12,300 "," 13,300 "," 159,260 ","12,100","13,100","161,760","12,700","13,700","153,920","13,100","14,100","107,480", n/a , n/a , n/a , n/a , n/a , n/a , n/a , n/a , n/a , n/a , n/a , n/a , n/a , n/a , n/a , n/a , n/a , n/a , n/a , n/a , n/a 
FP - 3,IMD - 4,FP - 3IMD - 4," 3,100 "," 3,700 "," 165,910 ","3,100","3,800","153,180","3,600","4,400","160,980","3,600","4,500","154,470", n/a , n/a , n/a , n/a , n/a , n/a , n/a , n/a , n/a , n/a , n/a , n/a , n/a , n/a , n/a , n/a , n/a , n/a , n/a , n/a , n/a ," 11,000 "," 11,900 "," 159,350 ","10,800","11,600","139,410","11,400","12,300","138,850","14,300","15,400","116,020", n/a , n/a , n/a , n/a , n/a , n/a , n/a , n/a , n/a , n/a , n/a , n/a , n/a , n/a , n/a , n/a , n/a , n/a , n/a , n/a , n/a 
FP - 3,IMD - 5,FP - 3IMD - 5," 2,800 "," 3,400 "," 124,080 ","2,900","3,500","107,150","3,800","4,600","134,560","3,700","4,600","135,850", n/a , n/a , n/a , n/a , n/a , n/a , n/a , n/a , n/a , n/a , n/a , n/a , n/a , n/a , n/a , n/a , n/a , n/a , n/a , n/a , n/a ," 9,400 "," 10,000 "," 115,470 ","9,300","9,900","91,640","9,700","10,400","82,420","16,100","17,400","111,060", n/a , n/a , n/a , n/a , n/a , n/a , n/a , n/a , n/a , n/a , n/a , n/a , n/a , n/a , n/a , n/a , n/a , n/a , n/a , n/a , n/a 
FP - 4,IMD - 1,FP - 4IMD - 1," 3,600 "," 4,300 "," 211,790 ","3,700","4,500","217,050","2,800","3,400","64,310","3,000","3,600","94,570", n/a , n/a , n/a , n/a , n/a , n/a , n/a , n/a , n/a , n/a , n/a , n/a , n/a , n/a , n/a , n/a , n/a , n/a , n/a , n/a , n/a ," 15,200 "," 16,600 "," 205,610 ","15,200","16,400","195,330","15,500","16,800","167,690","11,500","12,100","80,700", n/a , n/a , n/a , n/a , n/a , n/a , n/a , n/a , n/a , n/a , n/a , n/a , n/a , n/a , n/a , n/a , n/a , n/a , n/a , n/a , n/a 
FP - 4,IMD - 2,FP - 4IMD - 2," 3,400 "," 4,000 "," 190,320 ","3,400","4,300","195,260","3,100","3,800","120,670","3,200","3,900","137,560", n/a , n/a , n/a , n/a , n/a , n/a , n/a , n/a , n/a , n/a , n/a , n/a , n/a , n/a , n/a , n/a , n/a , n/a , n/a , n/a , n/a ," 13,200 "," 14,300 "," 182,940 ","13,200","14,300","180,330","13,600","14,600","168,110","12,700","13,600","113,700", n/a , n/a , n/a , n/a , n/a , n/a , n/a , n/a , n/a , n/a , n/a , n/a , n/a , n/a , n/a , n/a , n/a , n/a , n/a , n/a , n/a 
FP - 4,IMD - 3,FP - 4IMD - 3," 3,200 "," 3,900 "," 157,830 ","3,300","4,100","151,060","3,300","3,900","157,540","3,400","4,200","151,570", n/a , n/a , n/a , n/a , n/a , n/a , n/a , n/a , n/a , n/a , n/a , n/a , n/a , n/a , n/a , n/a , n/a , n/a , n/a , n/a , n/a ," 11,900 "," 12,800 "," 148,600 ","11,900","12,800","142,080","12,100","13,100","133,500","13,800","14,800","117,000", n/a , n/a , n/a , n/a , n/a , n/a , n/a , n/a , n/a , n/a , n/a , n/a , n/a , n/a , n/a , n/a , n/a , n/a , n/a , n/a , n/a 
FP - 4,IMD - 4,FP - 4IMD - 4," 3,100 "," 3,800 "," 122,680 ","3,100","3,800","112,300","3,500","4,100","195,550","3,600","4,500","141,230", n/a , n/a , n/a , n/a , n/a , n/a , n/a , n/a , n/a , n/a , n/a , n/a , n/a , n/a , n/a , n/a , n/a , n/a , n/a , n/a , n/a ," 10,500 "," 11,400 "," 110,820 ","10,400","11,200","97,080","10,900","11,800","91,350","15,000","16,100","107,260", n/a , n/a , n/a , n/a , n/a , n/a , n/a , n/a , n/a , n/a , n/a , n/a , n/a , n/a , n/a , n/a , n/a , n/a , n/a , n/a , n/a 
FP - 4,IMD - 5,FP - 4IMD - 5," 2,700 "," 3,400 "," 66,080 ","2,800","3,500","61,500","3,700","4,400","204,200","3,700","4,600","110,200", n/a , n/a , n/a , n/a , n/a , n/a , n/a , n/a , n/a , n/a , n/a , n/a , n/a , n/a , n/a , n/a , n/a , n/a , n/a , n/a , n/a ," 8,600 "," 9,400 "," 56,410 ","8,600","9,300","48,970","9,100","9,800","47,350","17,000","18,300","92,150", n/a , n/a , n/a , n/a , n/a , n/a , n/a , n/a , n/a , n/a , n/a , n/a , n/a , n/a , n/a , n/a , n/a , n/a , n/a , n/a , n/a 
FP - 5,IMD - 1,FP - 5IMD - 1," 3,600 "," 4,200 "," 309,150 ","3,600","4,400","321,940","2,700","3,400","50,850","3,000","3,600","167,590", n/a , n/a , n/a , n/a , n/a , n/a , n/a , n/a , n/a , n/a , n/a , n/a , n/a , n/a , n/a , n/a , n/a , n/a , n/a , n/a , n/a ," 13,900 "," 15,000 "," 296,590 ","14,000","15,300","288,590","13,800","14,800","256,520","12,000","13,000","142,580", n/a , n/a , n/a , n/a , n/a , n/a , n/a , n/a , n/a , n/a , n/a , n/a , n/a , n/a , n/a , n/a , n/a , n/a , n/a , n/a , n/a 
FP - 5,IMD - 2,FP - 5IMD - 2," 3,300 "," 4,000 "," 205,450 ","3,400","4,100","206,100","3,000","3,700","81,000","3,100","3,800","157,540", n/a , n/a , n/a , n/a , n/a , n/a , n/a , n/a , n/a , n/a , n/a , n/a , n/a , n/a , n/a , n/a , n/a , n/a , n/a , n/a , n/a ," 12,200 "," 13,200 "," 191,300 ","12,300","13,300","192,990","12,300","13,300","165,460","13,000","14,000","131,430", n/a , n/a , n/a , n/a , n/a , n/a , n/a , n/a , n/a , n/a , n/a , n/a , n/a , n/a , n/a , n/a , n/a , n/a , n/a , n/a , n/a 
FP - 5,IMD - 3,FP - 5IMD - 3," 3,200 "," 4,000 "," 123,900 ","3,300","4,100","118,660","3,200","3,900","131,480","3,400","4,300","135,120", n/a , n/a , n/a , n/a , n/a , n/a , n/a , n/a , n/a , n/a , n/a , n/a , n/a , n/a , n/a , n/a , n/a , n/a , n/a , n/a , n/a ," 11,100 "," 12,000 "," 107,770 ","11,000","12,000","104,750","11,100","12,100","98,320","14,300","15,400","103,640", n/a , n/a , n/a , n/a , n/a , n/a , n/a , n/a , n/a , n/a , n/a , n/a , n/a , n/a , n/a , n/a , n/a , n/a , n/a , n/a , n/a 
FP - 5,IMD - 4,FP - 5IMD - 4," 3,100 "," 3,900 "," 67,340 ","3,100","3,900","66,370","3,300","4,000","200,000","3,600","4,600","100,490", n/a , n/a , n/a , n/a , n/a , n/a , n/a , n/a , n/a , n/a , n/a , n/a , n/a , n/a , n/a , n/a , n/a , n/a , n/a , n/a , n/a ," 9,800 "," 10,700 "," 54,990 ","9,600","10,500","50,500","9,800","10,700","54,890","15,700","17,100","76,040", n/a , n/a , n/a , n/a , n/a , n/a , n/a , n/a , n/a , n/a , n/a , n/a , n/a , n/a , n/a , n/a , n/a , n/a , n/a , n/a , n/a 
FP - 5,IMD - 5,FP - 5IMD - 5," 2,800 "," 3,500 "," 29,130 ","2,700","3,500","23,970","3,600","4,200","323,810","3,800","4,600","62,660", n/a , n/a , n/a , n/a , n/a , n/a , n/a , n/a , n/a , n/a , n/a , n/a , n/a , n/a , n/a , n/a , n/a , n/a , n/a , n/a , n/a ," 8,500 "," 9,200 "," 23,800 ","8,200","8,900","16,510","8,300","9,100","30,820","18,100","19,300","53,810", n/a , n/a , n/a , n/a , n/a , n/a , n/a , n/a , n/a , n/a , n/a , n/a , n/a , n/a , n/a , n/a , n/a , n/a , n/a , n/a , n/a 
IMD - 1,Pre 1919,IMD - 1Pre 1919," 3,700 "," 4,700 "," 82,160 ","3,800","5,100","81,150","2,900","3,500","164,120","3,000","3,700","149,640", n/a , n/a , n/a , n/a , n/a , n/a , n/a , n/a , n/a , n/a , n/a , n/a , n/a , n/a , n/a , n/a , n/a , n/a , n/a , n/a , n/a ," 15,900 "," 17,700 "," 74,590 ","16,000","17,800","68,310","11,700","12,900","138,260","12,100","13,400","130,480", n/a , n/a , n/a , n/a , n/a , n/a , n/a , n/a , n/a , n/a , n/a , n/a , n/a , n/a , n/a , n/a , n/a , n/a , n/a , n/a , n/a 
IMD - 1,1919-44,IMD - 11919-44," 3,900 "," 4,600 "," 117,430 ","4,000","4,800","116,830","3,200","3,600","143,790","3,200","3,600","126,530", n/a , n/a , n/a , n/a , n/a , n/a , n/a , n/a , n/a , n/a , n/a , n/a , n/a , n/a , n/a , n/a , n/a , n/a , n/a , n/a , n/a ," 17,500 "," 18,700 "," 115,930 ","17,500","18,800","108,320","11,300","12,000","131,830","11,900","12,500","116,810", n/a , n/a , n/a , n/a , n/a , n/a , n/a , n/a , n/a , n/a , n/a , n/a , n/a , n/a , n/a , n/a , n/a , n/a , n/a , n/a , n/a 
IMD - 1,1945-64,IMD - 11945-64," 3,500 "," 4,200 "," 142,590 ","3,500","4,300","141,870","2,900","3,500","173,960","2,900","3,500","152,220", n/a , n/a , n/a , n/a , n/a , n/a , n/a , n/a , n/a , n/a , n/a , n/a , n/a , n/a , n/a , n/a , n/a , n/a , n/a , n/a , n/a ," 15,000 "," 16,200 "," 140,560 ","15,100","16,300","130,460","10,300","10,700","152,930","10,800","11,200","134,870", n/a , n/a , n/a , n/a , n/a , n/a , n/a , n/a , n/a , n/a , n/a , n/a , n/a , n/a , n/a , n/a , n/a , n/a , n/a , n/a , n/a 
IMD - 1,1965-82,IMD - 11965-82," 3,400 "," 4,000 "," 202,400 ","3,500","4,100","198,000","2,700","3,300","163,180","2,700","3,400","143,850", n/a , n/a , n/a , n/a , n/a , n/a , n/a , n/a , n/a , n/a , n/a , n/a , n/a , n/a , n/a , n/a , n/a , n/a , n/a , n/a , n/a ," 13,700 "," 14,700 "," 196,770 ","13,800","14,800","180,460","8,800","9,300","122,940","9,200","9,700","108,620", n/a , n/a , n/a , n/a , n/a , n/a , n/a , n/a , n/a , n/a , n/a , n/a , n/a , n/a , n/a , n/a , n/a , n/a , n/a , n/a , n/a 
IMD - 1,1983-92,IMD - 11983-92," 3,500 "," 4,200 "," 86,470 ","3,600","4,200","84,970","2,700","3,400","35,250","2,700","3,500","31,620", n/a , n/a , n/a , n/a , n/a , n/a , n/a , n/a , n/a , n/a , n/a , n/a , n/a , n/a , n/a , n/a , n/a , n/a , n/a , n/a , n/a ," 12,900 "," 13,800 "," 80,670 ","13,100","13,900","74,270","8,400","9,200","23,860","8,900","9,600","21,800", n/a , n/a , n/a , n/a , n/a , n/a , n/a , n/a , n/a , n/a , n/a , n/a , n/a , n/a , n/a , n/a , n/a , n/a , n/a , n/a , n/a 
IMD - 1,1993-99,IMD - 11993-99," 3,600 "," 4,300 "," 57,480 ","3,700","4,300","56,010","3,100","3,800","27,510","3,200","3,800","26,110", n/a , n/a , n/a , n/a , n/a , n/a , n/a , n/a , n/a , n/a , n/a , n/a , n/a , n/a , n/a , n/a , n/a , n/a , n/a , n/a , n/a ," 13,200 "," 14,200 "," 55,900 ","13,400","14,300","51,000","9,000","9,600","19,880","9,400","10,000","19,720", n/a , n/a , n/a , n/a , n/a , n/a , n/a , n/a , n/a , n/a , n/a , n/a , n/a , n/a , n/a , n/a , n/a , n/a , n/a , n/a , n/a 
IMD - 1,Post 1999,IMD - 1Post 1999," 3,600 "," 4,300 "," 48,820 ","3,600","4,400","47,860","3,100","3,800","47,490","3,100","4,000","38,540", n/a , n/a , n/a , n/a , n/a , n/a , n/a , n/a , n/a , n/a , n/a , n/a , n/a , n/a , n/a , n/a , n/a , n/a , n/a , n/a , n/a ," 12,700 "," 13,900 "," 38,360 ","12,700","13,900","34,460","9,000","9,800","17,600","9,300","10,100","16,720", n/a , n/a , n/a , n/a , n/a , n/a , n/a , n/a , n/a , n/a , n/a , n/a , n/a , n/a , n/a , n/a , n/a , n/a , n/a , n/a , n/a 
IMD - 2,Pre 1919,IMD - 2Pre 1919," 3,600 "," 4,600 "," 125,310 ","3,700","5,100","122,570","3,000","3,800","180,340","3,100","4,000","163,260", n/a , n/a , n/a , n/a , n/a , n/a , n/a , n/a , n/a , n/a , n/a , n/a , n/a , n/a , n/a , n/a , n/a , n/a , n/a , n/a , n/a ," 14,000 "," 15,700 "," 106,140 ","14,100","15,800","103,160","12,400","13,700","147,650","12,800","14,200","137,260", n/a , n/a , n/a , n/a , n/a , n/a , n/a , n/a , n/a , n/a , n/a , n/a , n/a , n/a , n/a , n/a , n/a , n/a , n/a , n/a , n/a 
IMD - 2,1919-44,IMD - 21919-44," 3,600 "," 4,300 "," 128,810 ","3,700","4,400","129,030","3,300","3,800","146,900","3,300","3,900","129,920", n/a , n/a , n/a , n/a , n/a , n/a , n/a , n/a , n/a , n/a , n/a , n/a , n/a , n/a , n/a , n/a , n/a , n/a , n/a , n/a , n/a ," 15,100 "," 16,200 "," 124,120 ","15,200","16,300","124,550","13,000","13,900","132,600","13,700","14,500","117,460", n/a , n/a , n/a , n/a , n/a , n/a , n/a , n/a , n/a , n/a , n/a , n/a , n/a , n/a , n/a , n/a , n/a , n/a , n/a , n/a , n/a 
IMD - 2,1945-64,IMD - 21945-64," 3,300 "," 4,100 "," 135,190 ","3,400","4,200","133,580","3,100","3,600","160,200","3,100","3,700","137,800", n/a , n/a , n/a , n/a , n/a , n/a , n/a , n/a , n/a , n/a , n/a , n/a , n/a , n/a , n/a , n/a , n/a , n/a , n/a , n/a , n/a ," 13,100 "," 14,000 "," 126,190 ","13,200","14,100","125,640","11,200","11,800","142,370","11,900","12,300","121,810", n/a , n/a , n/a , n/a , n/a , n/a , n/a , n/a , n/a , n/a , n/a , n/a , n/a , n/a , n/a , n/a , n/a , n/a , n/a , n/a , n/a 
IMD - 2,1965-82,IMD - 21965-82," 3,300 "," 4,000 "," 181,970 ","3,300","4,100","179,280","3,000","3,600","138,950","3,000","3,700","121,500", n/a , n/a , n/a , n/a , n/a , n/a , n/a , n/a , n/a , n/a , n/a , n/a , n/a , n/a , n/a , n/a , n/a , n/a , n/a , n/a , n/a ," 12,100 "," 13,000 "," 164,490 ","12,200","13,100","163,340","10,000","10,700","107,220","10,500","11,200","93,810", n/a , n/a , n/a , n/a , n/a , n/a , n/a , n/a , n/a , n/a , n/a , n/a , n/a , n/a , n/a , n/a , n/a , n/a , n/a , n/a , n/a 
IMD - 2,1983-92,IMD - 21983-92," 3,400 "," 4,200 "," 67,080 ","3,400","4,300","66,640","3,100","3,800","46,600","3,100","4,000","42,150", n/a , n/a , n/a , n/a , n/a , n/a , n/a , n/a , n/a , n/a , n/a , n/a , n/a , n/a , n/a , n/a , n/a , n/a , n/a , n/a , n/a ," 11,400 "," 12,400 "," 55,820 ","11,500","12,500","56,260","9,300","10,200","29,660","9,700","10,700","27,290", n/a , n/a , n/a , n/a , n/a , n/a , n/a , n/a , n/a , n/a , n/a , n/a , n/a , n/a , n/a , n/a , n/a , n/a , n/a , n/a , n/a 
IMD - 2,1993-99,IMD - 21993-99," 3,500 "," 4,300 "," 42,290 ","3,600","4,400","42,030","3,300","4,100","29,720","3,400","4,200","28,240", n/a , n/a , n/a , n/a , n/a , n/a , n/a , n/a , n/a , n/a , n/a , n/a , n/a , n/a , n/a , n/a , n/a , n/a , n/a , n/a , n/a ," 11,800 "," 12,800 "," 37,320 ","11,900","12,900","37,330","9,700","10,600","20,510","10,100","11,000","20,470", n/a , n/a , n/a , n/a , n/a , n/a , n/a , n/a , n/a , n/a , n/a , n/a , n/a , n/a , n/a , n/a , n/a , n/a , n/a , n/a , n/a 
IMD - 2,Post 1999,IMD - 2Post 1999," 3,400 "," 4,200 "," 54,100 ","3,400","4,200","53,570","3,200","4,000","52,190","3,200","4,100","42,670", n/a , n/a , n/a , n/a , n/a , n/a , n/a , n/a , n/a , n/a , n/a , n/a , n/a , n/a , n/a , n/a , n/a , n/a , n/a , n/a , n/a ," 11,300 "," 12,400 "," 37,830 ","11,400","12,500","37,080","9,600","10,600","20,270","9,800","10,900","19,090", n/a , n/a , n/a , n/a , n/a , n/a , n/a , n/a , n/a , n/a , n/a , n/a , n/a , n/a , n/a , n/a , n/a , n/a , n/a , n/a , n/a 
IMD - 3,Pre 1919,IMD - 3Pre 1919," 3,400 "," 4,400 "," 155,060 ","3,500","4,800","148,460","3,400","4,300","159,060","3,500","4,600","144,120", n/a , n/a , n/a , n/a , n/a , n/a , n/a , n/a , n/a , n/a , n/a , n/a , n/a , n/a , n/a , n/a , n/a , n/a , n/a , n/a , n/a ," 12,800 "," 14,200 "," 132,460 ","12,800","14,300","131,730","13,200","14,700","121,030","13,800","15,300","104,490", n/a , n/a , n/a , n/a , n/a , n/a , n/a , n/a , n/a , n/a , n/a , n/a , n/a , n/a , n/a , n/a , n/a , n/a , n/a , n/a , n/a 
IMD - 3,1919-44,IMD - 31919-44," 3,400 "," 4,100 "," 141,560 ","3,500","4,200","142,430","3,500","4,100","148,520","3,500","4,200","130,500", n/a , n/a , n/a , n/a , n/a , n/a , n/a , n/a , n/a , n/a , n/a , n/a , n/a , n/a , n/a , n/a , n/a , n/a , n/a , n/a , n/a ," 14,000 "," 14,900 "," 137,120 ","14,000","14,900","144,120","14,400","15,400","136,500","15,100","16,000","113,910", n/a , n/a , n/a , n/a , n/a , n/a , n/a , n/a , n/a , n/a , n/a , n/a , n/a , n/a , n/a , n/a , n/a , n/a , n/a , n/a , n/a 
IMD - 3,1945-64,IMD - 31945-64," 3,200 "," 3,900 "," 142,880 ","3,300","4,000","141,190","3,300","3,900","143,100","3,300","4,000","124,430", n/a , n/a , n/a , n/a , n/a , n/a , n/a , n/a , n/a , n/a , n/a , n/a , n/a , n/a , n/a , n/a , n/a , n/a , n/a , n/a , n/a ," 11,900 "," 12,600 "," 131,630 ","11,900","12,600","135,400","12,300","13,000","126,650","12,900","13,600","103,770", n/a , n/a , n/a , n/a , n/a , n/a , n/a , n/a , n/a , n/a , n/a , n/a , n/a , n/a , n/a , n/a , n/a , n/a , n/a , n/a , n/a 
IMD - 3,1965-82,IMD - 31965-82," 3,200 "," 4,000 "," 152,410 ","3,200","4,100","149,550","3,200","3,900","153,620","3,200","4,000","134,350", n/a , n/a , n/a , n/a , n/a , n/a , n/a , n/a , n/a , n/a , n/a , n/a , n/a , n/a , n/a , n/a , n/a , n/a , n/a , n/a , n/a ," 11,000 "," 11,800 "," 129,320 ","11,000","11,800","130,870","11,300","12,100","123,580","11,800","12,600","102,370", n/a , n/a , n/a , n/a , n/a , n/a , n/a , n/a , n/a , n/a , n/a , n/a , n/a , n/a , n/a , n/a , n/a , n/a , n/a , n/a , n/a 
IMD - 3,1983-92,IMD - 31983-92," 3,200 "," 4,100 "," 58,260 ","3,300","4,200","57,210","3,300","4,100","59,490","3,400","4,300","53,180", n/a , n/a , n/a , n/a , n/a , n/a , n/a , n/a , n/a , n/a , n/a , n/a , n/a , n/a , n/a , n/a , n/a , n/a , n/a , n/a , n/a ," 10,000 "," 11,100 "," 43,310 ","10,000","11,000","43,370","10,300","11,400","41,140","10,700","11,800","35,260", n/a , n/a , n/a , n/a , n/a , n/a , n/a , n/a , n/a , n/a , n/a , n/a , n/a , n/a , n/a , n/a , n/a , n/a , n/a , n/a , n/a 
IMD - 3,1993-99,IMD - 31993-99," 3,400 "," 4,300 "," 35,650 ","3,500","4,400","34,630","3,500","4,300","36,290","3,600","4,400","34,590", n/a , n/a , n/a , n/a , n/a , n/a , n/a , n/a , n/a , n/a , n/a , n/a , n/a , n/a , n/a , n/a , n/a , n/a , n/a , n/a , n/a ," 10,400 "," 11,500 "," 28,880 ","10,500","11,500","29,070","10,700","11,800","25,900","11,100","12,300","24,200", n/a , n/a , n/a , n/a , n/a , n/a , n/a , n/a , n/a , n/a , n/a , n/a , n/a , n/a , n/a , n/a , n/a , n/a , n/a , n/a , n/a 
IMD - 3,Post 1999,IMD - 3Post 1999," 3,400 "," 4,200 "," 52,930 ","3,400","4,200","53,200","3,400","4,100","55,260","3,400","4,200","46,250", n/a , n/a , n/a , n/a , n/a , n/a , n/a , n/a , n/a , n/a , n/a , n/a , n/a , n/a , n/a , n/a , n/a , n/a , n/a , n/a , n/a ," 10,400 "," 11,400 "," 31,960 ","10,300","11,400","32,760","10,600","11,600","24,830","11,000","12,200","22,330", n/a , n/a , n/a , n/a , n/a , n/a , n/a , n/a , n/a , n/a , n/a , n/a , n/a , n/a , n/a , n/a , n/a , n/a , n/a , n/a , n/a 
IMD - 4,Pre 1919,IMD - 4Pre 1919," 3,100 "," 3,900 "," 177,530 ","3,200","4,100","166,570","3,700","4,800","135,220","3,800","5,000","120,270", n/a , n/a , n/a , n/a , n/a , n/a , n/a , n/a , n/a , n/a , n/a , n/a , n/a , n/a , n/a , n/a , n/a , n/a , n/a , n/a , n/a ," 12,000 "," 13,300 "," 175,070 ","12,000","13,200","161,630","14,600","16,300","94,700","15,100","16,800","81,680", n/a , n/a , n/a , n/a , n/a , n/a , n/a , n/a , n/a , n/a , n/a , n/a , n/a , n/a , n/a , n/a , n/a , n/a , n/a , n/a , n/a 
IMD - 4,1919-44,IMD - 41919-44," 3,300 "," 3,800 "," 144,010 ","3,300","3,900","141,530","3,700","4,400","129,850","3,700","4,500","112,290", n/a , n/a , n/a , n/a , n/a , n/a , n/a , n/a , n/a , n/a , n/a , n/a , n/a , n/a , n/a , n/a , n/a , n/a , n/a , n/a , n/a ," 12,600 "," 13,400 "," 144,400 ","12,600","13,400","137,890","15,800","16,800","117,430","16,300","17,300","96,200", n/a , n/a , n/a , n/a , n/a , n/a , n/a , n/a , n/a , n/a , n/a , n/a , n/a , n/a , n/a , n/a , n/a , n/a , n/a , n/a , n/a 
IMD - 4,1945-64,IMD - 41945-64," 3,100 "," 3,700 "," 160,100 ","3,100","3,700","155,130","3,400","4,100","137,810","3,400","4,200","117,680", n/a , n/a , n/a , n/a , n/a , n/a , n/a , n/a , n/a , n/a , n/a , n/a , n/a , n/a , n/a , n/a , n/a , n/a , n/a , n/a , n/a ," 10,900 "," 11,400 "," 156,730 ","10,800","11,400","150,030","13,600","14,500","119,790","14,200","15,100","96,230", n/a , n/a , n/a , n/a , n/a , n/a , n/a , n/a , n/a , n/a , n/a , n/a , n/a , n/a , n/a , n/a , n/a , n/a , n/a , n/a , n/a 
IMD - 4,1965-82,IMD - 41965-82," 2,900 "," 3,700 "," 140,900 ","3,000","3,800","137,200","3,400","4,100","186,670","3,400","4,100","159,440", n/a , n/a , n/a , n/a , n/a , n/a , n/a , n/a , n/a , n/a , n/a , n/a , n/a , n/a , n/a , n/a , n/a , n/a , n/a , n/a , n/a ," 9,800 "," 10,500 "," 123,430 ","9,700","10,400","116,040","12,600","13,500","156,240","13,100","14,000","126,000", n/a , n/a , n/a , n/a , n/a , n/a , n/a , n/a , n/a , n/a , n/a , n/a , n/a , n/a , n/a , n/a , n/a , n/a , n/a , n/a , n/a 
IMD - 4,1983-92,IMD - 41983-92," 3,100 "," 4,000 "," 47,520 ","3,100","4,000","46,510","3,500","4,200","69,090","3,500","4,300","60,210", n/a , n/a , n/a , n/a , n/a , n/a , n/a , n/a , n/a , n/a , n/a , n/a , n/a , n/a , n/a , n/a , n/a , n/a , n/a , n/a , n/a ," 9,100 "," 10,100 "," 34,460 ","9,000","10,000","32,660","11,700","12,800","53,140","12,200","13,200","44,340", n/a , n/a , n/a , n/a , n/a , n/a , n/a , n/a , n/a , n/a , n/a , n/a , n/a , n/a , n/a , n/a , n/a , n/a , n/a , n/a , n/a 
IMD - 4,1993-99,IMD - 41993-99," 3,400 "," 4,200 "," 30,350 ","3,400","4,200","29,480","3,600","4,300","43,330","3,600","4,400","39,920", n/a , n/a , n/a , n/a , n/a , n/a , n/a , n/a , n/a , n/a , n/a , n/a , n/a , n/a , n/a , n/a , n/a , n/a , n/a , n/a , n/a ," 9,400 "," 10,400 "," 24,570 ","9,500","10,400","22,860","12,100","13,100","34,220","12,500","13,600","30,750", n/a , n/a , n/a , n/a , n/a , n/a , n/a , n/a , n/a , n/a , n/a , n/a , n/a , n/a , n/a , n/a , n/a , n/a , n/a , n/a , n/a 
IMD - 4,Post 1999,IMD - 4Post 1999," 3,200 "," 4,000 "," 51,300 ","3,200","4,100","50,440","3,500","4,200","53,410","3,500","4,400","43,930", n/a , n/a , n/a , n/a , n/a , n/a , n/a , n/a , n/a , n/a , n/a , n/a , n/a , n/a , n/a , n/a , n/a , n/a , n/a , n/a , n/a ," 9,400 "," 10,400 "," 28,500 ","9,300","10,300","26,220","11,600","12,800","27,500","12,100","13,300","24,530", n/a , n/a , n/a , n/a , n/a , n/a , n/a , n/a , n/a , n/a , n/a , n/a , n/a , n/a , n/a , n/a , n/a , n/a , n/a , n/a , n/a 
IMD - 5,Pre 1919,IMD - 5Pre 1919," 2,900 "," 3,500 "," 156,360 ","3,000","3,700","145,930","3,900","5,000","84,490","4,000","5,200","74,760", n/a , n/a , n/a , n/a , n/a , n/a , n/a , n/a , n/a , n/a , n/a , n/a , n/a , n/a , n/a , n/a , n/a , n/a , n/a , n/a , n/a ," 11,000 "," 12,300 "," 164,340 ","10,900","12,200","142,540","16,400","18,200","59,300","16,900","18,700","55,110", n/a , n/a , n/a , n/a , n/a , n/a , n/a , n/a , n/a , n/a , n/a , n/a , n/a , n/a , n/a , n/a , n/a , n/a , n/a , n/a , n/a 
IMD - 5,1919-44,IMD - 51919-44," 3,200 "," 3,600 "," 148,610 ","3,200","3,700","143,870","4,000","4,700","113,550","4,100","4,800","97,380", n/a , n/a , n/a , n/a , n/a , n/a , n/a , n/a , n/a , n/a , n/a , n/a , n/a , n/a , n/a , n/a , n/a , n/a , n/a , n/a , n/a ," 10,900 "," 11,600 "," 154,060 ","10,900","11,500","139,920","18,100","19,300","96,580","18,700","19,900","85,260", n/a , n/a , n/a , n/a , n/a , n/a , n/a , n/a , n/a , n/a , n/a , n/a , n/a , n/a , n/a , n/a , n/a , n/a , n/a , n/a , n/a 
IMD - 5,1945-64,IMD - 51945-64," 2,900 "," 3,500 "," 186,600 ","3,000","3,600","174,820","3,600","4,300","145,050","3,600","4,400","123,310", n/a , n/a , n/a , n/a , n/a , n/a , n/a , n/a , n/a , n/a , n/a , n/a , n/a , n/a , n/a , n/a , n/a , n/a , n/a , n/a , n/a ," 9,900 "," 10,300 "," 186,500 ","9,900","10,300","163,770","15,500","16,600","123,190","16,000","17,200","107,740", n/a , n/a , n/a , n/a , n/a , n/a , n/a , n/a , n/a , n/a , n/a , n/a , n/a , n/a , n/a , n/a , n/a , n/a , n/a , n/a , n/a 
IMD - 5,1965-82,IMD - 51965-82," 2,700 "," 3,300 "," 167,630 ","2,800","3,500","162,820","3,500","4,100","204,760","3,500","4,200","174,050", n/a , n/a , n/a , n/a , n/a , n/a , n/a , n/a , n/a , n/a , n/a , n/a , n/a , n/a , n/a , n/a , n/a , n/a , n/a , n/a , n/a ," 8,500 "," 9,100 "," 147,720 ","8,500","9,000","134,520","14,200","15,200","171,400","14,800","15,800","149,410", n/a , n/a , n/a , n/a , n/a , n/a , n/a , n/a , n/a , n/a , n/a , n/a , n/a , n/a , n/a , n/a , n/a , n/a , n/a , n/a , n/a 
IMD - 5,1983-92,IMD - 51983-92," 2,700 "," 3,400 "," 36,650 ","2,700","3,500","35,170","3,600","4,200","90,460","3,600","4,300","78,350", n/a , n/a , n/a , n/a , n/a , n/a , n/a , n/a , n/a , n/a , n/a , n/a , n/a , n/a , n/a , n/a , n/a , n/a , n/a , n/a , n/a ," 8,100 "," 8,800 "," 29,260 ","8,100","8,800","25,780","13,400","14,300","72,990","13,900","14,800","64,990", n/a , n/a , n/a , n/a , n/a , n/a , n/a , n/a , n/a , n/a , n/a , n/a , n/a , n/a , n/a , n/a , n/a , n/a , n/a , n/a , n/a 
IMD - 5,1993-99,IMD - 51993-99," 3,100 "," 3,800 "," 28,240 ","3,200","3,900","26,980","3,700","4,300","61,440","3,700","4,400","56,990", n/a , n/a , n/a , n/a , n/a , n/a , n/a , n/a , n/a , n/a , n/a , n/a , n/a , n/a , n/a , n/a , n/a , n/a , n/a , n/a , n/a ," 8,600 "," 9,200 "," 24,540 ","8,600","9,200","21,490","13,600","14,600","50,200","14,100","15,100","48,450", n/a , n/a , n/a , n/a , n/a , n/a , n/a , n/a , n/a , n/a , n/a , n/a , n/a , n/a , n/a , n/a , n/a , n/a , n/a , n/a , n/a 
IMD - 5,Post 1999,IMD - 5Post 1999," 3,000 "," 3,800 "," 37,710 ","3,100","3,900","37,140","3,600","4,200","56,860","3,600","4,400","46,720", n/a , n/a , n/a , n/a , n/a , n/a , n/a , n/a , n/a , n/a , n/a , n/a , n/a , n/a , n/a , n/a , n/a , n/a , n/a , n/a , n/a ," 8,800 "," 9,700 "," 22,020 ","8,800","9,700","19,370","12,700","13,900","31,710","13,400","14,700","30,220", n/a , n/a , n/a , n/a , n/a , n/a , n/a , n/a , n/a , n/a , n/a , n/a , n/a , n/a , n/a , n/a , n/a , n/a , n/a , n/a , n/a 
IMD - 1,Detached,IMD - 1Detached," 4,200 "," 5,000 "," 249,880 ","4,300","5,200","246,310","3,900","4,600","13,750","3,900","4,700","12,650", n/a , n/a , n/a , n/a , n/a , n/a , n/a , n/a , n/a , n/a , n/a , n/a , n/a , n/a , n/a , n/a , n/a , n/a , n/a , n/a , n/a ," 17,700 "," 19,200 "," 242,340 ","17,800","19,300","225,260","15,800","17,300","10,990","16,500","18,000","10,760", n/a , n/a , n/a , n/a , n/a , n/a , n/a , n/a , n/a , n/a , n/a , n/a , n/a , n/a , n/a , n/a , n/a , n/a , n/a , n/a , n/a 
IMD - 1,Semi detached,IMD - 1Semi detached," 3,500 "," 4,100 "," 217,490 ","3,600","4,200","213,300","3,400","3,800","157,110","3,400","3,800","137,890", n/a , n/a , n/a , n/a , n/a , n/a , n/a , n/a , n/a , n/a , n/a , n/a , n/a , n/a , n/a , n/a , n/a , n/a , n/a , n/a , n/a ," 14,100 "," 15,100 "," 217,180 ","14,200","15,200","198,460","12,000","12,700","142,430","12,600","13,300","126,600", n/a , n/a , n/a , n/a , n/a , n/a , n/a , n/a , n/a , n/a , n/a , n/a , n/a , n/a , n/a , n/a , n/a , n/a , n/a , n/a , n/a 
IMD - 1,End terrace,IMD - 1End terrace," 3,200 "," 3,900 "," 42,860 ","3,200","3,900","41,930","3,300","3,800","91,120","3,300","3,900","80,320", n/a , n/a , n/a , n/a , n/a , n/a , n/a , n/a , n/a , n/a , n/a , n/a , n/a , n/a , n/a , n/a , n/a , n/a , n/a , n/a , n/a ," 11,900 "," 13,100 "," 41,280 ","12,000","13,100","37,990","11,400","12,200","81,920","12,100","12,800","72,940", n/a , n/a , n/a , n/a , n/a , n/a , n/a , n/a , n/a , n/a , n/a , n/a , n/a , n/a , n/a , n/a , n/a , n/a , n/a , n/a , n/a 
IMD - 1,Mid terrace,IMD - 1Mid terrace," 2,900 "," 3,600 "," 71,250 ","3,000","3,700","69,400","3,100","3,600","230,950","3,100","3,600","204,010", n/a , n/a , n/a , n/a , n/a , n/a , n/a , n/a , n/a , n/a , n/a , n/a , n/a , n/a , n/a , n/a , n/a , n/a , n/a , n/a , n/a ," 10,700 "," 11,800 "," 68,550 ","10,800","11,900","62,700","10,800","11,600","207,960","11,300","12,200","185,320", n/a , n/a , n/a , n/a , n/a , n/a , n/a , n/a , n/a , n/a , n/a , n/a , n/a , n/a , n/a , n/a , n/a , n/a , n/a , n/a , n/a 
IMD - 1,Bungalow,IMD - 1Bungalow," 3,100 "," 3,900 "," 100,390 ","3,100","4,000","100,010","2,300","2,900","33,320","2,300","3,000","29,860", n/a , n/a , n/a , n/a , n/a , n/a , n/a , n/a , n/a , n/a , n/a , n/a , n/a , n/a , n/a , n/a , n/a , n/a , n/a , n/a , n/a ," 14,100 "," 15,300 "," 97,200 ","14,200","15,400","89,180","9,800","10,700","28,670","10,400","11,200","26,070", n/a , n/a , n/a , n/a , n/a , n/a , n/a , n/a , n/a , n/a , n/a , n/a , n/a , n/a , n/a , n/a , n/a , n/a , n/a , n/a , n/a 
IMD - 1,Converted flat,IMD - 1Converted flat," 2,700 "," 4,000 "," 7,200 ","2,800","4,500","7,340","2,400","3,400","30,100","2,500","3,800","29,130", n/a , n/a , n/a , n/a , n/a , n/a , n/a , n/a , n/a , n/a , n/a , n/a , n/a , n/a , n/a , n/a , n/a , n/a , n/a , n/a , n/a ," 9,700 "," 11,300 "," 6,150 ","9,700","11,400","5,780","7,500","8,900","14,970","6,700","7,400","108,150", n/a , n/a , n/a , n/a , n/a , n/a , n/a , n/a , n/a , n/a , n/a , n/a , n/a , n/a , n/a , n/a , n/a , n/a , n/a , n/a , n/a 
IMD - 1,Purpose built flat,IMD - 1Purpose built flat," 2,600 "," 3,900 "," 48,270 ","2,700","3,900","48,420","2,300","3,000","198,980","2,300","3,200","174,650", n/a , n/a , n/a , n/a , n/a , n/a , n/a , n/a , n/a , n/a , n/a , n/a , n/a , n/a , n/a , n/a , n/a , n/a , n/a , n/a , n/a ," 7,400 "," 8,200 "," 30,100 ","7,400","8,200","27,900","6,400","7,200","120,360","8,000","9,700","19,170", n/a , n/a , n/a , n/a , n/a , n/a , n/a , n/a , n/a , n/a , n/a , n/a , n/a , n/a , n/a , n/a , n/a , n/a , n/a , n/a , n/a 
IMD - 2,Detached,IMD - 2Detached," 4,200 "," 5,100 "," 154,790 ","4,300","5,400","153,310","4,100","4,900","44,840","4,200","5,100","41,480", n/a , n/a , n/a , n/a , n/a , n/a , n/a , n/a , n/a , n/a , n/a , n/a , n/a , n/a , n/a , n/a , n/a , n/a , n/a , n/a , n/a ," 16,800 "," 18,300 "," 132,410 ","16,900","18,400","133,500","16,700","18,200","32,900","17,400","18,800","31,900", n/a , n/a , n/a , n/a , n/a , n/a , n/a , n/a , n/a , n/a , n/a , n/a , n/a , n/a , n/a , n/a , n/a , n/a , n/a , n/a , n/a 
IMD - 2,Semi detached,IMD - 2Semi detached," 3,500 "," 4,200 "," 226,710 ","3,600","4,200","224,310","3,400","4,000","191,540","3,400","4,000","168,830", n/a , n/a , n/a , n/a , n/a , n/a , n/a , n/a , n/a , n/a , n/a , n/a , n/a , n/a , n/a , n/a , n/a , n/a , n/a , n/a , n/a ," 13,500 "," 14,500 "," 217,500 ","13,600","14,600","215,920","13,000","13,900","169,960","13,700","14,500","150,910", n/a , n/a , n/a , n/a , n/a , n/a , n/a , n/a , n/a , n/a , n/a , n/a , n/a , n/a , n/a , n/a , n/a , n/a , n/a , n/a , n/a 
IMD - 2,End terrace,IMD - 2End terrace," 3,300 "," 4,000 "," 57,040 ","3,300","4,100","56,380","3,400","3,900","83,440","3,400","4,000","73,080", n/a , n/a , n/a , n/a , n/a , n/a , n/a , n/a , n/a , n/a , n/a , n/a , n/a , n/a , n/a , n/a , n/a , n/a , n/a , n/a , n/a ," 11,900 "," 13,000 "," 52,650 ","12,000","13,100","51,680","12,100","13,000","73,440","12,600","13,600","64,600", n/a , n/a , n/a , n/a , n/a , n/a , n/a , n/a , n/a , n/a , n/a , n/a , n/a , n/a , n/a , n/a , n/a , n/a , n/a , n/a , n/a 
IMD - 2,Mid terrace,IMD - 2Mid terrace," 3,000 "," 3,800 "," 107,680 ","3,100","3,800","105,440","3,100","3,700","200,210","3,100","3,700","174,080", n/a , n/a , n/a , n/a , n/a , n/a , n/a , n/a , n/a , n/a , n/a , n/a , n/a , n/a , n/a , n/a , n/a , n/a , n/a , n/a , n/a ," 10,900 "," 12,000 "," 102,250 ","10,900","12,000","99,120","11,200","12,100","179,940","11,700","12,500","155,510", n/a , n/a , n/a , n/a , n/a , n/a , n/a , n/a , n/a , n/a , n/a , n/a , n/a , n/a , n/a , n/a , n/a , n/a , n/a , n/a , n/a 
IMD - 2,Bungalow,IMD - 2Bungalow," 3,000 "," 3,900 "," 104,070 ","3,100","4,000","102,270","2,700","3,500","54,010","2,700","3,600","48,100", n/a , n/a , n/a , n/a , n/a , n/a , n/a , n/a , n/a , n/a , n/a , n/a , n/a , n/a , n/a , n/a , n/a , n/a , n/a , n/a , n/a ," 12,900 "," 14,000 "," 91,510 ","12,900","14,000","91,220","11,200","12,300","42,490","11,900","12,900","38,280", n/a , n/a , n/a , n/a , n/a , n/a , n/a , n/a , n/a , n/a , n/a , n/a , n/a , n/a , n/a , n/a , n/a , n/a , n/a , n/a , n/a 
IMD - 2,Converted flat,IMD - 2Converted flat," 2,700 "," 4,100 "," 11,300 ","2,900","4,500","11,680","2,400","3,400","35,530","2,600","3,800","33,560", n/a , n/a , n/a , n/a , n/a , n/a , n/a , n/a , n/a , n/a , n/a , n/a , n/a , n/a , n/a , n/a , n/a , n/a , n/a , n/a , n/a ," 9,000 "," 10,700 "," 10,760 ","9,200","10,900","11,030","8,200","9,700","18,890","7,100","7,800","72,500", n/a , n/a , n/a , n/a , n/a , n/a , n/a , n/a , n/a , n/a , n/a , n/a , n/a , n/a , n/a , n/a , n/a , n/a , n/a , n/a , n/a 
IMD - 2,Purpose built flat,IMD - 2Purpose built flat," 2,500 "," 3,700 "," 73,160 ","2,600","3,800","73,320","2,400","3,300","145,320","2,400","3,500","126,410", n/a , n/a , n/a , n/a , n/a , n/a , n/a , n/a , n/a , n/a , n/a , n/a , n/a , n/a , n/a , n/a , n/a , n/a , n/a , n/a , n/a ," 7,000 "," 7,800 "," 44,840 ","7,000","7,900","44,900","6,800","7,600","82,660","8,800","10,400","23,490", n/a , n/a , n/a , n/a , n/a , n/a , n/a , n/a , n/a , n/a , n/a , n/a , n/a , n/a , n/a , n/a , n/a , n/a , n/a , n/a , n/a 
IMD - 3,Detached,IMD - 3Detached," 4,200 "," 5,200 "," 101,440 ","4,300","5,600","99,510","4,300","5,300","99,780","4,400","5,400","93,330", n/a , n/a , n/a , n/a , n/a , n/a , n/a , n/a , n/a , n/a , n/a , n/a , n/a , n/a , n/a , n/a , n/a , n/a , n/a , n/a , n/a ," 16,400 "," 17,800 "," 76,920 ","16,500","17,900","77,170","17,000","18,500","70,380","17,700","19,200","63,650", n/a , n/a , n/a , n/a , n/a , n/a , n/a , n/a , n/a , n/a , n/a , n/a , n/a , n/a , n/a , n/a , n/a , n/a , n/a , n/a , n/a 
IMD - 3,Semi detached,IMD - 3Semi detached," 3,500 "," 4,100 "," 216,090 ","3,500","4,200","212,860","3,500","4,100","218,600","3,600","4,200","192,080", n/a , n/a , n/a , n/a , n/a , n/a , n/a , n/a , n/a , n/a , n/a , n/a , n/a , n/a , n/a , n/a , n/a , n/a , n/a , n/a , n/a ," 13,100 "," 14,000 "," 203,220 ","13,200","14,100","207,250","13,600","14,500","195,280","14,200","15,200","162,680", n/a , n/a , n/a , n/a , n/a , n/a , n/a , n/a , n/a , n/a , n/a , n/a , n/a , n/a , n/a , n/a , n/a , n/a , n/a , n/a , n/a 
IMD - 3,End terrace,IMD - 3End terrace," 3,300 "," 4,000 "," 71,890 ","3,400","4,100","70,300","3,400","4,000","71,450","3,400","4,100","61,970", n/a , n/a , n/a , n/a , n/a , n/a , n/a , n/a , n/a , n/a , n/a , n/a , n/a , n/a , n/a , n/a , n/a , n/a , n/a , n/a , n/a ," 11,900 "," 12,900 "," 66,730 ","12,000","12,900","68,230","12,200","13,300","62,640","12,700","13,700","51,750", n/a , n/a , n/a , n/a , n/a , n/a , n/a , n/a , n/a , n/a , n/a , n/a , n/a , n/a , n/a , n/a , n/a , n/a , n/a , n/a , n/a 
IMD - 3,Mid terrace,IMD - 3Mid terrace," 3,100 "," 3,700 "," 149,400 ","3,100","3,800","144,230","3,100","3,700","147,210","3,100","3,800","126,570", n/a , n/a , n/a , n/a , n/a , n/a , n/a , n/a , n/a , n/a , n/a , n/a , n/a , n/a , n/a , n/a , n/a , n/a , n/a , n/a , n/a ," 10,900 "," 11,800 "," 143,410 ","10,900","11,900","145,370","11,200","12,100","134,320","11,700","12,600","108,560", n/a , n/a , n/a , n/a , n/a , n/a , n/a , n/a , n/a , n/a , n/a , n/a , n/a , n/a , n/a , n/a , n/a , n/a , n/a , n/a , n/a 
IMD - 3,Bungalow,IMD - 3Bungalow," 3,000 "," 4,000 "," 89,520 ","3,000","4,100","87,320","3,000","3,900","89,490","3,000","4,100","79,940", n/a , n/a , n/a , n/a , n/a , n/a , n/a , n/a , n/a , n/a , n/a , n/a , n/a , n/a , n/a , n/a , n/a , n/a , n/a , n/a , n/a ," 12,000 "," 13,000 "," 71,420 ","11,900","12,900","71,580","12,300","13,300","68,470","12,800","13,900","58,040", n/a , n/a , n/a , n/a , n/a , n/a , n/a , n/a , n/a , n/a , n/a , n/a , n/a , n/a , n/a , n/a , n/a , n/a , n/a , n/a , n/a 
IMD - 3,Converted flat,IMD - 3Converted flat," 2,700 "," 4,100 "," 14,050 ","2,800","4,600","14,680","2,600","3,700","23,850","2,700","4,100","22,160", n/a , n/a , n/a , n/a , n/a , n/a , n/a , n/a , n/a , n/a , n/a , n/a , n/a , n/a , n/a , n/a , n/a , n/a , n/a , n/a , n/a ," 8,400 "," 9,900 "," 14,000 ","8,500","10,000","15,180","8,800","10,400","12,900","7,300","8,100","47,040", n/a , n/a , n/a , n/a , n/a , n/a , n/a , n/a , n/a , n/a , n/a , n/a , n/a , n/a , n/a , n/a , n/a , n/a , n/a , n/a , n/a 
IMD - 3,Purpose built flat,IMD - 3Purpose built flat," 2,500 "," 3,700 "," 96,380 ","2,600","3,700","97,770","2,600","3,600","104,980","2,600","3,800","91,370", n/a , n/a , n/a , n/a , n/a , n/a , n/a , n/a , n/a , n/a , n/a , n/a , n/a , n/a , n/a , n/a , n/a , n/a , n/a , n/a , n/a ," 6,800 "," 7,600 "," 58,970 ","6,800","7,500","62,540","7,000","7,700","55,640","9,200","11,000","14,610", n/a , n/a , n/a , n/a , n/a , n/a , n/a , n/a , n/a , n/a , n/a , n/a , n/a , n/a , n/a , n/a , n/a , n/a , n/a , n/a , n/a 
IMD - 4,Detached,IMD - 4Detached," 4,000 "," 4,900 "," 48,610 ","4,100","5,200","46,530","4,400","5,300","162,900","4,400","5,400","144,520", n/a , n/a , n/a , n/a , n/a , n/a , n/a , n/a , n/a , n/a , n/a , n/a , n/a , n/a , n/a , n/a , n/a , n/a , n/a , n/a , n/a ," 16,000 "," 17,500 "," 41,210 ","16,100","17,400","36,880","17,500","19,000","123,090","18,100","19,600","103,910", n/a , n/a , n/a , n/a , n/a , n/a , n/a , n/a , n/a , n/a , n/a , n/a , n/a , n/a , n/a , n/a , n/a , n/a , n/a , n/a , n/a 
IMD - 4,Semi detached,IMD - 4Semi detached," 3,400 "," 4,000 "," 195,520 ","3,400","4,000","187,810","3,600","4,200","229,700","3,600","4,300","196,370", n/a , n/a , n/a , n/a , n/a , n/a , n/a , n/a , n/a , n/a , n/a , n/a , n/a , n/a , n/a , n/a , n/a , n/a , n/a , n/a , n/a ," 12,500 "," 13,400 "," 194,420 ","12,600","13,400","180,540","14,000","15,000","203,140","14,600","15,600","164,970", n/a , n/a , n/a , n/a , n/a , n/a , n/a , n/a , n/a , n/a , n/a , n/a , n/a , n/a , n/a , n/a , n/a , n/a , n/a , n/a , n/a 
IMD - 4,End terrace,IMD - 4End terrace," 3,300 "," 3,900 "," 84,670 ","3,300","4,000","81,600","3,400","4,100","57,200","3,400","4,200","49,540", n/a , n/a , n/a , n/a , n/a , n/a , n/a , n/a , n/a , n/a , n/a , n/a , n/a , n/a , n/a , n/a , n/a , n/a , n/a , n/a , n/a ," 11,700 "," 12,600 "," 83,130 ","11,600","12,500","78,530","12,300","13,400","48,170","12,900","14,000","40,010", n/a , n/a , n/a , n/a , n/a , n/a , n/a , n/a , n/a , n/a , n/a , n/a , n/a , n/a , n/a , n/a , n/a , n/a , n/a , n/a , n/a 
IMD - 4,Mid terrace,IMD - 4Mid terrace," 3,100 "," 3,700 "," 207,040 ","3,100","3,700","197,620","3,100","3,800","105,040","3,100","3,900","89,570", n/a , n/a , n/a , n/a , n/a , n/a , n/a , n/a , n/a , n/a , n/a , n/a , n/a , n/a , n/a , n/a , n/a , n/a , n/a , n/a , n/a ," 10,800 "," 11,700 "," 206,760 ","10,800","11,700","195,030","11,200","12,200","91,440","11,600","12,600","74,890", n/a , n/a , n/a , n/a , n/a , n/a , n/a , n/a , n/a , n/a , n/a , n/a , n/a , n/a , n/a , n/a , n/a , n/a , n/a , n/a , n/a 
IMD - 4,Bungalow,IMD - 4Bungalow," 2,700 "," 3,600 "," 58,240 ","2,800","3,700","56,290","3,100","4,000","110,790","3,100","4,100","95,440", n/a , n/a , n/a , n/a , n/a , n/a , n/a , n/a , n/a , n/a , n/a , n/a , n/a , n/a , n/a , n/a , n/a , n/a , n/a , n/a , n/a ," 11,000 "," 12,100 "," 50,170 ","10,900","11,900","46,220","13,200","14,300","89,410","13,800","14,800","73,290", n/a , n/a , n/a , n/a , n/a , n/a , n/a , n/a , n/a , n/a , n/a , n/a , n/a , n/a , n/a , n/a , n/a , n/a , n/a , n/a , n/a 
IMD - 4,Converted flat,IMD - 4Converted flat," 2,700 "," 4,100 "," 19,660 ","2,800","4,400","20,020","2,700","3,900","16,370","2,800","4,200","15,300", n/a , n/a , n/a , n/a , n/a , n/a , n/a , n/a , n/a , n/a , n/a , n/a , n/a , n/a , n/a , n/a , n/a , n/a , n/a , n/a , n/a ," 7,800 "," 9,200 "," 20,020 ","7,800","9,200","19,790","9,500","11,300","9,160","7,400","8,300","32,650", n/a , n/a , n/a , n/a , n/a , n/a , n/a , n/a , n/a , n/a , n/a , n/a , n/a , n/a , n/a , n/a , n/a , n/a , n/a , n/a , n/a 
IMD - 4,Purpose built flat,IMD - 4Purpose built flat," 2,400 "," 3,400 "," 137,970 ","2,500","3,500","136,990","2,600","3,600","73,350","2,600","3,900","62,980", n/a , n/a , n/a , n/a , n/a , n/a , n/a , n/a , n/a , n/a , n/a , n/a , n/a , n/a , n/a , n/a , n/a , n/a , n/a , n/a , n/a ," 6,600 "," 7,300 "," 91,450 ","6,600","7,300","90,330","7,200","8,100","38,590","10,000","11,900","10,010", n/a , n/a , n/a , n/a , n/a , n/a , n/a , n/a , n/a , n/a , n/a , n/a , n/a , n/a , n/a , n/a , n/a , n/a , n/a , n/a , n/a 
IMD - 5,Detached,IMD - 5Detached," 3,900 "," 4,600 "," 15,270 ","4,000","4,800","14,070","4,400","5,100","258,600","4,400","5,200","227,220", n/a , n/a , n/a , n/a , n/a , n/a , n/a , n/a , n/a , n/a , n/a , n/a , n/a , n/a , n/a , n/a , n/a , n/a , n/a , n/a , n/a ," 15,300 "," 16,700 "," 14,990 ","15,300","16,700","12,380","18,200","19,700","212,480","18,800","20,400","192,480", n/a , n/a , n/a , n/a , n/a , n/a , n/a , n/a , n/a , n/a , n/a , n/a , n/a , n/a , n/a , n/a , n/a , n/a , n/a , n/a , n/a 
IMD - 5,Semi detached,IMD - 5Semi detached," 3,300 "," 3,800 "," 168,800 ","3,400","3,900","158,760","3,600","4,200","216,200","3,600","4,300","183,300", n/a , n/a , n/a , n/a , n/a , n/a , n/a , n/a , n/a , n/a , n/a , n/a , n/a , n/a , n/a , n/a , n/a , n/a , n/a , n/a , n/a ," 11,500 "," 12,200 "," 175,140 ","11,500","12,200","152,170","14,500","15,500","184,340","15,000","16,000","161,430", n/a , n/a , n/a , n/a , n/a , n/a , n/a , n/a , n/a , n/a , n/a , n/a , n/a , n/a , n/a , n/a , n/a , n/a , n/a , n/a , n/a 
IMD - 5,End terrace,IMD - 5End terrace," 3,300 "," 3,800 "," 97,470 ","3,300","3,900","92,960","3,300","3,900","45,610","3,300","4,000","38,920", n/a , n/a , n/a , n/a , n/a , n/a , n/a , n/a , n/a , n/a , n/a , n/a , n/a , n/a , n/a , n/a , n/a , n/a , n/a , n/a , n/a ," 10,900 "," 11,700 "," 100,070 ","11,000","11,700","89,140","12,100","13,200","36,690","12,600","13,700","32,730", n/a , n/a , n/a , n/a , n/a , n/a , n/a , n/a , n/a , n/a , n/a , n/a , n/a , n/a , n/a , n/a , n/a , n/a , n/a , n/a , n/a 
IMD - 5,Mid terrace,IMD - 5Mid terrace," 3,100 "," 3,600 "," 242,420 ","3,100","3,600","229,260","3,000","3,600","72,180","3,000","3,700","61,110", n/a , n/a , n/a , n/a , n/a , n/a , n/a , n/a , n/a , n/a , n/a , n/a , n/a , n/a , n/a , n/a , n/a , n/a , n/a , n/a , n/a ," 10,200 "," 11,000 "," 250,160 ","10,200","11,000","221,550","10,800","11,900","58,160","11,200","12,300","51,730", n/a , n/a , n/a , n/a , n/a , n/a , n/a , n/a , n/a , n/a , n/a , n/a , n/a , n/a , n/a , n/a , n/a , n/a , n/a , n/a , n/a 
IMD - 5,Bungalow,IMD - 5Bungalow," 2,300 "," 3,000 "," 36,670 ","2,300","3,000","35,380","3,200","4,000","103,730","3,200","4,100","89,230", n/a , n/a , n/a , n/a , n/a , n/a , n/a , n/a , n/a , n/a , n/a , n/a , n/a , n/a , n/a , n/a , n/a , n/a , n/a , n/a , n/a ," 9,500 "," 10,400 "," 36,090 ","9,400","10,300","31,850","14,500","15,700","84,820","15,100","16,300","75,130", n/a , n/a , n/a , n/a , n/a , n/a , n/a , n/a , n/a , n/a , n/a , n/a , n/a , n/a , n/a , n/a , n/a , n/a , n/a , n/a , n/a 
IMD - 5,Converted flat,IMD - 5Converted flat," 2,600 "," 3,800 "," 16,260 ","2,700","4,100","15,890","2,700","3,800","8,730","2,800","4,300","8,080", n/a , n/a , n/a , n/a , n/a , n/a , n/a , n/a , n/a , n/a , n/a , n/a , n/a , n/a , n/a , n/a , n/a , n/a , n/a , n/a , n/a ," 7,000 "," 8,300 "," 15,970 ","6,900","8,300","14,450","9,800","11,600","4,500","7,800","8,600","22,350", n/a , n/a , n/a , n/a , n/a , n/a , n/a , n/a , n/a , n/a , n/a , n/a , n/a , n/a , n/a , n/a , n/a , n/a , n/a , n/a , n/a 
IMD - 5,Purpose built flat,IMD - 5Purpose built flat," 2,200 "," 3,000 "," 184,900 ","2,300","3,200","180,420","2,700","3,800","51,550","2,800","4,000","43,680", n/a , n/a , n/a , n/a , n/a , n/a , n/a , n/a , n/a , n/a , n/a , n/a , n/a , n/a , n/a , n/a , n/a , n/a , n/a , n/a , n/a ," 6,100 "," 6,800 "," 136,020 ","6,100","6,800","125,850","7,500","8,300","24,380","10,400","12,500","5,320", n/a , n/a , n/a , n/a , n/a , n/a , n/a , n/a , n/a , n/a , n/a , n/a , n/a , n/a , n/a , n/a , n/a , n/a , n/a , n/a , n/a 
IMD - 1,1 bedroom,IMD - 11 bedroom," 2,300 "," 3,500 "," 27,830 ","2,400","3,600","28,050","1,900","2,600","125,190","1,900","2,700","111,190", n/a , n/a , n/a , n/a , n/a , n/a , n/a , n/a , n/a , n/a , n/a , n/a , n/a , n/a , n/a , n/a , n/a , n/a , n/a , n/a , n/a ," 6,700 "," 7,800 "," 17,170 ","6,800","7,900","16,110","5,800","6,500","72,870","6,000","6,800","67,760", n/a , n/a , n/a , n/a , n/a , n/a , n/a , n/a , n/a , n/a , n/a , n/a , n/a , n/a , n/a , n/a , n/a , n/a , n/a , n/a , n/a 
IMD - 1,2 bedrooms,IMD - 12 bedrooms," 2,700 "," 3,600 "," 149,490 ","2,800","3,700","151,130","2,700","3,300","250,660","2,700","3,400","221,700", n/a , n/a , n/a , n/a , n/a , n/a , n/a , n/a , n/a , n/a , n/a , n/a , n/a , n/a , n/a , n/a , n/a , n/a , n/a , n/a , n/a ," 10,700 "," 11,800 "," 136,330 ","10,900","12,000","127,860","9,100","9,800","196,070","9,600","10,300","177,790", n/a , n/a , n/a , n/a , n/a , n/a , n/a , n/a , n/a , n/a , n/a , n/a , n/a , n/a , n/a , n/a , n/a , n/a , n/a , n/a , n/a 
IMD - 1,3 bedrooms,IMD - 13 bedrooms," 3,500 "," 4,100 "," 355,620 ","3,600","4,200","353,620","3,400","3,800","339,170","3,400","3,800","298,170", n/a , n/a , n/a , n/a , n/a , n/a , n/a , n/a , n/a , n/a , n/a , n/a , n/a , n/a , n/a , n/a , n/a , n/a , n/a , n/a , n/a ," 14,100 "," 15,200 "," 352,870 ","14,300","15,400","328,040","11,600","12,300","304,160","12,200","12,900","270,810", n/a , n/a , n/a , n/a , n/a , n/a , n/a , n/a , n/a , n/a , n/a , n/a , n/a , n/a , n/a , n/a , n/a , n/a , n/a , n/a , n/a 
IMD - 1,4 bedrooms,IMD - 14 bedrooms," 4,300 "," 5,000 "," 168,890 ","4,400","5,100","160,790","4,200","4,800","33,660","4,200","4,800","30,830", n/a , n/a , n/a , n/a , n/a , n/a , n/a , n/a , n/a , n/a , n/a , n/a , n/a , n/a , n/a , n/a , n/a , n/a , n/a , n/a , n/a ," 18,000 "," 19,400 "," 165,460 ","18,100","19,500","148,680","14,700","15,900","28,850","15,400","16,600","27,190", n/a , n/a , n/a , n/a , n/a , n/a , n/a , n/a , n/a , n/a , n/a , n/a , n/a , n/a , n/a , n/a , n/a , n/a , n/a , n/a , n/a 
IMD - 1,5 or more bedrooms,IMD - 15 or more bedrooms," 5,500 "," 6,600 "," 35,510 ","5,700","7,300","33,100","5,100","5,900","6,640","5,100","6,200","6,620", n/a , n/a , n/a , n/a , n/a , n/a , n/a , n/a , n/a , n/a , n/a , n/a , n/a , n/a , n/a , n/a , n/a , n/a , n/a , n/a , n/a ," 24,300 "," 25,500 "," 30,960 ","24,500","25,700","26,590","19,300","20,700","5,350","20,400","21,500","5,470", n/a , n/a , n/a , n/a , n/a , n/a , n/a , n/a , n/a , n/a , n/a , n/a , n/a , n/a , n/a , n/a , n/a , n/a , n/a , n/a , n/a 
IMD - 2,1 bedroom,IMD - 21 bedroom," 2,200 "," 3,400 "," 43,900 ","2,300","3,500","44,480","2,000","2,800","99,350","2,000","3,000","87,380", n/a , n/a , n/a , n/a , n/a , n/a , n/a , n/a , n/a , n/a , n/a , n/a , n/a , n/a , n/a , n/a , n/a , n/a , n/a , n/a , n/a ," 6,400 "," 7,400 "," 27,050 ","6,400","7,400","27,300","6,200","7,000","54,130","6,500","7,400","50,210", n/a , n/a , n/a , n/a , n/a , n/a , n/a , n/a , n/a , n/a , n/a , n/a , n/a , n/a , n/a , n/a , n/a , n/a , n/a , n/a , n/a 
IMD - 2,2 bedrooms,IMD - 22 bedrooms," 2,800 "," 3,700 "," 188,110 ","2,800","3,800","188,800","2,800","3,500","239,470","2,800","3,600","210,320", n/a , n/a , n/a , n/a , n/a , n/a , n/a , n/a , n/a , n/a , n/a , n/a , n/a , n/a , n/a , n/a , n/a , n/a , n/a , n/a , n/a ," 10,200 "," 11,200 "," 161,460 ","10,300","11,300","162,510","9,800","10,500","185,830","10,200","11,000","165,350", n/a , n/a , n/a , n/a , n/a , n/a , n/a , n/a , n/a , n/a , n/a , n/a , n/a , n/a , n/a , n/a , n/a , n/a , n/a , n/a , n/a 
IMD - 2,3 bedrooms,IMD - 23 bedrooms," 3,500 "," 4,100 "," 369,050 ","3,500","4,200","365,590","3,400","4,000","357,920","3,400","4,000","313,600", n/a , n/a , n/a , n/a , n/a , n/a , n/a , n/a , n/a , n/a , n/a , n/a , n/a , n/a , n/a , n/a , n/a , n/a , n/a , n/a , n/a ," 13,300 "," 14,300 "," 347,560 ","13,500","14,400","345,940","12,600","13,400","314,230","13,200","14,000","277,370", n/a , n/a , n/a , n/a , n/a , n/a , n/a , n/a , n/a , n/a , n/a , n/a , n/a , n/a , n/a , n/a , n/a , n/a , n/a , n/a , n/a 
IMD - 2,4 bedrooms,IMD - 24 bedrooms," 4,300 "," 5,100 "," 109,020 ","4,400","5,300","103,970","4,200","4,900","47,440","4,300","5,000","43,660", n/a , n/a , n/a , n/a , n/a , n/a , n/a , n/a , n/a , n/a , n/a , n/a , n/a , n/a , n/a , n/a , n/a , n/a , n/a , n/a , n/a ," 17,300 "," 18,700 "," 97,120 ","17,400","18,800","94,050","16,600","17,800","38,220","17,400","18,600","36,350", n/a , n/a , n/a , n/a , n/a , n/a , n/a , n/a , n/a , n/a , n/a , n/a , n/a , n/a , n/a , n/a , n/a , n/a , n/a , n/a , n/a 
IMD - 2,5 or more bedrooms,IMD - 25 or more bedrooms," 5,600 "," 6,800 "," 24,670 ","5,900","7,900","23,860","5,400","6,400","10,720","5,600","6,800","10,580", n/a , n/a , n/a , n/a , n/a , n/a , n/a , n/a , n/a , n/a , n/a , n/a , n/a , n/a , n/a , n/a , n/a , n/a , n/a , n/a , n/a ," 23,500 "," 24,700 "," 18,740 ","23,800","25,000","17,570","22,600","23,500","7,870","23,800","24,500","7,920", n/a , n/a , n/a , n/a , n/a , n/a , n/a , n/a , n/a , n/a , n/a , n/a , n/a , n/a , n/a , n/a , n/a , n/a , n/a , n/a , n/a 
IMD - 3,1 bedroom,IMD - 31 bedroom," 2,200 "," 3,300 "," 61,340 ","2,200","3,400","62,380","2,200","3,100","71,090","2,200","3,300","62,380", n/a , n/a , n/a , n/a , n/a , n/a , n/a , n/a , n/a , n/a , n/a , n/a , n/a , n/a , n/a , n/a , n/a , n/a , n/a , n/a , n/a ," 6,200 "," 7,000 "," 38,320 ","6,300","7,100","40,680","6,500","7,300","36,820","6,800","7,700","32,100", n/a , n/a , n/a , n/a , n/a , n/a , n/a , n/a , n/a , n/a , n/a , n/a , n/a , n/a , n/a , n/a , n/a , n/a , n/a , n/a , n/a 
IMD - 3,2 bedrooms,IMD - 32 bedrooms," 2,800 "," 3,800 "," 208,600 ","2,900","3,900","208,360","2,900","3,700","219,640","2,900","3,900","192,230", n/a , n/a , n/a , n/a , n/a , n/a , n/a , n/a , n/a , n/a , n/a , n/a , n/a , n/a , n/a , n/a , n/a , n/a , n/a , n/a , n/a ," 9,800 "," 10,600 "," 173,600 ","9,800","10,700","180,520","10,100","11,000","167,410","10,500","11,400","140,490", n/a , n/a , n/a , n/a , n/a , n/a , n/a , n/a , n/a , n/a , n/a , n/a , n/a , n/a , n/a , n/a , n/a , n/a , n/a , n/a , n/a 
IMD - 3,3 bedrooms,IMD - 33 bedrooms," 3,400 "," 4,100 "," 375,650 ","3,500","4,200","367,230","3,500","4,100","376,030","3,500","4,200","329,240", n/a , n/a , n/a , n/a , n/a , n/a , n/a , n/a , n/a , n/a , n/a , n/a , n/a , n/a , n/a , n/a , n/a , n/a , n/a , n/a , n/a ," 12,800 "," 13,600 "," 346,550 ","12,900","13,700","352,680","13,300","14,100","329,210","13,900","14,700","273,290", n/a , n/a , n/a , n/a , n/a , n/a , n/a , n/a , n/a , n/a , n/a , n/a , n/a , n/a , n/a , n/a , n/a , n/a , n/a , n/a , n/a 
IMD - 3,4 bedrooms,IMD - 34 bedrooms," 4,300 "," 5,100 "," 75,810 ","4,400","5,400","71,590","4,400","5,200","71,730","4,500","5,300","66,810", n/a , n/a , n/a , n/a , n/a , n/a , n/a , n/a , n/a , n/a , n/a , n/a , n/a , n/a , n/a , n/a , n/a , n/a , n/a , n/a , n/a ," 16,900 "," 18,100 "," 63,600 ","17,000","18,200","61,330","17,600","18,900","55,360","18,300","19,600","50,070", n/a , n/a , n/a , n/a , n/a , n/a , n/a , n/a , n/a , n/a , n/a , n/a , n/a , n/a , n/a , n/a , n/a , n/a , n/a , n/a , n/a 
IMD - 3,5 or more bedrooms,IMD - 35 or more bedrooms," 5,500 "," 6,800 "," 17,360 ","5,800","7,900","17,100","5,700","6,900","16,860","5,900","7,200","16,770", n/a , n/a , n/a , n/a , n/a , n/a , n/a , n/a , n/a , n/a , n/a , n/a , n/a , n/a , n/a , n/a , n/a , n/a , n/a , n/a , n/a ," 22,500 "," 23,700 "," 12,610 ","22,900","24,000","12,100","24,000","24,900","10,820","24,700","25,600","10,370", n/a , n/a , n/a , n/a , n/a , n/a , n/a , n/a , n/a , n/a , n/a , n/a , n/a , n/a , n/a , n/a , n/a , n/a , n/a , n/a , n/a 
IMD - 4,1 bedroom,IMD - 41 bedroom," 2,000 "," 3,000 "," 86,090 ","2,100","3,100","85,920","2,300","3,300","48,740","2,300","3,500","42,130", n/a , n/a , n/a , n/a , n/a , n/a , n/a , n/a , n/a , n/a , n/a , n/a , n/a , n/a , n/a , n/a , n/a , n/a , n/a , n/a , n/a ," 6,000 "," 6,700 "," 59,220 ","6,000","6,800","58,640","6,700","7,700","24,880","7,000","8,000","21,500", n/a , n/a , n/a , n/a , n/a , n/a , n/a , n/a , n/a , n/a , n/a , n/a , n/a , n/a , n/a , n/a , n/a , n/a , n/a , n/a , n/a 
IMD - 4,2 bedrooms,IMD - 42 bedrooms," 2,700 "," 3,500 "," 234,420 ","2,800","3,600","230,780","2,900","3,800","197,100","2,900","3,900","169,370", n/a , n/a , n/a , n/a , n/a , n/a , n/a , n/a , n/a , n/a , n/a , n/a , n/a , n/a , n/a , n/a , n/a , n/a , n/a , n/a , n/a ," 9,400 "," 10,200 "," 209,040 ","9,500","10,200","201,490","10,700","11,700","151,520","11,000","12,000","125,640", n/a , n/a , n/a , n/a , n/a , n/a , n/a , n/a , n/a , n/a , n/a , n/a , n/a , n/a , n/a , n/a , n/a , n/a , n/a , n/a , n/a 
IMD - 4,3 bedrooms,IMD - 43 bedrooms," 3,400 "," 4,000 "," 370,490 ","3,400","4,100","353,770","3,600","4,200","377,190","3,600","4,300","322,340", n/a , n/a , n/a , n/a , n/a , n/a , n/a , n/a , n/a , n/a , n/a , n/a , n/a , n/a , n/a , n/a , n/a , n/a , n/a , n/a , n/a ," 12,200 "," 13,000 "," 363,060 ","12,200","13,000","337,790","13,900","14,800","325,960","14,400","15,300","265,530", n/a , n/a , n/a , n/a , n/a , n/a , n/a , n/a , n/a , n/a , n/a , n/a , n/a , n/a , n/a , n/a , n/a , n/a , n/a , n/a , n/a 
IMD - 4,4 bedrooms,IMD - 44 bedrooms," 4,200 "," 4,900 "," 50,310 ","4,200","5,100","46,340","4,500","5,300","107,450","4,500","5,400","96,580", n/a , n/a , n/a , n/a , n/a , n/a , n/a , n/a , n/a , n/a , n/a , n/a , n/a , n/a , n/a , n/a , n/a , n/a , n/a , n/a , n/a ," 16,000 "," 17,200 "," 46,890 ","16,000","17,200","41,380","18,100","19,500","85,060","18,700","20,100","73,090", n/a , n/a , n/a , n/a , n/a , n/a , n/a , n/a , n/a , n/a , n/a , n/a , n/a , n/a , n/a , n/a , n/a , n/a , n/a , n/a , n/a 
IMD - 4,5 or more bedrooms,IMD - 45 or more bedrooms," 5,200 "," 6,300 "," 10,400 ","5,500","7,200","10,050","5,800","7,200","24,880","6,000","7,400","23,300", n/a , n/a , n/a , n/a , n/a , n/a , n/a , n/a , n/a , n/a , n/a , n/a , n/a , n/a , n/a , n/a , n/a , n/a , n/a , n/a , n/a ," 21,600 "," 22,800 "," 8,940 ","21,600","22,600","8,030","24,600","25,600","15,580","25,100","26,100","13,970", n/a , n/a , n/a , n/a , n/a , n/a , n/a , n/a , n/a , n/a , n/a , n/a , n/a , n/a , n/a , n/a , n/a , n/a , n/a , n/a , n/a 
IMD - 5,1 bedroom,IMD - 51 bedroom," 1,800 "," 2,600 "," 112,130 ","1,900","2,700","110,320","2,400","3,400","30,940","2,500","3,700","26,830", n/a , n/a , n/a , n/a , n/a , n/a , n/a , n/a , n/a , n/a , n/a , n/a , n/a , n/a , n/a , n/a , n/a , n/a , n/a , n/a , n/a ," 5,500 "," 6,200 "," 84,030 ","5,500","6,200","77,570","6,900","8,000","14,720","7,100","8,400","13,680", n/a , n/a , n/a , n/a , n/a , n/a , n/a , n/a , n/a , n/a , n/a , n/a , n/a , n/a , n/a , n/a , n/a , n/a , n/a , n/a , n/a 
IMD - 5,2 bedrooms,IMD - 52 bedrooms," 2,600 "," 3,300 "," 245,870 ","2,700","3,400","238,780","2,800","3,700","159,410","2,800","3,800","135,600", n/a , n/a , n/a , n/a , n/a , n/a , n/a , n/a , n/a , n/a , n/a , n/a , n/a , n/a , n/a , n/a , n/a , n/a , n/a , n/a , n/a ," 8,800 "," 9,400 "," 231,800 ","8,700","9,400","209,870","11,000","12,300","119,490","11,400","12,600","106,360", n/a , n/a , n/a , n/a , n/a , n/a , n/a , n/a , n/a , n/a , n/a , n/a , n/a , n/a , n/a , n/a , n/a , n/a , n/a , n/a , n/a 
IMD - 5,3 bedrooms,IMD - 53 bedrooms," 3,300 "," 3,800 "," 362,160 ","3,400","3,900","338,920","3,600","4,200","363,270","3,600","4,300","307,660", n/a , n/a , n/a , n/a , n/a , n/a , n/a , n/a , n/a , n/a , n/a , n/a , n/a , n/a , n/a , n/a , n/a , n/a , n/a , n/a , n/a ," 11,100 "," 11,800 "," 370,920 ","11,200","11,800","324,020","14,600","15,700","306,990","15,100","16,200","269,200", n/a , n/a , n/a , n/a , n/a , n/a , n/a , n/a , n/a , n/a , n/a , n/a , n/a , n/a , n/a , n/a , n/a , n/a , n/a , n/a , n/a 
IMD - 5,4 bedrooms,IMD - 54 bedrooms," 4,100 "," 4,700 "," 35,230 ","4,200","4,800","32,460","4,400","5,100","168,600","4,500","5,200","149,190", n/a , n/a , n/a , n/a , n/a , n/a , n/a , n/a , n/a , n/a , n/a , n/a , n/a , n/a , n/a , n/a , n/a , n/a , n/a , n/a , n/a ," 14,100 "," 15,300 "," 35,430 ","14,000","15,200","30,420","18,500","19,900","140,230","19,100","20,500","128,440", n/a , n/a , n/a , n/a , n/a , n/a , n/a , n/a , n/a , n/a , n/a , n/a , n/a , n/a , n/a , n/a , n/a , n/a , n/a , n/a , n/a 
IMD - 5,5 or more bedrooms,IMD - 55 or more bedrooms," 4,900 "," 5,700 "," 6,410 ","5,100","6,400","6,250","5,700","6,900","34,380","5,900","7,100","32,260", n/a , n/a , n/a , n/a , n/a , n/a , n/a , n/a , n/a , n/a , n/a , n/a , n/a , n/a , n/a , n/a , n/a , n/a , n/a , n/a , n/a ," 18,600 "," 19,900 "," 6,250 ","18,300","19,700","5,510","24,900","26,100","23,930","26,000","26,900","23,490", n/a , n/a , n/a , n/a , n/a , n/a , n/a , n/a , n/a , n/a , n/a , n/a , n/a , n/a , n/a , n/a , n/a , n/a , n/a , n/a , n/a 
IMD - 1,50 or less,IMD - 150 or less," 2,500 "," 3,700 "," 39,760 ","2,600","3,800","39,900","2,100","2,900","164,710","2,100","3,000","143,100", n/a , n/a , n/a , n/a , n/a , n/a , n/a , n/a , n/a , n/a , n/a , n/a , n/a , n/a , n/a , n/a , n/a , n/a , n/a , n/a , n/a ," 6,800 "," 7,600 "," 24,180 ","6,800","7,700","22,500","6,100","6,800","94,500","6,300","7,100","86,500", n/a , n/a , n/a , n/a , n/a , n/a , n/a , n/a , n/a , n/a , n/a , n/a , n/a , n/a , n/a , n/a , n/a , n/a , n/a , n/a , n/a 
IMD - 1,51 to 100,IMD - 151 to 100," 3,000 "," 3,700 "," 295,090 ","3,100","3,700","298,460","3,000","3,500","452,110","3,000","3,500","397,150", n/a , n/a , n/a , n/a , n/a , n/a , n/a , n/a , n/a , n/a , n/a , n/a , n/a , n/a , n/a , n/a , n/a , n/a , n/a , n/a , n/a ," 11,600 "," 12,200 "," 287,290 ","11,800","12,400","270,530","10,300","10,900","390,860","10,800","11,300","347,870", n/a , n/a , n/a , n/a , n/a , n/a , n/a , n/a , n/a , n/a , n/a , n/a , n/a , n/a , n/a , n/a , n/a , n/a , n/a , n/a , n/a 
IMD - 1,101 to 150,IMD - 1101 to 150," 3,800 "," 4,400 "," 287,580 ","3,900","4,500","280,230","3,700","4,200","125,560","3,600","4,200","112,540", n/a , n/a , n/a , n/a , n/a , n/a , n/a , n/a , n/a , n/a , n/a , n/a , n/a , n/a , n/a , n/a , n/a , n/a , n/a , n/a , n/a ," 16,100 "," 17,000 "," 287,010 ","16,400","17,200","262,680","13,500","14,400","111,430","14,200","15,000","101,700", n/a , n/a , n/a , n/a , n/a , n/a , n/a , n/a , n/a , n/a , n/a , n/a , n/a , n/a , n/a , n/a , n/a , n/a , n/a , n/a , n/a 
IMD - 1,151 to 200,IMD - 1151 to 200," 4,600 "," 5,400 "," 80,150 ","4,800","5,600","75,190","4,600","5,400","9,940","4,700","5,600","9,550", n/a , n/a , n/a , n/a , n/a , n/a , n/a , n/a , n/a , n/a , n/a , n/a , n/a , n/a , n/a , n/a , n/a , n/a , n/a , n/a , n/a ," 21,500 "," 22,600 "," 76,740 ","21,900","22,900","67,930","20,700","21,300","8,310","21,500","21,900","8,270", n/a , n/a , n/a , n/a , n/a , n/a , n/a , n/a , n/a , n/a , n/a , n/a , n/a , n/a , n/a , n/a , n/a , n/a , n/a , n/a , n/a 
IMD - 1,Over 200,IMD - 1Over 200," 6,100 "," 7,300 "," 34,770 ","6,400","8,200","32,920","5,800","6,900","3,000","6,000","7,200","3,120", n/a , n/a , n/a , n/a , n/a , n/a , n/a , n/a , n/a , n/a , n/a , n/a , n/a , n/a , n/a , n/a , n/a , n/a , n/a , n/a , n/a ," 28,500 "," 28,800 "," 27,560 ","28,800","29,100","23,630","25,200","25,200","2,190","26,500","25,900","2,370", n/a , n/a , n/a , n/a , n/a , n/a , n/a , n/a , n/a , n/a , n/a , n/a , n/a , n/a , n/a , n/a , n/a , n/a , n/a , n/a , n/a 
IMD - 2,50 or less,IMD - 250 or less," 2,400 "," 3,600 "," 63,200 ","2,500","3,700","63,750","2,200","3,100","136,670","2,300","3,300","117,810", n/a , n/a , n/a , n/a , n/a , n/a , n/a , n/a , n/a , n/a , n/a , n/a , n/a , n/a , n/a , n/a , n/a , n/a , n/a , n/a , n/a ," 6,700 "," 7,700 "," 39,300 ","6,700","7,800","39,690","6,500","7,300","74,420","6,800","7,600","67,590", n/a , n/a , n/a , n/a , n/a , n/a , n/a , n/a , n/a , n/a , n/a , n/a , n/a , n/a , n/a , n/a , n/a , n/a , n/a , n/a , n/a 
IMD - 2,51 to 100,IMD - 251 to 100," 3,000 "," 3,700 "," 355,160 ","3,100","3,800","357,530","3,000","3,600","425,770","3,000","3,700","371,190", n/a , n/a , n/a , n/a , n/a , n/a , n/a , n/a , n/a , n/a , n/a , n/a , n/a , n/a , n/a , n/a , n/a , n/a , n/a , n/a , n/a ," 11,300 "," 11,900 "," 331,710 ","11,400","12,000","333,990","11,000","11,600","364,680","11,500","12,000","319,970", n/a , n/a , n/a , n/a , n/a , n/a , n/a , n/a , n/a , n/a , n/a , n/a , n/a , n/a , n/a , n/a , n/a , n/a , n/a , n/a , n/a 
IMD - 2,101 to 150,IMD - 2101 to 150," 3,800 "," 4,400 "," 235,880 ","3,800","4,500","228,430","3,700","4,200","163,590","3,700","4,300","145,870", n/a , n/a , n/a , n/a , n/a , n/a , n/a , n/a , n/a , n/a , n/a , n/a , n/a , n/a , n/a , n/a , n/a , n/a , n/a , n/a , n/a ," 15,400 "," 16,200 "," 220,080 ","15,500","16,300","215,560","14,600","15,400","140,360","15,300","16,000","127,040", n/a , n/a , n/a , n/a , n/a , n/a , n/a , n/a , n/a , n/a , n/a , n/a , n/a , n/a , n/a , n/a , n/a , n/a , n/a , n/a , n/a 
IMD - 2,151 to 200,IMD - 2151 to 200," 4,700 "," 5,500 "," 54,270 ","4,800","5,800","51,010","4,700","5,500","20,670","4,700","5,600","19,710", n/a , n/a , n/a , n/a , n/a , n/a , n/a , n/a , n/a , n/a , n/a , n/a , n/a , n/a , n/a , n/a , n/a , n/a , n/a , n/a , n/a ," 21,000 "," 21,900 "," 44,620 ","21,200","22,200","42,630","21,200","22,000","15,830","22,100","22,700","15,510", n/a , n/a , n/a , n/a , n/a , n/a , n/a , n/a , n/a , n/a , n/a , n/a , n/a , n/a , n/a , n/a , n/a , n/a , n/a , n/a , n/a 
IMD - 2,Over 200,IMD - 2Over 200," 6,100 "," 7,400 "," 26,250 ","6,500","8,800","25,980","6,100","7,200","8,210","6,300","7,500","8,430", n/a , n/a , n/a , n/a , n/a , n/a , n/a , n/a , n/a , n/a , n/a , n/a , n/a , n/a , n/a , n/a , n/a , n/a , n/a , n/a , n/a ," 27,600 "," 27,800 "," 16,200 ","27,800","28,200","15,480","28,000","27,900","4,990","28,500","28,200","5,260", n/a , n/a , n/a , n/a , n/a , n/a , n/a , n/a , n/a , n/a , n/a , n/a , n/a , n/a , n/a , n/a , n/a , n/a , n/a , n/a , n/a 
IMD - 3,50 or less,IMD - 350 or less," 2,400 "," 3,600 "," 84,940 ","2,500","3,600","86,640","2,400","3,400","98,110","2,400","3,600","84,140", n/a , n/a , n/a , n/a , n/a , n/a , n/a , n/a , n/a , n/a , n/a , n/a , n/a , n/a , n/a , n/a , n/a , n/a , n/a , n/a , n/a ," 6,500 "," 7,400 "," 53,770 ","6,500","7,400","57,330","6,700","7,600","50,730","6,900","7,700","43,410", n/a , n/a , n/a , n/a , n/a , n/a , n/a , n/a , n/a , n/a , n/a , n/a , n/a , n/a , n/a , n/a , n/a , n/a , n/a , n/a , n/a 
IMD - 3,51 to 100,IMD - 351 to 100," 3,000 "," 3,800 "," 387,920 ","3,100","3,900","386,870","3,100","3,800","400,490","3,100","3,900","347,050", n/a , n/a , n/a , n/a , n/a , n/a , n/a , n/a , n/a , n/a , n/a , n/a , n/a , n/a , n/a , n/a , n/a , n/a , n/a , n/a , n/a ," 10,900 "," 11,600 "," 355,000 ","11,000","11,600","368,880","11,400","12,000","344,150","11,800","12,400","283,800", n/a , n/a , n/a , n/a , n/a , n/a , n/a , n/a , n/a , n/a , n/a , n/a , n/a , n/a , n/a , n/a , n/a , n/a , n/a , n/a , n/a 
IMD - 3,101 to 150,IMD - 3101 to 150," 3,700 "," 4,400 "," 208,230 ","3,800","4,500","197,680","3,800","4,400","201,230","3,800","4,500","180,530", n/a , n/a , n/a , n/a , n/a , n/a , n/a , n/a , n/a , n/a , n/a , n/a , n/a , n/a , n/a , n/a , n/a , n/a , n/a , n/a , n/a ," 14,800 "," 15,500 "," 187,370 ","14,900","15,700","184,110","15,400","16,200","170,930","16,000","16,800","146,060", n/a , n/a , n/a , n/a , n/a , n/a , n/a , n/a , n/a , n/a , n/a , n/a , n/a , n/a , n/a , n/a , n/a , n/a , n/a , n/a , n/a 
IMD - 3,151 to 200,IMD - 3151 to 200," 4,600 "," 5,500 "," 38,740 ","4,800","6,000","36,430","4,800","5,600","36,890","4,800","5,800","34,780", n/a , n/a , n/a , n/a , n/a , n/a , n/a , n/a , n/a , n/a , n/a , n/a , n/a , n/a , n/a , n/a , n/a , n/a , n/a , n/a , n/a ," 20,400 "," 21,400 "," 28,620 ","20,600","21,600","27,450","21,600","22,500","25,240","22,300","23,200","23,300", n/a , n/a , n/a , n/a , n/a , n/a , n/a , n/a , n/a , n/a , n/a , n/a , n/a , n/a , n/a , n/a , n/a , n/a , n/a , n/a , n/a 
IMD - 3,Over 200,IMD - 3Over 200," 6,100 "," 7,400 "," 18,940 ","6,500","8,800","19,040","6,300","7,500","18,620","6,500","7,800","19,060", n/a , n/a , n/a , n/a , n/a , n/a , n/a , n/a , n/a , n/a , n/a , n/a , n/a , n/a , n/a , n/a , n/a , n/a , n/a , n/a , n/a ," 27,200 "," 27,300 "," 9,910 ","27,500","27,500","9,550","28,200","28,200","8,590","28,900","28,800","8,500", n/a , n/a , n/a , n/a , n/a , n/a , n/a , n/a , n/a , n/a , n/a , n/a , n/a , n/a , n/a , n/a , n/a , n/a , n/a , n/a , n/a 
IMD - 4,50 or less,IMD - 450 or less," 2,300 "," 3,300 "," 120,180 ","2,300","3,400","119,650","2,500","3,600","67,370","2,500","3,700","56,010", n/a , n/a , n/a , n/a , n/a , n/a , n/a , n/a , n/a , n/a , n/a , n/a , n/a , n/a , n/a , n/a , n/a , n/a , n/a , n/a , n/a ," 6,300 "," 7,100 "," 82,130 ","6,300","7,100","80,970","6,900","8,000","34,390","7,000","7,800","28,510", n/a , n/a , n/a , n/a , n/a , n/a , n/a , n/a , n/a , n/a , n/a , n/a , n/a , n/a , n/a , n/a , n/a , n/a , n/a , n/a , n/a 
IMD - 4,51 to 100,IMD - 451 to 100," 3,000 "," 3,600 "," 425,590 ","3,000","3,700","416,030","3,100","3,800","368,590","3,100","3,900","313,430", n/a , n/a , n/a , n/a , n/a , n/a , n/a , n/a , n/a , n/a , n/a , n/a , n/a , n/a , n/a , n/a , n/a , n/a , n/a , n/a , n/a ," 10,600 "," 11,200 "," 410,110 ","10,600","11,200","392,300","11,700","12,400","315,280","12,100","12,700","256,300", n/a , n/a , n/a , n/a , n/a , n/a , n/a , n/a , n/a , n/a , n/a , n/a , n/a , n/a , n/a , n/a , n/a , n/a , n/a , n/a , n/a 
IMD - 4,101 to 150,IMD - 4101 to 150," 3,600 "," 4,200 "," 175,540 ","3,700","4,300","162,500","3,900","4,500","235,880","3,900","4,600","205,540", n/a , n/a , n/a , n/a , n/a , n/a , n/a , n/a , n/a , n/a , n/a , n/a , n/a , n/a , n/a , n/a , n/a , n/a , n/a , n/a , n/a ," 14,100 "," 14,900 "," 169,950 ","14,100","14,900","152,120","16,000","16,800","200,780","16,600","17,400","166,920", n/a , n/a , n/a , n/a , n/a , n/a , n/a , n/a , n/a , n/a , n/a , n/a , n/a , n/a , n/a , n/a , n/a , n/a , n/a , n/a , n/a 
IMD - 4,151 to 200,IMD - 4151 to 200," 4,500 "," 5,400 "," 22,000 ","4,700","5,800","20,360","4,800","5,700","54,690","4,900","5,800","49,400", n/a , n/a , n/a , n/a , n/a , n/a , n/a , n/a , n/a , n/a , n/a , n/a , n/a , n/a , n/a , n/a , n/a , n/a , n/a , n/a , n/a ," 20,100 "," 21,000 "," 19,050 ","20,300","21,100","16,770","22,000","22,900","38,860","22,500","23,500","33,970", n/a , n/a , n/a , n/a , n/a , n/a , n/a , n/a , n/a , n/a , n/a , n/a , n/a , n/a , n/a , n/a , n/a , n/a , n/a , n/a , n/a 
IMD - 4,Over 200,IMD - 4Over 200," 5,800 "," 7,000 "," 8,400 ","6,200","8,200","8,300","6,500","7,800","28,840","6,700","8,000","27,210", n/a , n/a , n/a , n/a , n/a , n/a , n/a , n/a , n/a , n/a , n/a , n/a , n/a , n/a , n/a , n/a , n/a , n/a , n/a , n/a , n/a ," 26,600 "," 26,600 "," 5,930 ","26,300","26,500","5,180","28,800","28,900","13,690","28,900","29,100","12,640", n/a , n/a , n/a , n/a , n/a , n/a , n/a , n/a , n/a , n/a , n/a , n/a , n/a , n/a , n/a , n/a , n/a , n/a , n/a , n/a , n/a 
IMD - 5,50 or less,IMD - 550 or less," 2,100 "," 2,900 "," 146,670 ","2,100","3,000","142,850","2,600","3,600","43,570","2,600","3,900","36,570", n/a , n/a , n/a , n/a , n/a , n/a , n/a , n/a , n/a , n/a , n/a , n/a , n/a , n/a , n/a , n/a , n/a , n/a , n/a , n/a , n/a ," 5,800 "," 6,500 "," 107,450 ","5,800","6,500","98,680","7,000","7,800","20,090","7,100","7,900","18,090", n/a , n/a , n/a , n/a , n/a , n/a , n/a , n/a , n/a , n/a , n/a , n/a , n/a , n/a , n/a , n/a , n/a , n/a , n/a , n/a , n/a 
IMD - 5,51 to 100,IMD - 551 to 100," 3,000 "," 3,500 "," 466,450 ","3,000","3,600","448,580","3,100","3,700","311,010","3,100","3,800","262,270", n/a , n/a , n/a , n/a , n/a , n/a , n/a , n/a , n/a , n/a , n/a , n/a , n/a , n/a , n/a , n/a , n/a , n/a , n/a , n/a , n/a ," 9,900 "," 10,400 "," 469,320 ","9,900","10,400","420,940","12,000","12,700","255,760","12,300","13,000","223,840", n/a , n/a , n/a , n/a , n/a , n/a , n/a , n/a , n/a , n/a , n/a , n/a , n/a , n/a , n/a , n/a , n/a , n/a , n/a , n/a , n/a 
IMD - 5,101 to 150,IMD - 5101 to 150," 3,600 "," 4,100 "," 135,510 ","3,600","4,200","123,060","3,900","4,500","288,420","3,900","4,500","248,650", n/a , n/a , n/a , n/a , n/a , n/a , n/a , n/a , n/a , n/a , n/a , n/a , n/a , n/a , n/a , n/a , n/a , n/a , n/a , n/a , n/a ," 12,800 "," 13,700 "," 138,740 ","12,800","13,700","116,930","16,700","17,600","245,710","17,300","18,100","218,910", n/a , n/a , n/a , n/a , n/a , n/a , n/a , n/a , n/a , n/a , n/a , n/a , n/a , n/a , n/a , n/a , n/a , n/a , n/a , n/a , n/a 
IMD - 5,151 to 200,IMD - 5151 to 200," 4,500 "," 5,200 "," 10,200 ","4,600","5,500","9,350","4,800","5,500","78,380","4,800","5,600","69,850", n/a , n/a , n/a , n/a , n/a , n/a , n/a , n/a , n/a , n/a , n/a , n/a , n/a , n/a , n/a , n/a , n/a , n/a , n/a , n/a , n/a ," 19,200 "," 20,000 "," 10,240 ","19,400","20,200","8,560","22,400","23,400","62,530","23,000","24,000","58,210", n/a , n/a , n/a , n/a , n/a , n/a , n/a , n/a , n/a , n/a , n/a , n/a , n/a , n/a , n/a , n/a , n/a , n/a , n/a , n/a , n/a 
IMD - 5,Over 200,IMD - 5Over 200," 5,500 "," 6,500 "," 2,960 ","5,900","7,800","2,880","6,400","7,600","35,230","6,500","7,800","33,400", n/a , n/a , n/a , n/a , n/a , n/a , n/a , n/a , n/a , n/a , n/a , n/a , n/a , n/a , n/a , n/a , n/a , n/a , n/a , n/a , n/a ," 24,400 "," 24,600 "," 2,690 ","24,000","24,300","2,270","29,200","29,600","21,260","29,800","30,000","21,540", n/a , n/a , n/a , n/a , n/a , n/a , n/a , n/a , n/a , n/a , n/a , n/a , n/a , n/a , n/a , n/a , n/a , n/a , n/a , n/a , n/a 
IMD - 1,Owner-occupied,IMD - 1Owner-occupied," 3,600 "," 4,300 "," 639,110 ","3,700","4,500","631,840","3,200","3,700","268,820","3,200","3,800","241,180", n/a , n/a , n/a , n/a , n/a , n/a , n/a , n/a , n/a , n/a , n/a , n/a , n/a , n/a , n/a , n/a , n/a , n/a , n/a , n/a , n/a ," 15,000 "," 16,300 "," 618,230 ","15,100","16,400","572,230","12,000","12,800","230,310","12,300","13,200","206,180", n/a , n/a , n/a , n/a , n/a , n/a , n/a , n/a , n/a , n/a , n/a , n/a , n/a , n/a , n/a , n/a , n/a , n/a , n/a , n/a , n/a 
IMD - 1,Privately rented,IMD - 1Privately rented," 3,200 "," 4,000 "," 67,550 ","3,200","4,100","65,440","2,900","3,600","138,810","2,900","3,600","126,860", n/a , n/a , n/a , n/a , n/a , n/a , n/a , n/a , n/a , n/a , n/a , n/a , n/a , n/a , n/a , n/a , n/a , n/a , n/a , n/a , n/a ," 11,500 "," 13,000 "," 57,560 ","11,400","12,900","51,630","10,000","11,200","99,940","9,800","10,800","93,220", n/a , n/a , n/a , n/a , n/a , n/a , n/a , n/a , n/a , n/a , n/a , n/a , n/a , n/a , n/a , n/a , n/a , n/a , n/a , n/a , n/a 
IMD - 1,Council/Housing Association,IMD - 1Council/Housing Association," 3,000 "," 3,900 "," 30,090 ","3,000","3,900","27,970","2,800","3,300","332,340","2,800","3,400","285,880", n/a , n/a , n/a , n/a , n/a , n/a , n/a , n/a , n/a , n/a , n/a , n/a , n/a , n/a , n/a , n/a , n/a , n/a , n/a , n/a , n/a ," 9,700 "," 10,600 "," 25,300 ","9,600","10,400","21,150","9,100","9,600","269,610","10,000","10,500","239,620", n/a , n/a , n/a , n/a , n/a , n/a , n/a , n/a , n/a , n/a , n/a , n/a , n/a , n/a , n/a , n/a , n/a , n/a , n/a , n/a , n/a 
IMD - 2,Owner-occupied,IMD - 2Owner-occupied," 3,500 "," 4,300 "," 579,570 ","3,600","4,400","577,500","3,300","3,900","419,700","3,300","4,000","372,820", n/a , n/a , n/a , n/a , n/a , n/a , n/a , n/a , n/a , n/a , n/a , n/a , n/a , n/a , n/a , n/a , n/a , n/a , n/a , n/a , n/a ," 13,700 "," 14,900 "," 524,290 ","13,800","14,900","526,770","12,700","13,600","348,420","13,300","14,200","311,030", n/a , n/a , n/a , n/a , n/a , n/a , n/a , n/a , n/a , n/a , n/a , n/a , n/a , n/a , n/a , n/a , n/a , n/a , n/a , n/a , n/a 
IMD - 2,Privately rented,IMD - 2Privately rented," 3,100 "," 4,000 "," 92,150 ","3,100","4,200","89,780","3,000","3,800","134,710","3,000","3,800","115,910", n/a , n/a , n/a , n/a , n/a , n/a , n/a , n/a , n/a , n/a , n/a , n/a , n/a , n/a , n/a , n/a , n/a , n/a , n/a , n/a , n/a ," 10,800 "," 12,200 "," 72,960 ","10,700","12,000","69,800","10,600","11,800","94,720","10,400","11,600","82,320", n/a , n/a , n/a , n/a , n/a , n/a , n/a , n/a , n/a , n/a , n/a , n/a , n/a , n/a , n/a , n/a , n/a , n/a , n/a , n/a , n/a 
IMD - 2,Council/Housing Association,IMD - 2Council/Housing Association," 3,000 "," 3,900 "," 62,240 ","3,000","3,900","57,420","2,800","3,400","183,100","2,800","3,500","160,720", n/a , n/a , n/a , n/a , n/a , n/a , n/a , n/a , n/a , n/a , n/a , n/a , n/a , n/a , n/a , n/a , n/a , n/a , n/a , n/a , n/a ," 9,200 "," 10,000 "," 50,640 ","9,200","9,800","45,750","9,300","9,800","148,680","10,200","10,800","132,360", n/a , n/a , n/a , n/a , n/a , n/a , n/a , n/a , n/a , n/a , n/a , n/a , n/a , n/a , n/a , n/a , n/a , n/a , n/a , n/a , n/a 
IMD - 3,Owner-occupied,IMD - 3Owner-occupied," 3,400 "," 4,200 "," 518,690 ","3,500","4,300","512,470","3,500","4,200","525,080","3,500","4,300","474,570", n/a , n/a , n/a , n/a , n/a , n/a , n/a , n/a , n/a , n/a , n/a , n/a , n/a , n/a , n/a , n/a , n/a , n/a , n/a , n/a , n/a ," 13,000 "," 14,000 "," 453,120 ","13,000","14,000","464,990","13,400","14,400","434,090","13,900","15,000","372,000", n/a , n/a , n/a , n/a , n/a , n/a , n/a , n/a , n/a , n/a , n/a , n/a , n/a , n/a , n/a , n/a , n/a , n/a , n/a , n/a , n/a 
IMD - 3,Privately rented,IMD - 3Privately rented," 3,100 "," 4,000 "," 110,880 ","3,100","4,200","109,530","3,100","4,000","115,320","3,100","4,100","98,810", n/a , n/a , n/a , n/a , n/a , n/a , n/a , n/a , n/a , n/a , n/a , n/a , n/a , n/a , n/a , n/a , n/a , n/a , n/a , n/a , n/a ," 10,600 "," 11,800 "," 85,570 ","10,500","11,700","86,800","10,700","12,000","78,700","10,600","11,800","64,040", n/a , n/a , n/a , n/a , n/a , n/a , n/a , n/a , n/a , n/a , n/a , n/a , n/a , n/a , n/a , n/a , n/a , n/a , n/a , n/a , n/a 
IMD - 3,Council/Housing Association,IMD - 3Council/Housing Association," 3,000 "," 3,800 "," 108,380 ","3,000","3,800","102,390","3,000","3,700","103,140","2,900","3,700","82,630", n/a , n/a , n/a , n/a , n/a , n/a , n/a , n/a , n/a , n/a , n/a , n/a , n/a , n/a , n/a , n/a , n/a , n/a , n/a , n/a , n/a ," 9,200 "," 9,800 "," 90,410 ","9,100","9,700","88,430","9,400","9,900","81,160","10,300","10,900","63,300", n/a , n/a , n/a , n/a , n/a , n/a , n/a , n/a , n/a , n/a , n/a , n/a , n/a , n/a , n/a , n/a , n/a , n/a , n/a , n/a , n/a 
IMD - 4,Owner-occupied,IMD - 4Owner-occupied," 3,200 "," 3,900 "," 431,710 ","3,300","4,000","416,480","3,600","4,400","595,920","3,600","4,500","526,750", n/a , n/a , n/a , n/a , n/a , n/a , n/a , n/a , n/a , n/a , n/a , n/a , n/a , n/a , n/a , n/a , n/a , n/a , n/a , n/a , n/a ," 12,300 "," 13,200 "," 403,040 ","12,300","13,100","374,920","14,200","15,400","493,350","14,700","15,800","414,510", n/a , n/a , n/a , n/a , n/a , n/a , n/a , n/a , n/a , n/a , n/a , n/a , n/a , n/a , n/a , n/a , n/a , n/a , n/a , n/a , n/a 
IMD - 4,Privately rented,IMD - 4Privately rented," 3,000 "," 3,900 "," 132,800 ","3,100","4,000","130,980","3,100","4,100","90,320","3,100","4,200","75,770", n/a , n/a , n/a , n/a , n/a , n/a , n/a , n/a , n/a , n/a , n/a , n/a , n/a , n/a , n/a , n/a , n/a , n/a , n/a , n/a , n/a ," 10,400 "," 11,500 "," 108,050 ","10,300","11,400","103,860","11,000","12,400","61,990","10,900","12,300","49,650", n/a , n/a , n/a , n/a , n/a , n/a , n/a , n/a , n/a , n/a , n/a , n/a , n/a , n/a , n/a , n/a , n/a , n/a , n/a , n/a , n/a 
IMD - 4,Council/Housing Association,IMD - 4Council/Housing Association," 2,900 "," 3,500 "," 186,320 ","2,900","3,500","177,010","3,000","3,900","60,220","3,000","3,900","42,740", n/a , n/a , n/a , n/a , n/a , n/a , n/a , n/a , n/a , n/a , n/a , n/a , n/a , n/a , n/a , n/a , n/a , n/a , n/a , n/a , n/a ," 9,000 "," 9,600 "," 168,140 ","9,000","9,500","159,610","9,400","10,100","43,610","10,200","10,900","30,730", n/a , n/a , n/a , n/a , n/a , n/a , n/a , n/a , n/a , n/a , n/a , n/a , n/a , n/a , n/a , n/a , n/a , n/a , n/a , n/a , n/a 
IMD - 5,Owner-occupied,IMD - 5Owner-occupied," 3,100 "," 3,700 "," 286,860 ","3,200","3,800","268,830","3,800","4,400","650,500","3,800","4,500","570,870", n/a , n/a , n/a , n/a , n/a , n/a , n/a , n/a , n/a , n/a , n/a , n/a , n/a , n/a , n/a , n/a , n/a , n/a , n/a , n/a , n/a ," 11,400 "," 12,200 "," 284,770 ","11,400","12,200","245,980","15,500","16,700","533,990","16,000","17,200","483,370", n/a , n/a , n/a , n/a , n/a , n/a , n/a , n/a , n/a , n/a , n/a , n/a , n/a , n/a , n/a , n/a , n/a , n/a , n/a , n/a , n/a 
IMD - 5,Privately rented,IMD - 5Privately rented," 2,900 "," 3,600 "," 131,220 ","2,900","3,700","128,100","3,200","4,000","70,060","3,100","4,100","56,290", n/a , n/a , n/a , n/a , n/a , n/a , n/a , n/a , n/a , n/a , n/a , n/a , n/a , n/a , n/a , n/a , n/a , n/a , n/a , n/a , n/a ," 9,600 "," 10,700 "," 116,900 ","9,500","10,600","106,220","11,600","13,100","48,240","11,500","13,100","40,460", n/a , n/a , n/a , n/a , n/a , n/a , n/a , n/a , n/a , n/a , n/a , n/a , n/a , n/a , n/a , n/a , n/a , n/a , n/a , n/a , n/a 
IMD - 5,Council/Housing Association,IMD - 5Council/Housing Association," 2,800 "," 3,400 "," 342,830 ","2,800","3,400","327,680","3,100","3,900","31,830","3,000","3,900","20,120", n/a , n/a , n/a , n/a , n/a , n/a , n/a , n/a , n/a , n/a , n/a , n/a , n/a , n/a , n/a , n/a , n/a , n/a , n/a , n/a , n/a ," 8,800 "," 9,300 "," 320,010 ","8,700","9,200","288,110","9,800","10,700","21,310","10,500","11,500","14,820", n/a , n/a , n/a , n/a , n/a , n/a , n/a , n/a , n/a , n/a , n/a , n/a , n/a , n/a , n/a , n/a , n/a , n/a , n/a , n/a , n/a 
IMD - 1,"Less than £15,000","IMD - 1Less than £15,000"," 2,500 "," 3,300 "," 55,380 ","2,500","3,400","66,640","2,600","3,200","246,340","2,700","3,300","245,630", n/a , n/a , n/a , n/a , n/a , n/a , n/a , n/a , n/a , n/a , n/a , n/a , n/a , n/a , n/a , n/a , n/a , n/a , n/a , n/a , n/a ," 12,200 "," 13,400 "," 52,000 ","12,300","13,400","56,730","9,400","10,000","198,950","9,800","10,400","200,220", n/a , n/a , n/a , n/a , n/a , n/a , n/a , n/a , n/a , n/a , n/a , n/a , n/a , n/a , n/a , n/a , n/a , n/a , n/a , n/a , n/a 
IMD - 1,"£15,000 - £19,999","IMD - 1£15,000 - £19,999"," 2,600 "," 3,400 "," 44,390 ","2,800","3,600","37,700","2,700","3,300","94,570","2,700","3,400","77,600", n/a , n/a , n/a , n/a , n/a , n/a , n/a , n/a , n/a , n/a , n/a , n/a , n/a , n/a , n/a , n/a , n/a , n/a , n/a , n/a , n/a ," 12,300 "," 13,300 "," 40,360 ","12,900","13,900","32,130","9,600","10,300","76,670","10,300","10,900","63,370", n/a , n/a , n/a , n/a , n/a , n/a , n/a , n/a , n/a , n/a , n/a , n/a , n/a , n/a , n/a , n/a , n/a , n/a , n/a , n/a , n/a 
IMD - 1,"£20,000 - £29,999","IMD - 1£20,000 - £29,999"," 3,000 "," 3,700 "," 96,800 ","3,100","3,800","100,810","3,000","3,500","198,480","3,000","3,600","152,710", n/a , n/a , n/a , n/a , n/a , n/a , n/a , n/a , n/a , n/a , n/a , n/a , n/a , n/a , n/a , n/a , n/a , n/a , n/a , n/a , n/a ," 12,700 "," 13,800 "," 90,970 ","12,900","13,900","87,750","10,400","11,100","164,200","11,000","11,700","127,890", n/a , n/a , n/a , n/a , n/a , n/a , n/a , n/a , n/a , n/a , n/a , n/a , n/a , n/a , n/a , n/a , n/a , n/a , n/a , n/a , n/a 
IMD - 1,"£30,000 - £39,999","IMD - 1£30,000 - £39,999"," 3,200 "," 3,800 "," 112,620 ","3,200","3,900","110,050","3,300","3,800","102,780","3,300","3,900","82,070", n/a , n/a , n/a , n/a , n/a , n/a , n/a , n/a , n/a , n/a , n/a , n/a , n/a , n/a , n/a , n/a , n/a , n/a , n/a , n/a , n/a ," 12,800 "," 13,900 "," 107,370 ","13,000","14,100","97,570","11,500","12,300","83,740","12,000","12,900","69,300", n/a , n/a , n/a , n/a , n/a , n/a , n/a , n/a , n/a , n/a , n/a , n/a , n/a , n/a , n/a , n/a , n/a , n/a , n/a , n/a , n/a 
IMD - 1,"£40,000 - £49,999","IMD - 1£40,000 - £49,999"," 3,600 "," 4,200 "," 112,000 ","3,700","4,300","109,140","3,500","4,000","54,110","3,400","4,000","49,820", n/a , n/a , n/a , n/a , n/a , n/a , n/a , n/a , n/a , n/a , n/a , n/a , n/a , n/a , n/a , n/a , n/a , n/a , n/a , n/a , n/a ," 13,800 "," 14,900 "," 108,160 ","14,200","15,200","98,380","12,200","13,100","43,730","12,400","13,300","41,690", n/a , n/a , n/a , n/a , n/a , n/a , n/a , n/a , n/a , n/a , n/a , n/a , n/a , n/a , n/a , n/a , n/a , n/a , n/a , n/a , n/a 
IMD - 1,"£50,000 - £59,999","IMD - 1£50,000 - £59,999"," 3,800 "," 4,400 "," 82,220 ","3,900","4,600","79,280","3,500","4,100","21,310","3,500","4,200","20,900", n/a , n/a , n/a , n/a , n/a , n/a , n/a , n/a , n/a , n/a , n/a , n/a , n/a , n/a , n/a , n/a , n/a , n/a , n/a , n/a , n/a ," 14,900 "," 16,100 "," 79,710 ","15,000","16,100","72,060","12,300","13,500","16,470","12,800","13,800","17,190", n/a , n/a , n/a , n/a , n/a , n/a , n/a , n/a , n/a , n/a , n/a , n/a , n/a , n/a , n/a , n/a , n/a , n/a , n/a , n/a , n/a 
IMD - 1,"£60,000 - £69,999","IMD - 1£60,000 - £69,999"," 4,000 "," 4,600 "," 59,950 ","4,000","4,700","57,550","3,500","4,100","10,290","3,600","4,400","9,850", n/a , n/a , n/a , n/a , n/a , n/a , n/a , n/a , n/a , n/a , n/a , n/a , n/a , n/a , n/a , n/a , n/a , n/a , n/a , n/a , n/a ," 15,700 "," 16,800 "," 58,050 ","15,600","16,700","52,290","12,200","13,400","7,580","12,800","14,000","7,840", n/a , n/a , n/a , n/a , n/a , n/a , n/a , n/a , n/a , n/a , n/a , n/a , n/a , n/a , n/a , n/a , n/a , n/a , n/a , n/a , n/a 
IMD - 1,"£70,000 - £99,999","IMD - 1£70,000 - £99,999"," 4,300 "," 5,000 "," 100,180 ","4,400","5,100","96,130","3,500","4,300","9,160","3,500","4,400","11,380", n/a , n/a , n/a , n/a , n/a , n/a , n/a , n/a , n/a , n/a , n/a , n/a , n/a , n/a , n/a , n/a , n/a , n/a , n/a , n/a , n/a ," 17,000 "," 18,300 "," 96,710 ","17,000","18,200","88,200","13,000","14,300","6,440","12,800","14,100","8,700", n/a , n/a , n/a , n/a , n/a , n/a , n/a , n/a , n/a , n/a , n/a , n/a , n/a , n/a , n/a , n/a , n/a , n/a , n/a , n/a , n/a 
IMD - 1,"£100,000 - £149,999","IMD - 1£100,000 - £149,999"," 4,900 "," 5,700 "," 54,140 ","5,100","6,100","50,750","3,900","4,700","2,260","3,800","4,800","3,210", n/a , n/a , n/a , n/a , n/a , n/a , n/a , n/a , n/a , n/a , n/a , n/a , n/a , n/a , n/a , n/a , n/a , n/a , n/a , n/a , n/a ," 19,500 "," 20,900 "," 51,070 ","19,700","21,100","45,630","15,200","17,100","1,560","13,600","15,700","2,280", n/a , n/a , n/a , n/a , n/a , n/a , n/a , n/a , n/a , n/a , n/a , n/a , n/a , n/a , n/a , n/a , n/a , n/a , n/a , n/a , n/a 
IMD - 1,"£150,000 and over","IMD - 1£150,000 and over"," 5,700 "," 6,800 "," 19,070 ","6,000","7,600","17,220","5,100","5,900",670,"4,100","5,200",760, n/a , n/a , n/a , n/a , n/a , n/a , n/a , n/a , n/a , n/a , n/a , n/a , n/a , n/a , n/a , n/a , n/a , n/a , n/a , n/a , n/a ," 23,100 "," 24,400 "," 16,700 ","23,500","24,600","14,270","19,100","20,200",530,"16,500","18,200",550, n/a , n/a , n/a , n/a , n/a , n/a , n/a , n/a , n/a , n/a , n/a , n/a , n/a , n/a , n/a , n/a , n/a , n/a , n/a , n/a , n/a 
IMD - 2,"Less than £15,000","IMD - 2Less than £15,000"," 2,500 "," 3,400 "," 79,020 ","2,600","3,500","91,300","2,600","3,300","156,760","2,600","3,300","148,110", n/a , n/a , n/a , n/a , n/a , n/a , n/a , n/a , n/a , n/a , n/a , n/a , n/a , n/a , n/a , n/a , n/a , n/a , n/a , n/a , n/a ," 11,200 "," 12,200 "," 69,280 ","11,300","12,300","78,620","10,100","10,800","126,050","10,500","11,200","117,960", n/a , n/a , n/a , n/a , n/a , n/a , n/a , n/a , n/a , n/a , n/a , n/a , n/a , n/a , n/a , n/a , n/a , n/a , n/a , n/a , n/a 
IMD - 2,"£15,000 - £19,999","IMD - 2£15,000 - £19,999"," 2,700 "," 3,600 "," 51,450 ","2,900","3,800","44,650","2,800","3,400","68,900","2,800","3,500","57,000", n/a , n/a , n/a , n/a , n/a , n/a , n/a , n/a , n/a , n/a , n/a , n/a , n/a , n/a , n/a , n/a , n/a , n/a , n/a , n/a , n/a ," 11,500 "," 12,400 "," 43,560 ","11,800","12,800","38,040","10,400","11,200","54,720","11,200","12,000","45,470", n/a , n/a , n/a , n/a , n/a , n/a , n/a , n/a , n/a , n/a , n/a , n/a , n/a , n/a , n/a , n/a , n/a , n/a , n/a , n/a , n/a 
IMD - 2,"£20,000 - £29,999","IMD - 2£20,000 - £29,999"," 3,000 "," 3,800 "," 127,700 ","3,000","3,800","130,190","2,900","3,600","183,580","3,000","3,700","145,270", n/a , n/a , n/a , n/a , n/a , n/a , n/a , n/a , n/a , n/a , n/a , n/a , n/a , n/a , n/a , n/a , n/a , n/a , n/a , n/a , n/a ," 11,700 "," 12,600 "," 111,340 ","11,700","12,700","114,550","10,800","11,500","148,640","11,300","12,100","117,340", n/a , n/a , n/a , n/a , n/a , n/a , n/a , n/a , n/a , n/a , n/a , n/a , n/a , n/a , n/a , n/a , n/a , n/a , n/a , n/a , n/a 
IMD - 2,"£30,000 - £39,999","IMD - 2£30,000 - £39,999"," 3,200 "," 4,000 "," 133,720 ","3,300","4,100","129,510","3,400","4,000","136,690","3,400","4,000","115,470", n/a , n/a , n/a , n/a , n/a , n/a , n/a , n/a , n/a , n/a , n/a , n/a , n/a , n/a , n/a , n/a , n/a , n/a , n/a , n/a , n/a ," 12,100 "," 13,000 "," 120,620 ","12,300","13,200","117,090","12,000","12,800","111,300","12,600","13,400","95,380", n/a , n/a , n/a , n/a , n/a , n/a , n/a , n/a , n/a , n/a , n/a , n/a , n/a , n/a , n/a , n/a , n/a , n/a , n/a , n/a , n/a 
IMD - 2,"£40,000 - £49,999","IMD - 2£40,000 - £49,999"," 3,700 "," 4,300 "," 115,810 ","3,700","4,500","112,460","3,600","4,200","89,120","3,600","4,200","79,840", n/a , n/a , n/a , n/a , n/a , n/a , n/a , n/a , n/a , n/a , n/a , n/a , n/a , n/a , n/a , n/a , n/a , n/a , n/a , n/a , n/a ," 13,200 "," 14,100 "," 105,950 ","13,500","14,400","103,420","12,900","13,800","72,300","13,300","14,200","66,370", n/a , n/a , n/a , n/a , n/a , n/a , n/a , n/a , n/a , n/a , n/a , n/a , n/a , n/a , n/a , n/a , n/a , n/a , n/a , n/a , n/a 
IMD - 2,"£50,000 - £59,999","IMD - 2£50,000 - £59,999"," 3,800 "," 4,500 "," 71,760 ","3,900","4,700","70,080","3,700","4,300","43,530","3,700","4,400","41,410", n/a , n/a , n/a , n/a , n/a , n/a , n/a , n/a , n/a , n/a , n/a , n/a , n/a , n/a , n/a , n/a , n/a , n/a , n/a , n/a , n/a ," 14,100 "," 15,200 "," 64,700 ","14,100","15,200","63,340","13,200","14,300","34,340","13,800","14,800","34,050", n/a , n/a , n/a , n/a , n/a , n/a , n/a , n/a , n/a , n/a , n/a , n/a , n/a , n/a , n/a , n/a , n/a , n/a , n/a , n/a , n/a 
IMD - 2,"£60,000 - £69,999","IMD - 2£60,000 - £69,999"," 4,000 "," 4,700 "," 45,660 ","4,000","4,900","44,570","3,700","4,400","22,330","3,800","4,500","21,920", n/a , n/a , n/a , n/a , n/a , n/a , n/a , n/a , n/a , n/a , n/a , n/a , n/a , n/a , n/a , n/a , n/a , n/a , n/a , n/a , n/a ," 14,800 "," 16,000 "," 40,540 ","14,800","15,900","40,050","13,600","14,900","17,190","14,100","15,300","17,740", n/a , n/a , n/a , n/a , n/a , n/a , n/a , n/a , n/a , n/a , n/a , n/a , n/a , n/a , n/a , n/a , n/a , n/a , n/a , n/a , n/a 
IMD - 2,"£70,000 - £99,999","IMD - 2£70,000 - £99,999"," 4,300 "," 5,000 "," 65,950 ","4,300","5,300","62,560","3,900","4,600","24,550","3,900","4,600","27,390", n/a , n/a , n/a , n/a , n/a , n/a , n/a , n/a , n/a , n/a , n/a , n/a , n/a , n/a , n/a , n/a , n/a , n/a , n/a , n/a , n/a ," 16,100 "," 17,400 "," 57,030 ","16,100","17,300","55,340","14,800","16,100","18,360","14,500","15,800","21,580", n/a , n/a , n/a , n/a , n/a , n/a , n/a , n/a , n/a , n/a , n/a , n/a , n/a , n/a , n/a , n/a , n/a , n/a , n/a , n/a , n/a 
IMD - 2,"£100,000 - £149,999","IMD - 2£100,000 - £149,999"," 4,800 "," 5,800 "," 31,220 ","5,000","6,300","28,950","4,300","5,100","8,640","4,200","5,200","9,640", n/a , n/a , n/a , n/a , n/a , n/a , n/a , n/a , n/a , n/a , n/a , n/a , n/a , n/a , n/a , n/a , n/a , n/a , n/a , n/a , n/a ," 18,500 "," 19,900 "," 25,630 ","18,700","20,200","23,780","16,900","18,500","6,300","16,600","18,100","7,270", n/a , n/a , n/a , n/a , n/a , n/a , n/a , n/a , n/a , n/a , n/a , n/a , n/a , n/a , n/a , n/a , n/a , n/a , n/a , n/a , n/a 
IMD - 2,"£150,000 and over","IMD - 2£150,000 and over"," 5,400 "," 6,700 "," 11,700 ","5,800","7,600","10,430","5,100","6,100","3,420","4,600","5,800","3,400", n/a , n/a , n/a , n/a , n/a , n/a , n/a , n/a , n/a , n/a , n/a , n/a , n/a , n/a , n/a , n/a , n/a , n/a , n/a , n/a , n/a ," 20,300 "," 21,900 "," 9,230 ","20,800","22,200","8,080","19,900","21,400","2,610","18,100","19,900","2,550", n/a , n/a , n/a , n/a , n/a , n/a , n/a , n/a , n/a , n/a , n/a , n/a , n/a , n/a , n/a , n/a , n/a , n/a , n/a , n/a , n/a 
IMD - 3,"Less than £15,000","IMD - 3Less than £15,000"," 2,500 "," 3,400 "," 99,450 ","2,600","3,500","116,580","2,600","3,400","120,750","2,600","3,500","110,090", n/a , n/a , n/a , n/a , n/a , n/a , n/a , n/a , n/a , n/a , n/a , n/a , n/a , n/a , n/a , n/a , n/a , n/a , n/a , n/a , n/a ," 10,500 "," 11,400 "," 84,170 ","10,500","11,300","101,580","10,800","11,700","95,790","11,200","12,100","81,790", n/a , n/a , n/a , n/a , n/a , n/a , n/a , n/a , n/a , n/a , n/a , n/a , n/a , n/a , n/a , n/a , n/a , n/a , n/a , n/a , n/a 
IMD - 3,"£15,000 - £19,999","IMD - 3£15,000 - £19,999"," 2,700 "," 3,600 "," 58,320 ","2,900","3,800","53,850","2,900","3,700","55,880","2,900","3,900","47,660", n/a , n/a , n/a , n/a , n/a , n/a , n/a , n/a , n/a , n/a , n/a , n/a , n/a , n/a , n/a , n/a , n/a , n/a , n/a , n/a , n/a ," 10,700 "," 11,600 "," 47,320 ","10,900","11,700","45,980","11,200","12,100","43,180","12,100","13,000","34,870", n/a , n/a , n/a , n/a , n/a , n/a , n/a , n/a , n/a , n/a , n/a , n/a , n/a , n/a , n/a , n/a , n/a , n/a , n/a , n/a , n/a 
IMD - 3,"£20,000 - £29,999","IMD - 3£20,000 - £29,999"," 3,000 "," 3,800 "," 153,060 ","3,000","3,900","154,430","3,000","3,800","160,820","3,100","3,900","130,440", n/a , n/a , n/a , n/a , n/a , n/a , n/a , n/a , n/a , n/a , n/a , n/a , n/a , n/a , n/a , n/a , n/a , n/a , n/a , n/a , n/a ," 10,900 "," 11,800 "," 129,640 ","11,000","11,800","136,750","11,300","12,200","128,850","11,900","12,900","99,000", n/a , n/a , n/a , n/a , n/a , n/a , n/a , n/a , n/a , n/a , n/a , n/a , n/a , n/a , n/a , n/a , n/a , n/a , n/a , n/a , n/a 
IMD - 3,"£30,000 - £39,999","IMD - 3£30,000 - £39,999"," 3,300 "," 4,000 "," 145,320 ","3,400","4,200","137,510","3,400","4,100","141,740","3,400","4,200","121,800", n/a , n/a , n/a , n/a , n/a , n/a , n/a , n/a , n/a , n/a , n/a , n/a , n/a , n/a , n/a , n/a , n/a , n/a , n/a , n/a , n/a ," 11,700 "," 12,500 "," 126,830 ","12,000","12,800","124,850","12,400","13,200","116,060","12,900","13,800","94,480", n/a , n/a , n/a , n/a , n/a , n/a , n/a , n/a , n/a , n/a , n/a , n/a , n/a , n/a , n/a , n/a , n/a , n/a , n/a , n/a , n/a 
IMD - 3,"£40,000 - £49,999","IMD - 3£40,000 - £49,999"," 3,700 "," 4,300 "," 109,530 ","3,700","4,500","103,100","3,800","4,400","105,510","3,800","4,500","93,220", n/a , n/a , n/a , n/a , n/a , n/a , n/a , n/a , n/a , n/a , n/a , n/a , n/a , n/a , n/a , n/a , n/a , n/a , n/a , n/a , n/a ," 12,800 "," 13,600 "," 97,090 ","13,000","13,900","94,010","13,500","14,300","86,790","13,900","14,800","73,690", n/a , n/a , n/a , n/a , n/a , n/a , n/a , n/a , n/a , n/a , n/a , n/a , n/a , n/a , n/a , n/a , n/a , n/a , n/a , n/a , n/a 
IMD - 3,"£50,000 - £59,999","IMD - 3£50,000 - £59,999"," 3,800 "," 4,500 "," 62,020 ","3,900","4,700","58,940","3,800","4,500","59,690","3,900","4,600","54,240", n/a , n/a , n/a , n/a , n/a , n/a , n/a , n/a , n/a , n/a , n/a , n/a , n/a , n/a , n/a , n/a , n/a , n/a , n/a , n/a , n/a ," 13,400 "," 14,500 "," 53,500 ","13,400","14,500","52,480","13,900","15,000","47,690","14,300","15,300","42,080", n/a , n/a , n/a , n/a , n/a , n/a , n/a , n/a , n/a , n/a , n/a , n/a , n/a , n/a , n/a , n/a , n/a , n/a , n/a , n/a , n/a 
IMD - 3,"£60,000 - £69,999","IMD - 3£60,000 - £69,999"," 3,900 "," 4,700 "," 36,810 ","4,000","4,900","34,080","4,000","4,600","33,730","4,000","4,800","31,870", n/a , n/a , n/a , n/a , n/a , n/a , n/a , n/a , n/a , n/a , n/a , n/a , n/a , n/a , n/a , n/a , n/a , n/a , n/a , n/a , n/a ," 14,000 "," 15,100 "," 31,000 ","14,000","15,100","29,700","14,500","15,700","26,410","14,900","16,000","24,290", n/a , n/a , n/a , n/a , n/a , n/a , n/a , n/a , n/a , n/a , n/a , n/a , n/a , n/a , n/a , n/a , n/a , n/a , n/a , n/a , n/a 
IMD - 3,"£70,000 - £99,999","IMD - 3£70,000 - £99,999"," 4,100 "," 5,000 "," 46,120 ","4,200","5,200","42,500","4,200","5,000","42,410","4,200","5,000","41,790", n/a , n/a , n/a , n/a , n/a , n/a , n/a , n/a , n/a , n/a , n/a , n/a , n/a , n/a , n/a , n/a , n/a , n/a , n/a , n/a , n/a ," 15,200 "," 16,400 "," 37,900 ","15,200","16,400","36,230","15,800","17,100","32,460","15,700","17,000","31,140", n/a , n/a , n/a , n/a , n/a , n/a , n/a , n/a , n/a , n/a , n/a , n/a , n/a , n/a , n/a , n/a , n/a , n/a , n/a , n/a , n/a 
IMD - 3,"£100,000 - £149,999","IMD - 3£100,000 - £149,999"," 4,500 "," 5,500 "," 20,010 ","4,800","6,200","17,420","4,700","5,600","17,050","4,700","5,700","18,250", n/a , n/a , n/a , n/a , n/a , n/a , n/a , n/a , n/a , n/a , n/a , n/a , n/a , n/a , n/a , n/a , n/a , n/a , n/a , n/a , n/a ," 17,200 "," 18,700 "," 15,930 ","17,600","19,100","13,840","18,300","19,700","12,360","17,900","19,400","13,140", n/a , n/a , n/a , n/a , n/a , n/a , n/a , n/a , n/a , n/a , n/a , n/a , n/a , n/a , n/a , n/a , n/a , n/a , n/a , n/a , n/a 
IMD - 3,"£150,000 and over","IMD - 3£150,000 and over"," 5,000 "," 6,200 "," 7,310 ","5,500","7,100","5,980","5,300","6,400","5,970","5,000","6,200","6,660", n/a , n/a , n/a , n/a , n/a , n/a , n/a , n/a , n/a , n/a , n/a , n/a , n/a , n/a , n/a , n/a , n/a , n/a , n/a , n/a , n/a ," 18,900 "," 20,400 "," 5,730 ","19,300","20,800","4,800","20,000","21,400","4,360","18,900","20,600","4,850", n/a , n/a , n/a , n/a , n/a , n/a , n/a , n/a , n/a , n/a , n/a , n/a , n/a , n/a , n/a , n/a , n/a , n/a , n/a , n/a , n/a 
IMD - 4,"Less than £15,000","IMD - 4Less than £15,000"," 2,500 "," 3,200 "," 129,400 ","2,600","3,400","152,800","2,600","3,400","96,640","2,600","3,500","90,170", n/a , n/a , n/a , n/a , n/a , n/a , n/a , n/a , n/a , n/a , n/a , n/a , n/a , n/a , n/a , n/a , n/a , n/a , n/a , n/a , n/a ," 9,700 "," 10,500 "," 116,420 ","9,800","10,500","136,070","11,600","12,600","76,220","12,200","13,200","67,630", n/a , n/a , n/a , n/a , n/a , n/a , n/a , n/a , n/a , n/a , n/a , n/a , n/a , n/a , n/a , n/a , n/a , n/a , n/a , n/a , n/a 
IMD - 4,"£15,000 - £19,999","IMD - 4£15,000 - £19,999"," 2,700 "," 3,500 "," 66,200 ","2,800","3,600","67,030","2,900","3,700","47,510","3,000","3,900","41,910", n/a , n/a , n/a , n/a , n/a , n/a , n/a , n/a , n/a , n/a , n/a , n/a , n/a , n/a , n/a , n/a , n/a , n/a , n/a , n/a , n/a ," 10,000 "," 10,900 "," 57,580 ","10,100","10,900","58,180","12,200","13,200","36,990","13,100","14,100","31,460", n/a , n/a , n/a , n/a , n/a , n/a , n/a , n/a , n/a , n/a , n/a , n/a , n/a , n/a , n/a , n/a , n/a , n/a , n/a , n/a , n/a 
IMD - 4,"£20,000 - £29,999","IMD - 4£20,000 - £29,999"," 2,900 "," 3,600 "," 182,080 ","3,000","3,700","180,520","3,100","3,800","135,530","3,100","4,000","112,940", n/a , n/a , n/a , n/a , n/a , n/a , n/a , n/a , n/a , n/a , n/a , n/a , n/a , n/a , n/a , n/a , n/a , n/a , n/a , n/a , n/a ," 10,400 "," 11,100 "," 166,430 ","10,400","11,200","161,000","12,100","13,000","108,770","12,800","13,800","86,460", n/a , n/a , n/a , n/a , n/a , n/a , n/a , n/a , n/a , n/a , n/a , n/a , n/a , n/a , n/a , n/a , n/a , n/a , n/a , n/a , n/a 
IMD - 4,"£30,000 - £39,999","IMD - 4£30,000 - £39,999"," 3,300 "," 3,900 "," 150,330 ","3,400","4,100","136,920","3,300","4,000","131,930","3,400","4,200","110,520", n/a , n/a , n/a , n/a , n/a , n/a , n/a , n/a , n/a , n/a , n/a , n/a , n/a , n/a , n/a , n/a , n/a , n/a , n/a , n/a , n/a ," 11,300 "," 12,100 "," 137,510 ","11,600","12,400","121,820","12,700","13,600","108,840","13,300","14,300","86,360", n/a , n/a , n/a , n/a , n/a , n/a , n/a , n/a , n/a , n/a , n/a , n/a , n/a , n/a , n/a , n/a , n/a , n/a , n/a , n/a , n/a 
IMD - 4,"£40,000 - £49,999","IMD - 4£40,000 - £49,999"," 3,500 "," 4,200 "," 100,030 ","3,600","4,300","88,490","3,800","4,400","114,520","3,800","4,500","95,230", n/a , n/a , n/a , n/a , n/a , n/a , n/a , n/a , n/a , n/a , n/a , n/a , n/a , n/a , n/a , n/a , n/a , n/a , n/a , n/a , n/a ," 12,200 "," 13,100 "," 92,120 ","12,400","13,300","78,380","13,900","14,900","95,750","14,400","15,300","76,360", n/a , n/a , n/a , n/a , n/a , n/a , n/a , n/a , n/a , n/a , n/a , n/a , n/a , n/a , n/a , n/a , n/a , n/a , n/a , n/a , n/a 
IMD - 4,"£50,000 - £59,999","IMD - 4£50,000 - £59,999"," 3,600 "," 4,300 "," 50,610 ","3,700","4,400","42,970","4,000","4,600","71,210","4,000","4,800","60,200", n/a , n/a , n/a , n/a , n/a , n/a , n/a , n/a , n/a , n/a , n/a , n/a , n/a , n/a , n/a , n/a , n/a , n/a , n/a , n/a , n/a ," 12,700 "," 13,700 "," 45,980 ","12,700","13,700","37,230","14,600","15,700","58,070","15,000","16,000","47,040", n/a , n/a , n/a , n/a , n/a , n/a , n/a , n/a , n/a , n/a , n/a , n/a , n/a , n/a , n/a , n/a , n/a , n/a , n/a , n/a , n/a 
IMD - 4,"£60,000 - £69,999","IMD - 4£60,000 - £69,999"," 3,600 "," 4,300 "," 27,330 ","3,800","4,600","21,900","4,100","4,800","45,410","4,100","4,900","39,790", n/a , n/a , n/a , n/a , n/a , n/a , n/a , n/a , n/a , n/a , n/a , n/a , n/a , n/a , n/a , n/a , n/a , n/a , n/a , n/a , n/a ," 13,100 "," 14,200 "," 24,250 ","13,100","14,300","18,440","15,400","16,500","36,410","15,600","16,800","30,530", n/a , n/a , n/a , n/a , n/a , n/a , n/a , n/a , n/a , n/a , n/a , n/a , n/a , n/a , n/a , n/a , n/a , n/a , n/a , n/a , n/a 
IMD - 4,"£70,000 - £99,999","IMD - 4£70,000 - £99,999"," 3,700 "," 4,500 "," 30,110 ","3,900","4,900","23,470","4,400","5,200","63,800","4,400","5,200","55,940", n/a , n/a , n/a , n/a , n/a , n/a , n/a , n/a , n/a , n/a , n/a , n/a , n/a , n/a , n/a , n/a , n/a , n/a , n/a , n/a , n/a ," 13,600 "," 14,900 "," 26,080 ","14,100","15,400","18,930","16,800","18,000","49,800","16,700","18,000","42,030", n/a , n/a , n/a , n/a , n/a , n/a , n/a , n/a , n/a , n/a , n/a , n/a , n/a , n/a , n/a , n/a , n/a , n/a , n/a , n/a , n/a 
IMD - 4,"£100,000 - £149,999","IMD - 4£100,000 - £149,999"," 4,000 "," 4,900 "," 10,570 ","4,300","5,400","7,690","5,100","6,100","29,660","5,000","6,000","28,500", n/a , n/a , n/a , n/a , n/a , n/a , n/a , n/a , n/a , n/a , n/a , n/a , n/a , n/a , n/a , n/a , n/a , n/a , n/a , n/a , n/a ," 15,500 "," 16,900 "," 9,180 ","16,300","17,800","6,100","19,600","20,900","21,200","19,100","20,500","20,090", n/a , n/a , n/a , n/a , n/a , n/a , n/a , n/a , n/a , n/a , n/a , n/a , n/a , n/a , n/a , n/a , n/a , n/a , n/a , n/a , n/a 
IMD - 4,"£150,000 and over","IMD - 4£150,000 and over"," 4,600 "," 5,700 "," 4,150 ","5,100","6,500","2,690","5,800","7,000","10,260","5,600","6,900","10,080", n/a , n/a , n/a , n/a , n/a , n/a , n/a , n/a , n/a , n/a , n/a , n/a , n/a , n/a , n/a , n/a , n/a , n/a , n/a , n/a , n/a ," 17,600 "," 19,100 "," 3,680 ","18,400","19,800","2,240","21,400","22,900","6,910","20,400","22,100","6,920", n/a , n/a , n/a , n/a , n/a , n/a , n/a , n/a , n/a , n/a , n/a , n/a , n/a , n/a , n/a , n/a , n/a , n/a , n/a , n/a , n/a 
IMD - 5,"Less than £15,000","IMD - 5Less than £15,000"," 2,500 "," 3,200 "," 207,890 ","2,700","3,300","242,580","2,500","3,300","68,980","2,600","3,500","73,610", n/a , n/a , n/a , n/a , n/a , n/a , n/a , n/a , n/a , n/a , n/a , n/a , n/a , n/a , n/a , n/a , n/a , n/a , n/a , n/a , n/a ," 8,800 "," 9,500 "," 194,880 ","9,000","9,600","213,440","12,600","13,700","53,370","13,500","14,800","59,870", n/a , n/a , n/a , n/a , n/a , n/a , n/a , n/a , n/a , n/a , n/a , n/a , n/a , n/a , n/a , n/a , n/a , n/a , n/a , n/a , n/a 
IMD - 5,"£15,000 - £19,999","IMD - 5£15,000 - £19,999"," 2,800 "," 3,300 "," 85,710 ","2,800","3,400","93,910","2,800","3,600","38,590","3,000","3,800","36,850", n/a , n/a , n/a , n/a , n/a , n/a , n/a , n/a , n/a , n/a , n/a , n/a , n/a , n/a , n/a , n/a , n/a , n/a , n/a , n/a , n/a ," 9,100 "," 9,800 "," 80,120 ","9,200","9,800","82,830","13,300","14,200","29,790","14,300","15,400","30,090", n/a , n/a , n/a , n/a , n/a , n/a , n/a , n/a , n/a , n/a , n/a , n/a , n/a , n/a , n/a , n/a , n/a , n/a , n/a , n/a , n/a 
IMD - 5,"£20,000 - £29,999","IMD - 5£20,000 - £29,999"," 2,900 "," 3,500 "," 215,820 ","3,000","3,600","198,690","3,100","3,700","105,020","3,200","4,000","96,940", n/a , n/a , n/a , n/a , n/a , n/a , n/a , n/a , n/a , n/a , n/a , n/a , n/a , n/a , n/a , n/a , n/a , n/a , n/a , n/a , n/a ," 9,800 "," 10,500 "," 208,800 ","9,900","10,600","178,180","13,200","14,200","83,370","14,200","15,400","80,090", n/a , n/a , n/a , n/a , n/a , n/a , n/a , n/a , n/a , n/a , n/a , n/a , n/a , n/a , n/a , n/a , n/a , n/a , n/a , n/a , n/a 
IMD - 5,"£30,000 - £39,999","IMD - 5£30,000 - £39,999"," 3,200 "," 3,800 "," 122,380 ","3,300","3,900","99,390","3,200","3,900","114,460","3,400","4,100","96,360", n/a , n/a , n/a , n/a , n/a , n/a , n/a , n/a , n/a , n/a , n/a , n/a , n/a , n/a , n/a , n/a , n/a , n/a , n/a , n/a , n/a ," 10,700 "," 11,500 "," 116,550 ","11,000","11,700","88,130","13,300","14,400","91,830","14,100","15,300","80,040", n/a , n/a , n/a , n/a , n/a , n/a , n/a , n/a , n/a , n/a , n/a , n/a , n/a , n/a , n/a , n/a , n/a , n/a , n/a , n/a , n/a 
IMD - 5,"£40,000 - £49,999","IMD - 5£40,000 - £49,999"," 3,400 "," 3,900 "," 66,450 ","3,500","4,100","51,590","3,700","4,300","112,520","3,800","4,400","89,790", n/a , n/a , n/a , n/a , n/a , n/a , n/a , n/a , n/a , n/a , n/a , n/a , n/a , n/a , n/a , n/a , n/a , n/a , n/a , n/a , n/a ," 11,300 "," 12,200 "," 63,310 ","11,600","12,400","45,710","14,500","15,600","92,190","15,000","16,100","76,590", n/a , n/a , n/a , n/a , n/a , n/a , n/a , n/a , n/a , n/a , n/a , n/a , n/a , n/a , n/a , n/a , n/a , n/a , n/a , n/a , n/a 
IMD - 5,"£50,000 - £59,999","IMD - 5£50,000 - £59,999"," 3,400 "," 4,000 "," 29,650 ","3,500","4,200","19,600","3,900","4,500","82,460","4,000","4,700","66,400", n/a , n/a , n/a , n/a , n/a , n/a , n/a , n/a , n/a , n/a , n/a , n/a , n/a , n/a , n/a , n/a , n/a , n/a , n/a , n/a , n/a ," 11,700 "," 12,600 "," 28,130 ","11,700","12,800","16,810","15,300","16,400","67,410","15,800","16,900","56,360", n/a , n/a , n/a , n/a , n/a , n/a , n/a , n/a , n/a , n/a , n/a , n/a , n/a , n/a , n/a , n/a , n/a , n/a , n/a , n/a , n/a 
IMD - 5,"£60,000 - £69,999","IMD - 5£60,000 - £69,999"," 3,300 "," 4,000 "," 14,660 ","3,400","4,200","9,020","4,100","4,700","60,330","4,100","4,800","49,690", n/a , n/a , n/a , n/a , n/a , n/a , n/a , n/a , n/a , n/a , n/a , n/a , n/a , n/a , n/a , n/a , n/a , n/a , n/a , n/a , n/a ," 11,600 "," 12,700 "," 13,330 ","11,500","12,600","7,380","15,900","17,000","49,270","16,500","17,600","42,030", n/a , n/a , n/a , n/a , n/a , n/a , n/a , n/a , n/a , n/a , n/a , n/a , n/a , n/a , n/a , n/a , n/a , n/a , n/a , n/a , n/a 
IMD - 5,"£70,000 - £99,999","IMD - 5£70,000 - £99,999"," 3,300 "," 4,000 "," 13,400 ","3,500","4,400","7,540","4,500","5,100","99,540","4,500","5,200","77,900", n/a , n/a , n/a , n/a , n/a , n/a , n/a , n/a , n/a , n/a , n/a , n/a , n/a , n/a , n/a , n/a , n/a , n/a , n/a , n/a , n/a ," 12,000 "," 13,300 "," 12,060 ","12,400","13,600","6,060","17,400","18,600","82,060","17,800","18,900","65,700", n/a , n/a , n/a , n/a , n/a , n/a , n/a , n/a , n/a , n/a , n/a , n/a , n/a , n/a , n/a , n/a , n/a , n/a , n/a , n/a , n/a 
IMD - 5,"£100,000 - £149,999","IMD - 5£100,000 - £149,999"," 3,600 "," 4,400 "," 3,570 ","4,000","4,900","1,780","5,200","5,900","52,870","5,100","6,000","44,600", n/a , n/a , n/a , n/a , n/a , n/a , n/a , n/a , n/a , n/a , n/a , n/a , n/a , n/a , n/a , n/a , n/a , n/a , n/a , n/a , n/a ," 13,000 "," 14,600 "," 3,250 ","14,600","16,200","1,360","20,300","21,500","41,600","20,300","21,500","36,290", n/a , n/a , n/a , n/a , n/a , n/a , n/a , n/a , n/a , n/a , n/a , n/a , n/a , n/a , n/a , n/a , n/a , n/a , n/a , n/a , n/a 
IMD - 5,"£150,000 and over","IMD - 5£150,000 and over"," 3,900 "," 4,800 "," 1,370 ","4,700","5,800",500,"6,100","7,200","17,620","5,600","6,700","15,140", n/a , n/a , n/a , n/a , n/a , n/a , n/a , n/a , n/a , n/a , n/a , n/a , n/a , n/a , n/a , n/a , n/a , n/a , n/a , n/a , n/a ," 13,600 "," 15,600 "," 1,250 ","16,500","17,800",410,"24,000","25,200","12,640","21,300","23,200","11,590", n/a , n/a , n/a , n/a , n/a , n/a , n/a , n/a , n/a , n/a , n/a , n/a , n/a , n/a , n/a , n/a , n/a , n/a , n/a , n/a , n/a 
IMD - 1,1,IMD - 11," 2,500 "," 3,300 "," 210,390 ","2,700","3,500","216,340","2,300","2,900","307,290","2,400","3,000","277,020", n/a , n/a , n/a , n/a , n/a , n/a , n/a , n/a , n/a , n/a , n/a , n/a , n/a , n/a , n/a , n/a , n/a , n/a , n/a , n/a , n/a ," 12,200 "," 13,500 "," 193,180 ","12,400","13,600","185,500","8,700","9,400","233,480","9,200","9,900","214,630", n/a , n/a , n/a , n/a , n/a , n/a , n/a , n/a , n/a , n/a , n/a , n/a , n/a , n/a , n/a , n/a , n/a , n/a , n/a , n/a , n/a 
IMD - 1,2,IMD - 12," 3,700 "," 4,400 "," 352,260 ","3,800","4,500","342,070","3,100","3,600","272,220","3,100","3,700","237,280", n/a , n/a , n/a , n/a , n/a , n/a , n/a , n/a , n/a , n/a , n/a , n/a , n/a , n/a , n/a , n/a , n/a , n/a , n/a , n/a , n/a ," 14,700 "," 15,900 "," 339,390 ","14,900","16,100","308,290","10,700","11,400","226,940","11,200","11,900","201,080", n/a , n/a , n/a , n/a , n/a , n/a , n/a , n/a , n/a , n/a , n/a , n/a , n/a , n/a , n/a , n/a , n/a , n/a , n/a , n/a , n/a 
IMD - 1,3,IMD - 13," 4,300 "," 5,000 "," 113,000 ","4,400","5,200","105,570","3,700","4,200","98,990","3,600","4,200","86,040", n/a , n/a , n/a , n/a , n/a , n/a , n/a , n/a , n/a , n/a , n/a , n/a , n/a , n/a , n/a , n/a , n/a , n/a , n/a , n/a , n/a ," 16,200 "," 17,500 "," 109,450 ","16,400","17,700","95,890","11,800","12,600","85,690","12,300","13,200","75,710", n/a , n/a , n/a , n/a , n/a , n/a , n/a , n/a , n/a , n/a , n/a , n/a , n/a , n/a , n/a , n/a , n/a , n/a , n/a , n/a , n/a 
IMD - 1,4,IMD - 14," 4,900 "," 5,600 "," 45,990 ","4,900","5,800","45,510","4,200","4,700","40,020","4,100","4,600","34,510", n/a , n/a , n/a , n/a , n/a , n/a , n/a , n/a , n/a , n/a , n/a , n/a , n/a , n/a , n/a , n/a , n/a , n/a , n/a , n/a , n/a ," 17,600 "," 18,900 "," 44,620 ","17,700","19,100","41,460","12,800","13,900","35,080","13,200","14,300","30,670", n/a , n/a , n/a , n/a , n/a , n/a , n/a , n/a , n/a , n/a , n/a , n/a , n/a , n/a , n/a , n/a , n/a , n/a , n/a , n/a , n/a 
IMD - 1,5 or more,IMD - 15 or more," 5,500 "," 6,300 "," 15,120 ","5,500","6,600","15,590","4,600","5,200","21,370","4,400","5,100","18,960", n/a , n/a , n/a , n/a , n/a , n/a , n/a , n/a , n/a , n/a , n/a , n/a , n/a , n/a , n/a , n/a , n/a , n/a , n/a , n/a , n/a ," 19,200 "," 20,700 "," 14,450 ","19,300","20,900","13,800","14,600","16,100","18,640","14,900","16,500","16,870", n/a , n/a , n/a , n/a , n/a , n/a , n/a , n/a , n/a , n/a , n/a , n/a , n/a , n/a , n/a , n/a , n/a , n/a , n/a , n/a , n/a 
IMD - 2,1,IMD - 21," 2,500 "," 3,400 "," 227,270 ","2,600","3,500","231,470","2,400","3,100","275,250","2,500","3,300","245,750", n/a , n/a , n/a , n/a , n/a , n/a , n/a , n/a , n/a , n/a , n/a , n/a , n/a , n/a , n/a , n/a , n/a , n/a , n/a , n/a , n/a ," 10,900 "," 12,100 "," 192,640 ","11,100","12,100","197,050","9,600","10,500","207,990","10,200","11,100","187,540", n/a , n/a , n/a , n/a , n/a , n/a , n/a , n/a , n/a , n/a , n/a , n/a , n/a , n/a , n/a , n/a , n/a , n/a , n/a , n/a , n/a 
IMD - 2,2,IMD - 22," 3,600 "," 4,300 "," 336,980 ","3,600","4,400","330,810","3,300","3,800","296,270","3,300","4,000","256,810", n/a , n/a , n/a , n/a , n/a , n/a , n/a , n/a , n/a , n/a , n/a , n/a , n/a , n/a , n/a , n/a , n/a , n/a , n/a , n/a , n/a ," 13,300 "," 14,400 "," 300,790 ","13,400","14,500","296,850","11,800","12,600","241,820","12,400","13,200","211,990", n/a , n/a , n/a , n/a , n/a , n/a , n/a , n/a , n/a , n/a , n/a , n/a , n/a , n/a , n/a , n/a , n/a , n/a , n/a , n/a , n/a 
IMD - 2,3,IMD - 23," 4,200 "," 4,900 "," 109,970 ","4,200","5,100","103,000","3,900","4,400","102,500","3,800","4,500","90,750", n/a , n/a , n/a , n/a , n/a , n/a , n/a , n/a , n/a , n/a , n/a , n/a , n/a , n/a , n/a , n/a , n/a , n/a , n/a , n/a , n/a ," 14,500 "," 15,800 "," 99,760 ","14,700","15,900","93,930","13,000","14,000","87,180","13,500","14,500","77,730", n/a , n/a , n/a , n/a , n/a , n/a , n/a , n/a , n/a , n/a , n/a , n/a , n/a , n/a , n/a , n/a , n/a , n/a , n/a , n/a , n/a 
IMD - 2,4,IMD - 24," 4,700 "," 5,400 "," 43,470 ","4,700","5,700","42,750","4,400","5,000","42,270","4,300","4,900","37,220", n/a , n/a , n/a , n/a , n/a , n/a , n/a , n/a , n/a , n/a , n/a , n/a , n/a , n/a , n/a , n/a , n/a , n/a , n/a , n/a , n/a ," 15,800 "," 17,100 "," 39,860 ","16,000","17,300","39,440","14,200","15,300","36,400","14,600","15,800","32,180", n/a , n/a , n/a , n/a , n/a , n/a , n/a , n/a , n/a , n/a , n/a , n/a , n/a , n/a , n/a , n/a , n/a , n/a , n/a , n/a , n/a 
IMD - 2,5 or more,IMD - 25 or more," 5,200 "," 6,100 "," 16,270 ","5,200","6,500","16,390","4,800","5,500","21,090","4,600","5,400","18,710", n/a , n/a , n/a , n/a , n/a , n/a , n/a , n/a , n/a , n/a , n/a , n/a , n/a , n/a , n/a , n/a , n/a , n/a , n/a , n/a , n/a ," 17,400 "," 19,000 "," 14,840 ","17,500","19,000","14,940","15,700","17,100","18,370","16,000","17,500","16,190", n/a , n/a , n/a , n/a , n/a , n/a , n/a , n/a , n/a , n/a , n/a , n/a , n/a , n/a , n/a , n/a , n/a , n/a , n/a , n/a , n/a 
IMD - 3,1,IMD - 31," 2,400 "," 3,300 "," 243,590 ","2,600","3,500","248,100","2,500","3,300","256,040","2,600","3,500","227,490", n/a , n/a , n/a , n/a , n/a , n/a , n/a , n/a , n/a , n/a , n/a , n/a , n/a , n/a , n/a , n/a , n/a , n/a , n/a , n/a , n/a ," 10,100 "," 11,100 "," 199,010 ","10,100","11,100","210,770","10,400","11,400","194,110","11,000","12,000","165,140", n/a , n/a , n/a , n/a , n/a , n/a , n/a , n/a , n/a , n/a , n/a , n/a , n/a , n/a , n/a , n/a , n/a , n/a , n/a , n/a , n/a 
IMD - 3,2,IMD - 32," 3,400 "," 4,200 "," 323,110 ","3,500","4,300","313,880","3,500","4,200","321,580","3,500","4,300","279,830", n/a , n/a , n/a , n/a , n/a , n/a , n/a , n/a , n/a , n/a , n/a , n/a , n/a , n/a , n/a , n/a , n/a , n/a , n/a , n/a , n/a ," 12,300 "," 13,300 "," 276,900 ","12,400","13,300","278,900","12,800","13,700","259,710","13,400","14,400","215,270", n/a , n/a , n/a , n/a , n/a , n/a , n/a , n/a , n/a , n/a , n/a , n/a , n/a , n/a , n/a , n/a , n/a , n/a , n/a , n/a , n/a 
IMD - 3,3,IMD - 33," 4,000 "," 4,800 "," 109,890 ","4,100","5,000","101,930","4,100","4,800","104,320","4,100","4,900","93,100", n/a , n/a , n/a , n/a , n/a , n/a , n/a , n/a , n/a , n/a , n/a , n/a , n/a , n/a , n/a , n/a , n/a , n/a , n/a , n/a , n/a ," 13,500 "," 14,600 "," 97,470 ","13,600","14,700","93,880","14,100","15,200","87,540","14,600","15,700","74,220", n/a , n/a , n/a , n/a , n/a , n/a , n/a , n/a , n/a , n/a , n/a , n/a , n/a , n/a , n/a , n/a , n/a , n/a , n/a , n/a , n/a 
IMD - 3,4,IMD - 34," 4,500 "," 5,300 "," 42,990 ","4,600","5,500","41,990","4,700","5,300","42,710","4,600","5,400","38,290", n/a , n/a , n/a , n/a , n/a , n/a , n/a , n/a , n/a , n/a , n/a , n/a , n/a , n/a , n/a , n/a , n/a , n/a , n/a , n/a , n/a ," 14,800 "," 16,000 "," 38,780 ","14,900","16,100","39,210","15,300","16,600","36,460","15,900","17,100","30,850", n/a , n/a , n/a , n/a , n/a , n/a , n/a , n/a , n/a , n/a , n/a , n/a , n/a , n/a , n/a , n/a , n/a , n/a , n/a , n/a , n/a 
IMD - 3,5 or more,IMD - 35 or more," 5,000 "," 5,900 "," 18,380 ","5,000","6,200","18,250","5,100","6,000","18,610","4,900","5,900","16,910", n/a , n/a , n/a , n/a , n/a , n/a , n/a , n/a , n/a , n/a , n/a , n/a , n/a , n/a , n/a , n/a , n/a , n/a , n/a , n/a , n/a ," 16,400 "," 17,800 "," 16,940 ","16,300","17,800","17,380","16,900","18,300","16,040","17,100","18,600","13,770", n/a , n/a , n/a , n/a , n/a , n/a , n/a , n/a , n/a , n/a , n/a , n/a , n/a , n/a , n/a , n/a , n/a , n/a , n/a , n/a , n/a 
IMD - 4,1,IMD - 41," 2,400 "," 3,100 "," 267,820 ","2,500","3,300","268,040","2,600","3,400","239,250","2,600","3,600","209,290", n/a , n/a , n/a , n/a , n/a , n/a , n/a , n/a , n/a , n/a , n/a , n/a , n/a , n/a , n/a , n/a , n/a , n/a , n/a , n/a , n/a ," 9,300 "," 10,200 "," 230,080 ","9,300","10,200","225,170","11,400","12,500","184,010","11,900","12,900","154,410", n/a , n/a , n/a , n/a , n/a , n/a , n/a , n/a , n/a , n/a , n/a , n/a , n/a , n/a , n/a , n/a , n/a , n/a , n/a , n/a , n/a 
IMD - 4,2,IMD - 42," 3,200 "," 3,900 "," 306,260 ","3,300","4,000","292,690","3,600","4,400","341,030","3,700","4,500","288,880", n/a , n/a , n/a , n/a , n/a , n/a , n/a , n/a , n/a , n/a , n/a , n/a , n/a , n/a , n/a , n/a , n/a , n/a , n/a , n/a , n/a ," 11,400 "," 12,200 "," 280,670 ","11,400","12,200","260,380","13,800","14,900","277,070","14,400","15,500","224,350", n/a , n/a , n/a , n/a , n/a , n/a , n/a , n/a , n/a , n/a , n/a , n/a , n/a , n/a , n/a , n/a , n/a , n/a , n/a , n/a , n/a 
IMD - 4,3,IMD - 43," 3,800 "," 4,400 "," 110,600 ","3,800","4,500","100,870","4,300","5,100","105,560","4,300","5,100","93,930", n/a , n/a , n/a , n/a , n/a , n/a , n/a , n/a , n/a , n/a , n/a , n/a , n/a , n/a , n/a , n/a , n/a , n/a , n/a , n/a , n/a ," 12,500 "," 13,500 "," 104,770 ","12,500","13,400","93,460","15,200","16,500","87,520","15,800","17,000","74,150", n/a , n/a , n/a , n/a , n/a , n/a , n/a , n/a , n/a , n/a , n/a , n/a , n/a , n/a , n/a , n/a , n/a , n/a , n/a , n/a , n/a 
IMD - 4,4,IMD - 44," 4,300 "," 4,900 "," 44,190 ","4,300","5,000","41,610","4,900","5,700","43,840","4,800","5,600","38,020", n/a , n/a , n/a , n/a , n/a , n/a , n/a , n/a , n/a , n/a , n/a , n/a , n/a , n/a , n/a , n/a , n/a , n/a , n/a , n/a , n/a ," 13,700 "," 14,800 "," 42,370 ","13,600","14,700","39,160","16,600","17,900","36,700","17,000","18,300","30,260", n/a , n/a , n/a , n/a , n/a , n/a , n/a , n/a , n/a , n/a , n/a , n/a , n/a , n/a , n/a , n/a , n/a , n/a , n/a , n/a , n/a 
IMD - 4,5 or more,IMD - 45 or more," 4,700 "," 5,500 "," 21,960 ","4,700","5,700","21,090","5,500","6,400","16,450","5,200","6,300","14,780", n/a , n/a , n/a , n/a , n/a , n/a , n/a , n/a , n/a , n/a , n/a , n/a , n/a , n/a , n/a , n/a , n/a , n/a , n/a , n/a , n/a ," 15,500 "," 16,900 "," 21,340 ","15,100","16,500","20,150","18,200","19,700","13,590","18,400","19,900","11,530", n/a , n/a , n/a , n/a , n/a , n/a , n/a , n/a , n/a , n/a , n/a , n/a , n/a , n/a , n/a , n/a , n/a , n/a , n/a , n/a , n/a 
IMD - 5,1,IMD - 51," 2,300 "," 2,900 "," 302,840 ","2,300","3,100","297,960","2,700","3,400","225,330","2,700","3,600","196,370", n/a , n/a , n/a , n/a , n/a , n/a , n/a , n/a , n/a , n/a , n/a , n/a , n/a , n/a , n/a , n/a , n/a , n/a , n/a , n/a , n/a ," 8,300 "," 9,100 "," 273,700 ","8,300","9,100","250,550","12,600","13,800","173,330","13,100","14,300","157,030", n/a , n/a , n/a , n/a , n/a , n/a , n/a , n/a , n/a , n/a , n/a , n/a , n/a , n/a , n/a , n/a , n/a , n/a , n/a , n/a , n/a 
IMD - 5,2,IMD - 52," 3,100 "," 3,600 "," 286,980 ","3,100","3,700","268,840","3,800","4,500","354,570","3,900","4,600","300,200", n/a , n/a , n/a , n/a , n/a , n/a , n/a , n/a , n/a , n/a , n/a , n/a , n/a , n/a , n/a , n/a , n/a , n/a , n/a , n/a , n/a ," 10,200 "," 10,900 "," 278,080 ","10,300","10,900","242,960","15,200","16,400","288,700","15,800","17,000","253,390", n/a , n/a , n/a , n/a , n/a , n/a , n/a , n/a , n/a , n/a , n/a , n/a , n/a , n/a , n/a , n/a , n/a , n/a , n/a , n/a , n/a 
IMD - 5,3,IMD - 53," 3,600 "," 4,200 "," 107,390 ","3,700","4,200","97,690","4,500","5,200","109,200","4,400","5,200","95,990", n/a , n/a , n/a , n/a , n/a , n/a , n/a , n/a , n/a , n/a , n/a , n/a , n/a , n/a , n/a , n/a , n/a , n/a , n/a , n/a , n/a ," 11,300 "," 12,100 "," 106,430 ","11,200","12,000","90,790","16,700","18,100","89,690","17,200","18,600","81,970", n/a , n/a , n/a , n/a , n/a , n/a , n/a , n/a , n/a , n/a , n/a , n/a , n/a , n/a , n/a , n/a , n/a , n/a , n/a , n/a , n/a 
IMD - 5,4,IMD - 54," 4,100 "," 4,600 "," 42,430 ","4,100","4,700","39,580","5,100","5,800","46,990","4,900","5,700","40,580", n/a , n/a , n/a , n/a , n/a , n/a , n/a , n/a , n/a , n/a , n/a , n/a , n/a , n/a , n/a , n/a , n/a , n/a , n/a , n/a , n/a ," 12,200 "," 13,300 "," 42,300 ","12,100","13,100","36,960","18,200","19,600","38,810","18,600","20,000","34,570", n/a , n/a , n/a , n/a , n/a , n/a , n/a , n/a , n/a , n/a , n/a , n/a , n/a , n/a , n/a , n/a , n/a , n/a , n/a , n/a , n/a 
IMD - 5,5 or more,IMD - 55 or more," 4,400 "," 5,100 "," 21,260 ","4,500","5,200","20,450","5,700","6,500","16,080","5,500","6,400","13,880", n/a , n/a , n/a , n/a , n/a , n/a , n/a , n/a , n/a , n/a , n/a , n/a , n/a , n/a , n/a , n/a , n/a , n/a , n/a , n/a , n/a ," 13,700 "," 15,200 "," 21,170 ","13,700","15,100","19,020","19,800","21,400","12,930","19,900","21,500","11,610", n/a , n/a , n/a , n/a , n/a , n/a , n/a , n/a , n/a , n/a , n/a , n/a , n/a , n/a , n/a , n/a , n/a , n/a , n/a , n/a , n/a 
IMD - 1,North East,IMD - 1North East," 3,300 "," 3,900 "," 29,050 ","3,400","3,900","29,250","2,800","3,200","66,160","2,700","3,300","59,440", n/a , n/a , n/a , n/a , n/a , n/a , n/a , n/a , n/a , n/a , n/a , n/a , n/a , n/a , n/a , n/a , n/a , n/a , n/a , n/a , n/a ," 15,600 "," 16,600 "," 28,320 ","15,800","16,800","27,110","11,000","11,600","55,340","11,600","12,200","50,140", n/a , n/a , n/a , n/a , n/a , n/a , n/a , n/a , n/a , n/a , n/a , n/a , n/a , n/a , n/a , n/a , n/a , n/a , n/a , n/a , n/a 
IMD - 1,North West,IMD - 1North West," 3,600 "," 4,200 "," 69,680 ","3,700","4,300","80,780","3,000","3,500","174,610","3,000","3,500","153,240", n/a , n/a , n/a , n/a , n/a , n/a , n/a , n/a , n/a , n/a , n/a , n/a , n/a , n/a , n/a , n/a , n/a , n/a , n/a , n/a , n/a ," 15,000 "," 16,200 "," 76,010 ","15,200","16,400","73,600","10,100","10,800","145,270","10,700","11,400","128,900", n/a , n/a , n/a , n/a , n/a , n/a , n/a , n/a , n/a , n/a , n/a , n/a , n/a , n/a , n/a , n/a , n/a , n/a , n/a , n/a , n/a 
IMD - 1,Yorks & Humber,IMD - 1Yorks & Humber," 3,400 "," 4,000 "," 53,790 ","3,400","4,100","56,660","2,900","3,400","109,270","2,900","3,500","95,400", n/a , n/a , n/a , n/a , n/a , n/a , n/a , n/a , n/a , n/a , n/a , n/a , n/a , n/a , n/a , n/a , n/a , n/a , n/a , n/a , n/a ," 15,300 "," 16,500 "," 52,810 ","15,300","16,500","51,580","10,900","11,600","91,070","11,500","12,200","79,520", n/a , n/a , n/a , n/a , n/a , n/a , n/a , n/a , n/a , n/a , n/a , n/a , n/a , n/a , n/a , n/a , n/a , n/a , n/a , n/a , n/a 
IMD - 1,East Midlands,IMD - 1East Midlands," 3,400 "," 4,100 "," 65,560 ","3,400","4,200","66,900","2,900","3,500","56,430","2,900","3,500","49,770", n/a , n/a , n/a , n/a , n/a , n/a , n/a , n/a , n/a , n/a , n/a , n/a , n/a , n/a , n/a , n/a , n/a , n/a , n/a , n/a , n/a ," 14,200 "," 15,200 "," 62,620 ","14,300","15,300","60,090","10,500","11,200","46,130","11,000","11,600","41,100", n/a , n/a , n/a , n/a , n/a , n/a , n/a , n/a , n/a , n/a , n/a , n/a , n/a , n/a , n/a , n/a , n/a , n/a , n/a , n/a , n/a 
IMD - 1,West Midlands,IMD - 1West Midlands," 3,600 "," 4,200 "," 55,150 ","3,600","4,300","59,490","3,100","3,700","110,890","3,100","3,800","95,940", n/a , n/a , n/a , n/a , n/a , n/a , n/a , n/a , n/a , n/a , n/a , n/a , n/a , n/a , n/a , n/a , n/a , n/a , n/a , n/a , n/a ," 14,500 "," 15,600 "," 56,160 ","14,600","15,700","55,220","11,000","11,900","93,030","11,500","12,400","82,280", n/a , n/a , n/a , n/a , n/a , n/a , n/a , n/a , n/a , n/a , n/a , n/a , n/a , n/a , n/a , n/a , n/a , n/a , n/a , n/a , n/a 
IMD - 1,East of England,IMD - 1East of England," 3,600 "," 4,400 "," 101,510 ","3,700","4,500","102,520","3,000","3,700","31,200","3,000","3,800","29,460", n/a , n/a , n/a , n/a , n/a , n/a , n/a , n/a , n/a , n/a , n/a , n/a , n/a , n/a , n/a , n/a , n/a , n/a , n/a , n/a , n/a ," 14,500 "," 15,800 "," 90,500 ","14,400","15,700","87,440","9,500","10,300","23,820","10,000","10,900","23,350", n/a , n/a , n/a , n/a , n/a , n/a , n/a , n/a , n/a , n/a , n/a , n/a , n/a , n/a , n/a , n/a , n/a , n/a , n/a , n/a , n/a 
IMD - 1,London,IMD - 1London," 3,900 "," 4,700 "," 53,090 ","3,900","4,900","54,110","2,800","3,400","128,090","2,800","3,600","114,610", n/a , n/a , n/a , n/a , n/a , n/a , n/a , n/a , n/a , n/a , n/a , n/a , n/a , n/a , n/a , n/a , n/a , n/a , n/a , n/a , n/a ," 17,300 "," 18,500 "," 50,020 ","17,100","18,400","47,910","9,800","10,900","94,790","10,100","11,100","90,540", n/a , n/a , n/a , n/a , n/a , n/a , n/a , n/a , n/a , n/a , n/a , n/a , n/a , n/a , n/a , n/a , n/a , n/a , n/a , n/a , n/a 
IMD - 1,South East,IMD - 1South East," 3,700 "," 4,500 "," 201,290 ","3,800","4,600","202,830","3,100","3,700","43,930","3,100","3,800","38,840", n/a , n/a , n/a , n/a , n/a , n/a , n/a , n/a , n/a , n/a , n/a , n/a , n/a , n/a , n/a , n/a , n/a , n/a , n/a , n/a , n/a ," 14,500 "," 15,900 "," 183,580 ","14,500","15,900","180,520","8,900","9,700","32,350","9,300","10,200","29,600", n/a , n/a , n/a , n/a , n/a , n/a , n/a , n/a , n/a , n/a , n/a , n/a , n/a , n/a , n/a , n/a , n/a , n/a , n/a , n/a , n/a 
IMD - 1,South West,IMD - 1South West," 3,400 "," 4,200 "," 69,710 ","3,500","4,300","74,160","3,100","3,800","34,740","3,100","3,800","31,820", n/a , n/a , n/a , n/a , n/a , n/a , n/a , n/a , n/a , n/a , n/a , n/a , n/a , n/a , n/a , n/a , n/a , n/a , n/a , n/a , n/a ," 12,400 "," 13,500 "," 66,170 ","12,500","13,600","63,800","8,500","9,400","25,490","8,900","9,700","23,590", n/a , n/a , n/a , n/a , n/a , n/a , n/a , n/a , n/a , n/a , n/a , n/a , n/a , n/a , n/a , n/a , n/a , n/a , n/a , n/a , n/a 
IMD - 1,Wales,IMD - 1Wales," 3,300 "," 3,900 "," 38,520 ", n/a , n/a , n/a , n/a , n/a , n/a , n/a , n/a , n/a , n/a , n/a , n/a , n/a , n/a , n/a , n/a , n/a , n/a , n/a , n/a , n/a , n/a , n/a , n/a , n/a , n/a , n/a , n/a , n/a , n/a , n/a , n/a , n/a , n/a , n/a , n/a , n/a , n/a , n/a , n/a , n/a , n/a , n/a , n/a , n/a , n/a , n/a , n/a , n/a , n/a , n/a , n/a , n/a , n/a , n/a , n/a , n/a , n/a , n/a , n/a , n/a , n/a , n/a 
IMD - 2,North East,IMD - 2North East," 3,100 "," 3,600 "," 29,700 ","3,100","3,700","29,790","2,900","3,300","48,700","2,900","3,400","42,100", n/a , n/a , n/a , n/a , n/a , n/a , n/a , n/a , n/a , n/a , n/a , n/a , n/a , n/a , n/a , n/a , n/a , n/a , n/a , n/a , n/a ," 14,000 "," 15,000 "," 27,820 ","14,200","15,000","29,290","12,600","13,200","41,320","13,200","13,900","36,470", n/a , n/a , n/a , n/a , n/a , n/a , n/a , n/a , n/a , n/a , n/a , n/a , n/a , n/a , n/a , n/a , n/a , n/a , n/a , n/a , n/a 
IMD - 2,North West,IMD - 2North West," 3,400 "," 4,000 "," 75,560 ","3,500","4,200","86,040","3,100","3,700","102,830","3,200","3,800","89,210", n/a , n/a , n/a , n/a , n/a , n/a , n/a , n/a , n/a , n/a , n/a , n/a , n/a , n/a , n/a , n/a , n/a , n/a , n/a , n/a , n/a ," 13,500 "," 14,500 "," 80,590 ","13,700","14,700","83,120","11,800","12,600","88,530","12,400","13,300","76,630", n/a , n/a , n/a , n/a , n/a , n/a , n/a , n/a , n/a , n/a , n/a , n/a , n/a , n/a , n/a , n/a , n/a , n/a , n/a , n/a , n/a 
IMD - 2,Yorks & Humber,IMD - 2Yorks & Humber," 3,200 "," 3,800 "," 70,110 ","3,300","4,000","75,170","3,000","3,500","78,330","3,000","3,600","68,820", n/a , n/a , n/a , n/a , n/a , n/a , n/a , n/a , n/a , n/a , n/a , n/a , n/a , n/a , n/a , n/a , n/a , n/a , n/a , n/a , n/a ," 13,700 "," 14,700 "," 66,660 ","13,800","14,700","68,380","12,000","12,900","64,990","12,800","13,600","57,540", n/a , n/a , n/a , n/a , n/a , n/a , n/a , n/a , n/a , n/a , n/a , n/a , n/a , n/a , n/a , n/a , n/a , n/a , n/a , n/a , n/a 
IMD - 2,East Midlands,IMD - 2East Midlands," 3,300 "," 4,100 "," 70,560 ","3,300","4,200","71,720","3,100","3,700","65,560","3,100","3,800","57,000", n/a , n/a , n/a , n/a , n/a , n/a , n/a , n/a , n/a , n/a , n/a , n/a , n/a , n/a , n/a , n/a , n/a , n/a , n/a , n/a , n/a ," 13,100 "," 14,000 "," 63,470 ","13,200","14,100","66,030","11,900","12,600","53,770","12,500","13,300","47,050", n/a , n/a , n/a , n/a , n/a , n/a , n/a , n/a , n/a , n/a , n/a , n/a , n/a , n/a , n/a , n/a , n/a , n/a , n/a , n/a , n/a 
IMD - 2,West Midlands,IMD - 2West Midlands," 3,500 "," 4,200 "," 62,700 ","3,500","4,300","66,480","3,200","3,800","76,950","3,200","3,900","66,650", n/a , n/a , n/a , n/a , n/a , n/a , n/a , n/a , n/a , n/a , n/a , n/a , n/a , n/a , n/a , n/a , n/a , n/a , n/a , n/a , n/a ," 13,300 "," 14,400 "," 60,070 ","13,400","14,500","61,230","11,700","12,600","64,040","12,300","13,100","56,900", n/a , n/a , n/a , n/a , n/a , n/a , n/a , n/a , n/a , n/a , n/a , n/a , n/a , n/a , n/a , n/a , n/a , n/a , n/a , n/a , n/a 
IMD - 2,East of England,IMD - 2East of England," 3,500 "," 4,400 "," 92,770 ","3,600","4,500","93,640","3,200","3,900","70,190","3,200","4,000","62,580", n/a , n/a , n/a , n/a , n/a , n/a , n/a , n/a , n/a , n/a , n/a , n/a , n/a , n/a , n/a , n/a , n/a , n/a , n/a , n/a , n/a ," 12,800 "," 13,900 "," 73,310 ","12,800","13,800","76,630","10,800","11,600","55,620","11,400","12,200","49,050", n/a , n/a , n/a , n/a , n/a , n/a , n/a , n/a , n/a , n/a , n/a , n/a , n/a , n/a , n/a , n/a , n/a , n/a , n/a , n/a , n/a 
IMD - 2,London,IMD - 2London," 3,500 "," 4,400 "," 76,540 ","3,600","4,700","77,410","3,100","3,800","147,990","3,100","3,900","132,120", n/a , n/a , n/a , n/a , n/a , n/a , n/a , n/a , n/a , n/a , n/a , n/a , n/a , n/a , n/a , n/a , n/a , n/a , n/a , n/a , n/a ," 14,800 "," 16,200 "," 70,350 ","14,800","16,200","73,200","11,800","13,100","115,160","12,100","13,400","106,480", n/a , n/a , n/a , n/a , n/a , n/a , n/a , n/a , n/a , n/a , n/a , n/a , n/a , n/a , n/a , n/a , n/a , n/a , n/a , n/a , n/a 
IMD - 2,South East,IMD - 2South East," 3,500 "," 4,400 "," 137,090 ","3,600","4,600","138,250","3,200","3,800","91,250","3,200","4,000","81,790", n/a , n/a , n/a , n/a , n/a , n/a , n/a , n/a , n/a , n/a , n/a , n/a , n/a , n/a , n/a , n/a , n/a , n/a , n/a , n/a , n/a ," 12,500 "," 13,700 "," 114,180 ","12,400","13,600","118,060","10,400","11,200","69,190","10,900","11,700","64,120", n/a , n/a , n/a , n/a , n/a , n/a , n/a , n/a , n/a , n/a , n/a , n/a , n/a , n/a , n/a , n/a , n/a , n/a , n/a , n/a , n/a 
IMD - 2,South West,IMD - 2South West," 3,500 "," 4,300 "," 82,950 ","3,500","4,500","88,210","3,400","4,200","73,110","3,400","4,400","65,270", n/a , n/a , n/a , n/a , n/a , n/a , n/a , n/a , n/a , n/a , n/a , n/a , n/a , n/a , n/a , n/a , n/a , n/a , n/a , n/a , n/a ," 11,100 "," 12,200 "," 68,680 ","11,200","12,300","71,430","9,600","10,600","47,660","10,100","11,100","42,960", n/a , n/a , n/a , n/a , n/a , n/a , n/a , n/a , n/a , n/a , n/a , n/a , n/a , n/a , n/a , n/a , n/a , n/a , n/a , n/a , n/a 
IMD - 2,Wales,IMD - 2Wales," 3,300 "," 4,100 "," 36,770 ", n/a , n/a , n/a , n/a , n/a , n/a , n/a , n/a , n/a , n/a , n/a , n/a , n/a , n/a , n/a , n/a , n/a , n/a , n/a , n/a , n/a , n/a , n/a , n/a , n/a , n/a , n/a , n/a , n/a , n/a , n/a , n/a , n/a , n/a , n/a , n/a , n/a , n/a , n/a , n/a , n/a , n/a , n/a , n/a , n/a , n/a , n/a , n/a , n/a , n/a , n/a , n/a , n/a , n/a , n/a , n/a , n/a , n/a , n/a , n/a , n/a , n/a , n/a 
IMD - 3,North East,IMD - 3North East," 3,000 "," 3,600 "," 29,790 ","3,000","3,700","30,770","3,100","3,600","31,870","3,100","3,700","27,760", n/a , n/a , n/a , n/a , n/a , n/a , n/a , n/a , n/a , n/a , n/a , n/a , n/a , n/a , n/a , n/a , n/a , n/a , n/a , n/a , n/a ," 12,900 "," 13,800 "," 26,500 ","13,000","13,700","30,110","13,700","14,500","27,910","14,400","15,200","22,590", n/a , n/a , n/a , n/a , n/a , n/a , n/a , n/a , n/a , n/a , n/a , n/a , n/a , n/a , n/a , n/a , n/a , n/a , n/a , n/a , n/a 
IMD - 3,North West,IMD - 3North West," 3,300 "," 3,900 "," 74,010 ","3,300","4,100","85,810","3,400","4,000","88,480","3,400","4,100","77,230", n/a , n/a , n/a , n/a , n/a , n/a , n/a , n/a , n/a , n/a , n/a , n/a , n/a , n/a , n/a , n/a , n/a , n/a , n/a , n/a , n/a ," 12,300 "," 13,200 "," 76,560 ","12,400","13,300","81,510","13,100","14,000","76,640","13,700","14,700","63,880", n/a , n/a , n/a , n/a , n/a , n/a , n/a , n/a , n/a , n/a , n/a , n/a , n/a , n/a , n/a , n/a , n/a , n/a , n/a , n/a , n/a 
IMD - 3,Yorks & Humber,IMD - 3Yorks & Humber," 3,100 "," 3,700 "," 65,920 ","3,100","3,800","69,900","3,100","3,700","73,340","3,200","3,800","63,210", n/a , n/a , n/a , n/a , n/a , n/a , n/a , n/a , n/a , n/a , n/a , n/a , n/a , n/a , n/a , n/a , n/a , n/a , n/a , n/a , n/a ," 12,600 "," 13,600 "," 60,990 ","12,700","13,600","65,110","13,100","13,900","62,970","13,800","14,700","51,470", n/a , n/a , n/a , n/a , n/a , n/a , n/a , n/a , n/a , n/a , n/a , n/a , n/a , n/a , n/a , n/a , n/a , n/a , n/a , n/a , n/a 
IMD - 3,East Midlands,IMD - 3East Midlands," 3,200 "," 4,000 "," 60,020 ","3,200","4,000","59,130","3,200","3,900","64,660","3,300","4,100","56,720", n/a , n/a , n/a , n/a , n/a , n/a , n/a , n/a , n/a , n/a , n/a , n/a , n/a , n/a , n/a , n/a , n/a , n/a , n/a , n/a , n/a ," 12,500 "," 13,400 "," 52,210 ","12,600","13,500","54,300","12,800","13,700","54,040","13,500","14,400","45,110", n/a , n/a , n/a , n/a , n/a , n/a , n/a , n/a , n/a , n/a , n/a , n/a , n/a , n/a , n/a , n/a , n/a , n/a , n/a , n/a , n/a 
IMD - 3,West Midlands,IMD - 3West Midlands," 3,400 "," 4,100 "," 71,180 ","3,400","4,300","75,370","3,400","4,100","80,310","3,500","4,300","70,160", n/a , n/a , n/a , n/a , n/a , n/a , n/a , n/a , n/a , n/a , n/a , n/a , n/a , n/a , n/a , n/a , n/a , n/a , n/a , n/a , n/a ," 12,400 "," 13,400 "," 64,520 ","12,500","13,400","69,350","12,800","13,700","65,200","13,400","14,300","54,470", n/a , n/a , n/a , n/a , n/a , n/a , n/a , n/a , n/a , n/a , n/a , n/a , n/a , n/a , n/a , n/a , n/a , n/a , n/a , n/a , n/a 
IMD - 3,East of England,IMD - 3East of England," 3,400 "," 4,300 "," 98,990 ","3,500","4,500","100,580","3,400","4,200","92,180","3,400","4,400","81,790", n/a , n/a , n/a , n/a , n/a , n/a , n/a , n/a , n/a , n/a , n/a , n/a , n/a , n/a , n/a , n/a , n/a , n/a , n/a , n/a , n/a ," 11,700 "," 12,600 "," 73,510 ","11,600","12,400","78,690","11,800","12,700","67,920","12,400","13,400","57,590", n/a , n/a , n/a , n/a , n/a , n/a , n/a , n/a , n/a , n/a , n/a , n/a , n/a , n/a , n/a , n/a , n/a , n/a , n/a , n/a , n/a 
IMD - 3,London,IMD - 3London," 3,300 "," 4,200 "," 95,970 ","3,400","4,400","99,170","3,300","4,100","99,940","3,400","4,200","90,800", n/a , n/a , n/a , n/a , n/a , n/a , n/a , n/a , n/a , n/a , n/a , n/a , n/a , n/a , n/a , n/a , n/a , n/a , n/a , n/a , n/a ," 13,400 "," 14,700 "," 87,250 ","13,300","14,500","96,700","13,900","15,200","80,580","14,100","15,500","72,430", n/a , n/a , n/a , n/a , n/a , n/a , n/a , n/a , n/a , n/a , n/a , n/a , n/a , n/a , n/a , n/a , n/a , n/a , n/a , n/a , n/a 
IMD - 3,South East,IMD - 3South East," 3,300 "," 4,100 "," 116,220 ","3,400","4,200","115,690","3,300","4,100","125,500","3,400","4,200","109,330", n/a , n/a , n/a , n/a , n/a , n/a , n/a , n/a , n/a , n/a , n/a , n/a , n/a , n/a , n/a , n/a , n/a , n/a , n/a , n/a , n/a ," 11,200 "," 12,300 "," 98,960 ","11,100","12,100","105,440","11,500","12,500","101,000","12,000","13,100","83,970", n/a , n/a , n/a , n/a , n/a , n/a , n/a , n/a , n/a , n/a , n/a , n/a , n/a , n/a , n/a , n/a , n/a , n/a , n/a , n/a , n/a 
IMD - 3,South West,IMD - 3South West," 3,500 "," 4,600 "," 86,660 ","3,600","4,700","90,240","3,600","4,500","99,060","3,600","4,700","90,430", n/a , n/a , n/a , n/a , n/a , n/a , n/a , n/a , n/a , n/a , n/a , n/a , n/a , n/a , n/a , n/a , n/a , n/a , n/a , n/a , n/a ," 10,200 "," 11,300 "," 61,800 ","10,300","11,300","66,110","10,600","11,600","63,370","11,000","12,100","54,810", n/a , n/a , n/a , n/a , n/a , n/a , n/a , n/a , n/a , n/a , n/a , n/a , n/a , n/a , n/a , n/a , n/a , n/a , n/a , n/a , n/a 
IMD - 3,Wales,IMD - 3Wales," 3,200 "," 3,900 "," 40,000 ", n/a , n/a , n/a , n/a , n/a , n/a , n/a , n/a , n/a , n/a , n/a , n/a , n/a , n/a , n/a , n/a , n/a , n/a , n/a , n/a , n/a , n/a , n/a , n/a , n/a , n/a , n/a , n/a , n/a , n/a , n/a , n/a , n/a , n/a , n/a , n/a , n/a , n/a , n/a , n/a , n/a , n/a , n/a , n/a , n/a , n/a , n/a , n/a , n/a , n/a , n/a , n/a , n/a , n/a , n/a , n/a , n/a , n/a , n/a , n/a , n/a , n/a , n/a 
IMD - 4,North East,IMD - 4North East," 2,800 "," 3,300 "," 45,970 ","2,800","3,300","45,670","3,200","3,700","30,300","3,200","3,800","25,970", n/a , n/a , n/a , n/a , n/a , n/a , n/a , n/a , n/a , n/a , n/a , n/a , n/a , n/a , n/a , n/a , n/a , n/a , n/a , n/a , n/a ," 11,900 "," 12,500 "," 43,470 ","11,900","12,500","42,890","14,900","15,700","26,770","15,200","16,200","22,190", n/a , n/a , n/a , n/a , n/a , n/a , n/a , n/a , n/a , n/a , n/a , n/a , n/a , n/a , n/a , n/a , n/a , n/a , n/a , n/a , n/a 
IMD - 4,North West,IMD - 4North West," 3,100 "," 3,600 "," 87,750 ","3,100","3,700","100,130","3,500","4,100","88,760","3,600","4,300","76,270", n/a , n/a , n/a , n/a , n/a , n/a , n/a , n/a , n/a , n/a , n/a , n/a , n/a , n/a , n/a , n/a , n/a , n/a , n/a , n/a , n/a ," 11,200 "," 12,000 "," 94,260 ","11,200","12,000","96,210","14,300","15,300","77,350","15,000","16,000","63,710", n/a , n/a , n/a , n/a , n/a , n/a , n/a , n/a , n/a , n/a , n/a , n/a , n/a , n/a , n/a , n/a , n/a , n/a , n/a , n/a , n/a 
IMD - 4,Yorks & Humber,IMD - 4Yorks & Humber," 2,900 "," 3,500 "," 69,460 ","3,000","3,600","72,890","3,300","3,900","76,490","3,300","4,000","67,180", n/a , n/a , n/a , n/a , n/a , n/a , n/a , n/a , n/a , n/a , n/a , n/a , n/a , n/a , n/a , n/a , n/a , n/a , n/a , n/a , n/a ," 11,700 "," 12,600 "," 67,180 ","11,700","12,600","67,690","14,200","15,200","62,890","14,800","15,800","53,600", n/a , n/a , n/a , n/a , n/a , n/a , n/a , n/a , n/a , n/a , n/a , n/a , n/a , n/a , n/a , n/a , n/a , n/a , n/a , n/a , n/a 
IMD - 4,East Midlands,IMD - 4East Midlands," 3,100 "," 3,800 "," 64,670 ","3,100","3,800","65,230","3,400","4,200","69,260","3,500","4,300","59,720", n/a , n/a , n/a , n/a , n/a , n/a , n/a , n/a , n/a , n/a , n/a , n/a , n/a , n/a , n/a , n/a , n/a , n/a , n/a , n/a , n/a ," 11,600 "," 12,400 "," 57,580 ","11,600","12,400","59,320","13,700","14,600","58,760","14,200","15,200","47,180", n/a , n/a , n/a , n/a , n/a , n/a , n/a , n/a , n/a , n/a , n/a , n/a , n/a , n/a , n/a , n/a , n/a , n/a , n/a , n/a , n/a 
IMD - 4,West Midlands,IMD - 4West Midlands," 3,200 "," 3,800 "," 68,470 ","3,200","3,900","72,560","3,600","4,300","73,430","3,600","4,400","61,920", n/a , n/a , n/a , n/a , n/a , n/a , n/a , n/a , n/a , n/a , n/a , n/a , n/a , n/a , n/a , n/a , n/a , n/a , n/a , n/a , n/a ," 11,500 "," 12,300 "," 67,580 ","11,500","12,300","68,530","13,600","14,700","59,730","14,300","15,300","48,830", n/a , n/a , n/a , n/a , n/a , n/a , n/a , n/a , n/a , n/a , n/a , n/a , n/a , n/a , n/a , n/a , n/a , n/a , n/a , n/a , n/a 
IMD - 4,East of England,IMD - 4East of England," 3,200 "," 4,000 "," 78,340 ","3,300","4,100","76,090","3,600","4,400","105,660","3,600","4,600","91,630", n/a , n/a , n/a , n/a , n/a , n/a , n/a , n/a , n/a , n/a , n/a , n/a , n/a , n/a , n/a , n/a , n/a , n/a , n/a , n/a , n/a ," 10,900 "," 11,700 "," 64,300 ","10,700","11,500","62,350","12,800","13,900","77,330","13,400","14,500","63,610", n/a , n/a , n/a , n/a , n/a , n/a , n/a , n/a , n/a , n/a , n/a , n/a , n/a , n/a , n/a , n/a , n/a , n/a , n/a , n/a , n/a 
IMD - 4,London,IMD - 4London," 3,100 "," 3,900 "," 136,830 ","3,200","4,000","135,220","3,600","4,500","77,440","3,600","4,600","68,930", n/a , n/a , n/a , n/a , n/a , n/a , n/a , n/a , n/a , n/a , n/a , n/a , n/a , n/a , n/a , n/a , n/a , n/a , n/a , n/a , n/a ," 11,400 "," 12,600 "," 122,200 ","11,200","12,400","122,060","15,500","16,900","65,450","15,700","17,100","56,050", n/a , n/a , n/a , n/a , n/a , n/a , n/a , n/a , n/a , n/a , n/a , n/a , n/a , n/a , n/a , n/a , n/a , n/a , n/a , n/a , n/a 
IMD - 4,South East,IMD - 4South East," 3,200 "," 3,900 "," 89,110 ","3,200","4,000","88,300","3,600","4,500","140,130","3,700","4,600","121,290", n/a , n/a , n/a , n/a , n/a , n/a , n/a , n/a , n/a , n/a , n/a , n/a , n/a , n/a , n/a , n/a , n/a , n/a , n/a , n/a , n/a ," 10,200 "," 11,100 "," 78,700 ","10,100","10,900","77,850","12,800","14,000","108,690","13,300","14,500","89,340", n/a , n/a , n/a , n/a , n/a , n/a , n/a , n/a , n/a , n/a , n/a , n/a , n/a , n/a , n/a , n/a , n/a , n/a , n/a , n/a , n/a 
IMD - 4,South West,IMD - 4South West," 3,400 "," 4,300 "," 68,450 ","3,400","4,500","70,770","3,600","4,400","93,900","3,500","4,500","80,820", n/a , n/a , n/a , n/a , n/a , n/a , n/a , n/a , n/a , n/a , n/a , n/a , n/a , n/a , n/a , n/a , n/a , n/a , n/a , n/a , n/a ," 9,400 "," 10,300 "," 51,750 ","9,400","10,300","50,440","11,500","12,600","66,030","11,900","13,100","55,220", n/a , n/a , n/a , n/a , n/a , n/a , n/a , n/a , n/a , n/a , n/a , n/a , n/a , n/a , n/a , n/a , n/a , n/a , n/a , n/a , n/a 
IMD - 4,Wales,IMD - 4Wales," 3,000 "," 3,500 "," 42,670 ", n/a , n/a , n/a , n/a , n/a , n/a , n/a , n/a , n/a , n/a , n/a , n/a , n/a , n/a , n/a , n/a , n/a , n/a , n/a , n/a , n/a , n/a , n/a , n/a , n/a , n/a , n/a , n/a , n/a , n/a , n/a , n/a , n/a , n/a , n/a , n/a , n/a , n/a , n/a , n/a , n/a , n/a , n/a , n/a , n/a , n/a , n/a , n/a , n/a , n/a , n/a , n/a , n/a , n/a , n/a , n/a , n/a , n/a , n/a , n/a , n/a , n/a , n/a 
IMD - 5,North East,IMD - 5North East," 2,700 "," 3,200 "," 64,240 ","2,700","3,200","62,320","3,500","4,000","26,880","3,500","4,000","22,800", n/a , n/a , n/a , n/a , n/a , n/a , n/a , n/a , n/a , n/a , n/a , n/a , n/a , n/a , n/a , n/a , n/a , n/a , n/a , n/a , n/a ," 10,400 "," 11,000 "," 60,290 ","10,500","11,100","57,590","16,500","17,400","22,880","16,900","17,900","20,260", n/a , n/a , n/a , n/a , n/a , n/a , n/a , n/a , n/a , n/a , n/a , n/a , n/a , n/a , n/a , n/a , n/a , n/a , n/a , n/a , n/a 
IMD - 5,North West,IMD - 5North West," 3,000 "," 3,400 "," 150,940 ","3,000","3,500","165,450","3,700","4,300","79,310","3,800","4,400","68,210", n/a , n/a , n/a , n/a , n/a , n/a , n/a , n/a , n/a , n/a , n/a , n/a , n/a , n/a , n/a , n/a , n/a , n/a , n/a , n/a , n/a ," 9,500 "," 10,300 "," 160,020 ","9,600","10,300","154,090","15,800","17,000","66,500","16,500","17,700","59,570", n/a , n/a , n/a , n/a , n/a , n/a , n/a , n/a , n/a , n/a , n/a , n/a , n/a , n/a , n/a , n/a , n/a , n/a , n/a , n/a , n/a 
IMD - 5,Yorks & Humber,IMD - 5Yorks & Humber," 2,900 "," 3,400 "," 104,600 ","2,900","3,500","106,930","3,500","4,100","54,130","3,500","4,200","49,620", n/a , n/a , n/a , n/a , n/a , n/a , n/a , n/a , n/a , n/a , n/a , n/a , n/a , n/a , n/a , n/a , n/a , n/a , n/a , n/a , n/a ," 10,500 "," 11,300 "," 101,830 ","10,500","11,200","97,840","15,800","17,000","44,460","16,400","17,700","41,970", n/a , n/a , n/a , n/a , n/a , n/a , n/a , n/a , n/a , n/a , n/a , n/a , n/a , n/a , n/a , n/a , n/a , n/a , n/a , n/a , n/a 
IMD - 5,East Midlands,IMD - 5East Midlands," 2,900 "," 3,500 "," 61,990 ","2,900","3,600","59,970","3,500","4,100","75,130","3,500","4,300","63,540", n/a , n/a , n/a , n/a , n/a , n/a , n/a , n/a , n/a , n/a , n/a , n/a , n/a , n/a , n/a , n/a , n/a , n/a , n/a , n/a , n/a ," 10,200 "," 10,900 "," 56,920 ","10,200","10,900","53,280","14,500","15,500","60,970","15,100","16,100","54,300", n/a , n/a , n/a , n/a , n/a , n/a , n/a , n/a , n/a , n/a , n/a , n/a , n/a , n/a , n/a , n/a , n/a , n/a , n/a , n/a , n/a 
IMD - 5,West Midlands,IMD - 5West Midlands," 3,100 "," 3,700 "," 102,630 ","3,200","3,800","105,250","3,700","4,300","58,120","3,700","4,400","49,170", n/a , n/a , n/a , n/a , n/a , n/a , n/a , n/a , n/a , n/a , n/a , n/a , n/a , n/a , n/a , n/a , n/a , n/a , n/a , n/a , n/a ," 10,600 "," 11,500 "," 103,440 ","10,600","11,500","98,110","15,000","16,100","47,140","15,600","16,700","42,630", n/a , n/a , n/a , n/a , n/a , n/a , n/a , n/a , n/a , n/a , n/a , n/a , n/a , n/a , n/a , n/a , n/a , n/a , n/a , n/a , n/a 
IMD - 5,East of England,IMD - 5East of England," 3,100 "," 3,800 "," 43,750 ","3,100","3,800","41,920","3,700","4,500","121,320","3,800","4,600","103,660", n/a , n/a , n/a , n/a , n/a , n/a , n/a , n/a , n/a , n/a , n/a , n/a , n/a , n/a , n/a , n/a , n/a , n/a , n/a , n/a , n/a ," 9,500 "," 10,400 "," 37,760 ","9,400","10,200","34,930","14,600","15,900","93,990","15,200","16,400","83,210", n/a , n/a , n/a , n/a , n/a , n/a , n/a , n/a , n/a , n/a , n/a , n/a , n/a , n/a , n/a , n/a , n/a , n/a , n/a , n/a , n/a 
IMD - 5,London,IMD - 5London," 2,700 "," 3,400 "," 107,170 ","2,800","3,600","102,390","4,000","4,700","46,940","4,000","4,800","40,080", n/a , n/a , n/a , n/a , n/a , n/a , n/a , n/a , n/a , n/a , n/a , n/a , n/a , n/a , n/a , n/a , n/a , n/a , n/a , n/a , n/a ," 9,300 "," 10,300 "," 92,590 ","9,100","10,000","85,340","18,000","19,200","37,050","18,300","19,400","34,190", n/a , n/a , n/a , n/a , n/a , n/a , n/a , n/a , n/a , n/a , n/a , n/a , n/a , n/a , n/a , n/a , n/a , n/a , n/a , n/a , n/a 
IMD - 5,South East,IMD - 5South East," 3,100 "," 3,800 "," 45,610 ","3,100","3,800","43,330","3,800","4,600","214,710","3,800","4,700","185,220", n/a , n/a , n/a , n/a , n/a , n/a , n/a , n/a , n/a , n/a , n/a , n/a , n/a , n/a , n/a , n/a , n/a , n/a , n/a , n/a , n/a ," 8,800 "," 9,600 "," 39,680 ","8,700","9,400","34,920","14,800","16,200","170,550","15,300","16,700","149,700", n/a , n/a , n/a , n/a , n/a , n/a , n/a , n/a , n/a , n/a , n/a , n/a , n/a , n/a , n/a , n/a , n/a , n/a , n/a , n/a , n/a 
IMD - 5,South West,IMD - 5South West," 3,200 "," 3,900 "," 38,490 ","3,200","4,000","39,190","3,500","4,200","80,070","3,500","4,300","69,250", n/a , n/a , n/a , n/a , n/a , n/a , n/a , n/a , n/a , n/a , n/a , n/a , n/a , n/a , n/a , n/a , n/a , n/a , n/a , n/a , n/a ," 8,300 "," 9,100 "," 33,440 ","8,400","9,100","31,300","12,900","13,900","61,820","13,300","14,400","55,350", n/a , n/a , n/a , n/a , n/a , n/a , n/a , n/a , n/a , n/a , n/a , n/a , n/a , n/a , n/a , n/a , n/a , n/a , n/a , n/a , n/a 
IMD - 5,Wales,IMD - 5Wales," 3,000 "," 3,400 "," 42,370 ", n/a , n/a , n/a , n/a , n/a , n/a , n/a , n/a , n/a , n/a , n/a , n/a , n/a , n/a , n/a , n/a , n/a , n/a , n/a , n/a , n/a , n/a , n/a , n/a , n/a , n/a , n/a , n/a , n/a , n/a , n/a , n/a , n/a , n/a , n/a , n/a , n/a , n/a , n/a , n/a , n/a , n/a , n/a , n/a , n/a , n/a , n/a , n/a , n/a , n/a , n/a , n/a , n/a , n/a , n/a , n/a , n/a , n/a , n/a , n/a , n/a , n/a , n/a 
Total Property Age Pre 1919,Total Property Age Pre 1919,Total Property Age Pre 1919Total Property Age Pre 1919," 3,200 "," 4,100 "," 696,420 ","3,300","4,400","724,930","3,300","4,200","787,530",3300,4400,709060,"3,400","4,400","718,800","3,500","4,400","658,880","3,500","4,500","649,880","3,500","4,500","646,160","3,600","4,700","645,480","3,700","4,700","649,530","3,800","4,900","571,990","12,600","14,100","652,610","12,600","14,100","656,880","13,100","14,600","607,640","13,600","15,100","550,070","13,600","15,100","575,620","14,800","16,300","513,820","14,800","16,300","560,800","16,400","17,800","492,220","17,000","18,300","484,230","17,500","18,800","474,370","18,400","19,600","461,460"
Total Property Age 1919-44,Total Property Age 1919-44,Total Property Age 1919-44Total Property Age 1919-44," 3,400 "," 4,100 "," 680,410 ","3,500","4,200","698,450","3,500","4,100","708,100",3500,4200,618450,"3,600","4,200","624,050","3,600","4,300","636,200","3,600","4,300","629,950","3,600","4,300","626,570","3,800","4,500","627,590","3,800","4,600","630,150","3,900","4,700","561,410","13,600","14,700","675,620","13,600","14,700","677,620","14,100","15,200","636,620","14,700","15,700","547,960","14,600","15,700","571,990","15,800","16,900","565,010","16,000","17,000","602,810","17,600","18,600","546,120","18,300","19,200","538,310","19,000","19,800","529,660","19,900","20,700","516,660"
Total Property Age 1945-64,Total Property Age 1945-64,Total Property Age 1945-64Total Property Age 1945-64," 3,200 "," 3,800 "," 767,360 ","3,200","3,900","788,560","3,200","3,900","802,710",3200,3900,691730,"3,300","4,000","697,960","3,300","4,000","699,740","3,300","4,000","693,540","3,300","4,100","689,540","3,500","4,200","689,940","3,500","4,300","693,120","3,600","4,400","619,660","11,800","12,700","741,610","11,900","12,700","743,640","12,300","13,100","701,450","12,800","13,600","594,890","12,800","13,700","620,170","13,900","14,700","602,740","14,000","14,800","643,050","15,500","16,300","583,510","16,200","17,000","576,460","16,800","17,500","567,510","17,700","18,400","553,100"
Total Property Age 1965-82,Total Property Age 1965-82,Total Property Age 1965-82Total Property Age 1965-82," 3,100 "," 3,800 "," 845,300 ","3,200","3,900","871,700","3,200","3,800","893,000",3200,3900,772500,"3,300","4,000","778,520","3,300","4,100","780,820","3,300","4,100","775,020","3,400","4,100","770,410","3,500","4,300","771,340","3,600","4,400","775,040","3,700","4,500","687,710","11,200","12,100","761,730","11,200","12,100","763,770","11,600","12,500","717,960","12,100","13,000","610,880","12,100","13,000","637,980","13,100","13,900","618,630","13,200","14,000","661,710","14,700","15,500","599,520","15,300","16,100","593,040","15,900","16,700","583,420","16,700","17,500","566,610"
Total Property Age 1983-92,Total Property Age 1983-92,Total Property Age 1983-92Total Property Age 1983-92," 3,300 "," 4,000 "," 295,990 ","3,300","4,100","305,580","3,300","4,000","316,410",3400,4200,279110,"3,500","4,200","280,400","3,500","4,300","282,300","3,500","4,300","280,740","3,600","4,400","278,750","3,700","4,600","279,630","3,800","4,600","281,040","3,900","4,700","252,730","10,800","11,900","243,520","10,800","11,900","244,070","11,200","12,200","232,010","11,600","12,700","203,410","11,600","12,700","211,470","12,500","13,600","208,600","12,600","13,700","218,310","13,900","15,000","202,730","14,500","15,600","201,510","15,000","16,000","199,960","15,600","16,600","195,450"
Total Property Age 1993-99,Total Property Age 1993-99,Total Property Age 1993-99Total Property Age 1993-99," 3,500 "," 4,200 "," 194,010 ","3,500","4,200","201,170","3,500","4,200","210,760",3500,4300,196880,"3,700","4,400","197,740","3,700","4,400","198,620","3,700","4,400","197,330","3,700","4,500","195,620","3,900","4,700","196,170","3,900","4,700","197,110","4,000","4,800","175,960","11,100","12,200","171,220","11,100","12,200","171,570","11,500","12,500","160,020","11,900","13,000","151,990","11,900","13,000","158,370","12,700","13,800","152,470","12,700","13,800","159,350","14,000","15,100","152,610","14,400","15,500","148,380","14,700","15,800","139,690","15,300","16,400","148,270"
Total Property Age Post 1999,Total Property Age Post 1999,Total Property Age Post 1999Total Property Age Post 1999," 3,300 "," 4,100 "," 244,860 ","3,400","4,200","255,790","3,400","4,100","279,650",3400,4200,230440,"3,500","4,300","231,300","3,600","4,400","195,790","3,500","4,300","193,760","3,500","4,300","190,800","3,600","4,400","179,840","3,600","4,400","158,100","3,600","4,500","122,110","10,700","11,800","158,670","10,800","11,900","158,120","10,900","12,100","128,330","11,400","12,600","119,060","11,500","12,700","133,610","12,000","13,300","93,120","12,000","13,300","99,180","13,000","14,300","109,370","13,600","15,100","95,030","14,200","15,600","64,910","15,200","16,500","87,110"
Total Property Type Detached,Total Property Type Detached,Total Property Type DetachedTotal Property Type Detached," 4,200 "," 5,000 "," 569,990 ","4,300","5,300","594,560","4,300","5,200","617,000",4400,5300,551950,"4,500","5,400","555,660","4,600","5,400","542,880","4,600","5,500","538,740","4,600","5,500","534,660","4,800","5,700","533,900","4,900","5,800","534,190","5,000","5,900","467,890","17,100","18,600","507,870","17,100","18,600","509,250","17,600","19,100","471,790","18,200","19,700","422,650","18,000","19,600","444,920","19,300","20,800","422,900","19,500","20,900","444,160","21,200","22,500","414,860","21,800","23,100","401,040","22,700","23,900","380,980","23,100","24,600","387,530"
Total Property Type Semi detached,Total Property Type Semi detached,Total Property Type Semi detachedTotal Property Type Semi detached," 3,500 "," 4,100 "," 1,024,620 ","3,500","4,100","1,057,810","3,500","4,100","1,075,220",3500,4100,931620,"3,600","4,200","938,370","3,700","4,300","933,410","3,600","4,300","925,690","3,700","4,300","919,250","3,800","4,500","920,680","3,900","4,600","922,420","4,000","4,700","805,170","12,900","13,900","1,007,460","13,000","13,900","1,009,620","13,400","14,400","947,540","14,000","14,900","810,720","13,900","14,900","847,970","15,100","16,000","818,370","15,300","16,200","866,900","16,900","17,800","797,290","17,500","18,400","785,380","18,200","19,000","767,330","19,100","19,900","755,380"
Total Property Type End terrace,Total Property Type End terrace,Total Property Type End terraceTotal Property Type End terrace," 3,300 "," 3,900 "," 353,930 ","3,300","4,000","363,420","3,300","3,900","369,520",3300,4000,321740,"3,400","4,100","324,530","3,500","4,100","321,240","3,400","4,100","317,900","3,500","4,200","315,710","3,600","4,300","314,580","3,700","4,400","313,970","3,700","4,600","280,070","11,600","12,500","343,860","11,600","12,500","344,190","12,000","12,900","320,380","12,500","13,500","276,920","12,500","13,500","290,220","13,500","14,500","275,410","13,700","14,600","294,560","15,000","16,000","269,530","15,600","16,700","264,120","16,300","17,200","255,390","17,000","18,000","253,510"
Total Property Type Mid terrace,Total Property Type Mid terrace,Total Property Type Mid terraceTotal Property Type Mid terrace," 3,100 "," 3,700 "," 777,790 ","3,100","3,700","797,110","3,100","3,700","807,440",3100,3700,699840,"3,200","3,800","707,060","3,200","3,800","698,460","3,200","3,900","690,300","3,200","3,900","686,050","3,400","4,100","685,580","3,400","4,100","686,420","3,500","4,300","610,850","10,600","11,600","771,130","10,700","11,600","772,710","11,000","12,000","717,970","11,500","12,400","614,630","11,600","12,500","642,300","12,400","13,400","608,310","12,600","13,500","656,080","13,800","14,800","593,330","14,400","15,400","583,130","15,000","15,900","568,920","15,600","16,600","559,750"
Total Property Type Bungalow,Total Property Type Bungalow,Total Property Type BungalowTotal Property Type Bungalow," 2,900 "," 3,800 "," 388,890 ","3,000","3,900","406,420","3,000","3,800","417,800",3000,3900,365670,"3,100","4,000","367,790","3,100","4,000","360,930","3,000","4,000","358,800","3,000","4,100","356,860","3,200","4,200","356,820","3,200","4,300","358,260","3,300","4,400","321,230","12,400","13,500","346,380","12,300","13,500","347,890","12,700","13,800","330,880","13,300","14,400","285,590","13,200","14,400","298,160","14,200","15,300","291,230","14,300","15,500","303,660","15,800","17,000","282,270","16,500","17,700","278,960","17,000","18,200","273,880","17,900","19,000","267,310"
Total Property Type Converted flat,Total Property Type Converted flat,Total Property Type Converted flatTotal Property Type Converted flat," 2,700 "," 4,000 "," 68,470 ","2,800","4,400","72,380","2,500","3,500","118,710",2600,3900,112410,"2,700","3,900","114,040","2,700","3,900","84,390","2,700","3,900","83,100","2,800","4,000","82,690","2,900","4,100","81,190","2,900","4,100","80,390","3,000","4,300","72,450","8,100","9,600","66,900","6,700","7,700","431,990","8,400","10,000","62,480","8,900","10,700","75,420","8,900","10,800","79,070","9,800","11,400","53,000","9,700","11,400","59,420","10,700","12,400","50,660","11,200","12,900","49,450","11,500","13,300","48,150","12,300","14,100","46,950"
Total Property Type Purpose built flat,Total Property Type Purpose built flat,Total Property Type Purpose built flatTotal Property Type Purpose built flat," 2,400 "," 3,400 "," 540,680 ","2,400","3,500","554,490","2,400","3,300","592,470",2400,3500,514930,"2,500","3,500","521,320","2,500","3,600","516,550","2,500","3,600","511,130","2,500","3,700","508,030","2,600","3,800","502,630","2,700","3,700","493,850","2,700","3,800","438,700","6,500","7,300","361,380","6,500","7,300","363,590","6,800","7,500","332,990","7,000","7,800","292,330","7,100","8,000","306,570","7,800","8,600","288,630","7,800","8,700","324,170","8,600","9,500","281,460","9,200","10,100","278,130","9,500","10,300","268,050","10,300","11,000","261,330"
Total Number of Bedrooms 1 bedroom,Total Number of Bedrooms 1 bedroom,Total Number of Bedrooms 1 bedroomTotal Number of Bedrooms 1 bedroom," 2,000 "," 3,000 "," 331,290 ","2,100","3,100","342,800","2,000","2,900","388,110",2100,3100,341160,"2,100","3,100","345,500","2,100","3,100","325,490","2,100","3,200","322,050","2,100","3,200","320,440","2,200","3,300","317,910","2,200","3,300","315,710","2,300","3,400","278,770","6,000","6,800","225,790","6,000","6,800","228,130","6,200","7,000","210,790","6,500","7,300","191,890","6,600","7,500","200,630","7,200","8,000","177,910","7,200","8,100","198,170","8,000","9,000","173,020","8,500","9,400","171,300","8,800","9,700","167,360","9,400","10,300","161,490"
Total Number of Bedrooms 2 bedrooms,Total Number of Bedrooms 2 bedrooms,Total Number of Bedrooms 2 bedroomsTotal Number of Bedrooms 2 bedrooms," 2,700 "," 3,600 "," 1,026,480 ","2,800","3,600","1,067,210","2,800","3,600","1,117,960",2800,3700,974170,"2,900","3,700","983,530","2,900","3,800","960,850","2,900","3,800","951,340","2,900","3,800","945,140","3,000","4,000","940,570","3,000","4,000","935,830","3,100","4,100","821,760","9,600","10,500","912,220","9,700","10,500","922,270","10,000","10,900","858,140","10,400","11,300","748,250","10,400","11,300","782,910","11,300","12,200","741,890","11,400","12,300","800,060","12,600","13,500","722,830","13,200","14,100","712,290","13,700","14,600","691,490","14,300","15,300","680,410"
Total Number of Bedrooms 3 bedrooms,Total Number of Bedrooms 3 bedrooms,Total Number of Bedrooms 3 bedroomsTotal Number of Bedrooms 3 bedrooms," 3,400 "," 4,000 "," 1,832,970 ","3,500","4,100","1,900,310","3,500","4,100","1,937,890",3500,4100,1677650,"3,600","4,200","1,690,800","3,600","4,300","1,659,470","3,600","4,300","1,644,630","3,600","4,300","1,633,770","3,800","4,500","1,634,110","3,900","4,600","1,636,560","3,900","4,700","1,448,730","12,700","13,600","1,780,970","12,800","13,600","1,795,910","13,200","14,000","1,682,060","13,700","14,600","1,441,900","13,700","14,600","1,508,410","14,800","15,600","1,437,100","14,900","15,800","1,526,590","16,400","17,300","1,402,150","17,100","18,000","1,378,720","17,800","18,600","1,345,520","18,600","19,400","1,326,400"
Total Number of Bedrooms 4 bedrooms,Total Number of Bedrooms 4 bedrooms,Total Number of Bedrooms 4 bedroomsTotal Number of Bedrooms 4 bedrooms," 4,300 "," 5,000 "," 439,270 ","4,300","5,200","441,050","4,400","5,100","455,950",4400,5200,411190,"4,600","5,300","413,990","4,600","5,400","402,860","4,600","5,400","399,530","4,700","5,400","396,530","4,900","5,700","395,740","5,000","5,700","394,470","5,100","5,900","350,750","17,100","18,400","408,490","17,200","18,500","396,560","17,700","19,000","366,740","18,300","19,600","332,310","18,100","19,500","349,930","19,500","20,800","327,680","19,700","20,900","345,650","21,400","22,600","322,590","22,100","23,200","312,010","22,900","24,000","295,920","23,300","24,700","301,030"
Total Number of Bedrooms 5 or more bedrooms,Total Number of Bedrooms 5 or more bedrooms,Total Number of Bedrooms 5 or more bedroomsTotal Number of Bedrooms 5 or more bedrooms," 5,400 "," 6,600 "," 94,360 ","5,700","7,500","94,810","5,600","6,800","98,250",5800,7100,93990,"6,000","7,200","94,950","6,000","7,200","91,730","6,000","7,200","90,820","6,100","7,200","90,150","6,400","7,500","89,910","6,500","7,600","89,730","6,600","7,700","80,820","23,100","24,200","77,500","23,200","24,300","72,780","23,900","24,900","66,290","24,700","25,600","63,920","24,300","25,400","67,330","26,000","26,800","61,920","26,000","26,700","66,010","27,800","28,100","58,000","28,300","28,500","55,230","29,300","29,300","51,880","30,200","29,900","52,120"
Total Floor Area (m2) 50 or less,Total Floor Area (m2) 50 or less,Total Floor Area (m2) 50 or lessTotal Floor Area (m2) 50 or less," 2,200 "," 3,300 "," 454,750 ","2,300","3,400","458,400","2,300","3,200","527,730",2300,3300,452740,"2,300","3,300","458,410","2,300","3,400","429,880","2,300","3,400","425,230","2,400","3,500","422,810","2,400","3,600","417,840","2,500","3,600","411,120","2,500","3,700","365,760","6,200","7,100","306,840","6,200","6,900","301,500","6,500","7,300","284,110","6,700","7,400","253,120","6,800","7,600","265,190","7,400","8,100","232,950","7,400","8,200","261,310","8,200","9,000","227,130","8,700","9,500","224,200","9,000","9,700","216,930","9,700","10,400","210,730"
Total Floor Area (m2) 51 to 100,Total Floor Area (m2) 51 to 100,Total Floor Area (m2) 51 to 100Total Floor Area (m2) 51 to 100," 3,000 "," 3,700 "," 1,930,210 ","3,000","3,700","2,009,860","3,100","3,700","2,062,940",3000,3700,1780930,"3,100","3,800","1,795,740","3,200","3,800","1,781,320","3,100","3,900","1,765,110","3,200","3,900","1,753,660","3,300","4,100","1,752,410","3,400","4,100","1,753,600","3,400","4,200","1,546,550","10,700","11,400","1,853,440","10,800","11,400","1,877,850","11,200","11,800","1,756,980","11,600","12,200","1,504,330","11,600","12,300","1,572,120","12,600","13,200","1,509,840","12,700","13,300","1,612,160","14,000","14,600","1,474,420","14,600","15,300","1,451,890","15,200","15,800","1,417,110","16,000","16,600","1,395,970"
Total Floor Area (m2) 101 to 150,Total Floor Area (m2) 101 to 150,Total Floor Area (m2) 101 to 150Total Floor Area (m2) 101 to 150," 3,700 "," 4,300 "," 1,042,740 ","3,800","4,400","1,066,300","3,800","4,400","1,091,450",3800,4400,960010,"3,900","4,500","967,100","4,000","4,600","941,830","4,000","4,600","933,440","4,000","4,600","926,990","4,200","4,900","926,460","4,300","4,900","926,110","4,300","5,100","818,770","14,900","15,700","1,003,150","15,000","15,800","995,990","15,500","16,300","929,840","16,100","16,800","812,960","16,000","16,800","853,100","17,300","18,000","805,310","17,400","18,200","852,430","19,200","19,900","789,060","19,800","20,600","773,120","20,700","21,300","747,670","21,500","22,200","744,990"
Total Floor Area (m2) 151 to 200,Total Floor Area (m2) 151 to 200,Total Floor Area (m2) 151 to 200Total Floor Area (m2) 151 to 200," 4,600 "," 5,400 "," 205,360 ","4,700","5,700","206,090","4,800","5,600","215,290",4800,5700,196470,"5,000","5,800","198,240","5,000","5,900","189,960","5,000","5,900","188,200","5,100","5,900","186,820","5,300","6,200","186,350","5,400","6,200","186,200","5,500","6,400","165,120","21,000","21,900","179,270","21,100","22,000","172,770","21,800","22,700","159,520","22,500","23,300","147,370","22,100","23,100","155,220","23,900","24,700","144,720","24,000","24,800","152,950","26,000","26,600","139,640","26,700","27,200","134,610","27,800","28,100","127,860","28,500","28,800","128,220"
Total Floor Area (m2) Over 200,Total Floor Area (m2) Over 200,Total Floor Area (m2) Over 200Total Floor Area (m2) Over 200," 6,100 "," 7,300 "," 91,310 ","6,400","8,400","95,370","6,300","7,500","100,750",6500,7800,97540,"6,600","7,900","98,630","6,700","7,900","98,250",n/a,n/a,n/a,n/a,n/a,n/a,n/a,n/a,n/a,n/a,n/a,n/a,n/a,n/a,n/a,"27,700","27,900","62,280","27,700","27,900","59,230","28,500","28,600","53,580","29,000","29,000","53,110","28,600","28,700","55,920","30,100","30,000","51,630",n/a,n/a,n/a,n/a,n/a,n/a,n/a,n/a,n/a,n/a,n/a,n/a,n/a,n/a,n/a
Total Tenure Owner-occupied,Total Tenure Owner-occupied,Total Tenure Owner-occupiedTotal Tenure Owner-occupied," 3,400 "," 4,100 "," 2,455,950 ","3,500","4,300","2,556,340","3,500","4,200","2,614,160",3500,4300,2320540,"3,700","4,400","2,337,880","3,700","4,500","2,074,800","3,700","4,500","2,058,340","3,800","4,500","2,046,360","3,900","4,700","2,044,580","4,000","4,800","2,044,160","4,100","4,900","1,801,160","13,300","14,400","2,283,450","13,400","14,400","2,308,740","13,800","14,900","2,156,630","14,300","15,400","1,888,010","14,200","15,400","1,980,140","15,400","16,400","1,730,260","15,500","16,600","1,832,850","17,100","18,100","1,692,420","17,700","18,700","1,656,920","18,400","19,300","1,604,490","19,100","20,100","1,595,170"
Total Tenure Privately rented,Total Tenure Privately rented,Total Tenure Privately rentedTotal Tenure Privately rented," 3,000 "," 3,900 "," 534,600 ","3,100","4,000","548,010","3,000","3,800","574,270",3000,3900,495780,"3,100","3,900","501,500","3,100","4,000","203,170","3,100","4,000","200,680","3,200","4,100","199,240","3,300","4,200","196,740","3,300","4,200","194,910","3,400","4,400","168,510","10,400","11,700","441,050","10,300","11,500","437,660","10,600","11,900","401,720","10,500","11,700","345,810","10,500","11,800","361,890","11,500","12,600","143,720","11,500","12,600","157,420","12,700","13,800","139,740","13,300","14,400","136,960","13,900","14,900","131,910","14,800","15,900","129,570"
Total Tenure Council/Housing Association,Total Tenure Council/Housing Association,Total Tenure Council/Housing AssociationTotal Tenure Council/Housing Association," 2,900 "," 3,500 "," 729,860 ","2,900","3,600","731,070","2,900","3,500","749,720",2800,3500,624360,"2,900","3,500","630,580","3,000","3,600","547,840","2,900","3,700","542,990","3,000","3,700","539,950","3,100","3,900","537,600","3,100","3,900","536,120","3,200","4,000","466,130","9,000","9,600","654,500","9,000","9,500","637,840","9,300","9,800","597,320","10,100","10,700","507,050","10,200","10,900","527,830","10,900","11,500","431,550","11,100","11,600","465,540","12,300","12,800","418,950","12,900","13,500","413,460","13,400","14,000","403,300","14,200","14,800","390,570"
"Total Income Less than £15,000","Total Income Less than £15,000","Total Income Less than £15,000Total Income Less than £15,000"," 2,500 "," 3,300 "," 571,140 ","2,600","3,400","720,040","2,600","3,300","740,940",2600,3400,718190,"2,700","3,400","725,820","2,700","3,500","725,380","2,700","3,500","718,740","2,700","3,500","711,640","2,800","3,700","707,680","2,900","3,800","708,680","3,000","3,900","620,380","9,900","10,800","516,750","10,000","10,800","629,260","10,400","11,200","590,980","10,900","11,700","566,870","10,900","11,800","591,440","11,800","12,700","566,670","12,000","12,800","607,220","13,300","14,200","551,470","13,900","14,800","544,330","14,500","15,300","530,250","15,300","16,200","518,040"
"Total Income £15,000 - £19,999","Total Income £15,000 - £19,999","Total Income £15,000 - £19,999Total Income £15,000 - £19,999"," 2,700 "," 3,500 "," 306,080 ","2,800","3,600","320,800","2,800","3,500","329,670",2900,3600,281560,"2,900","3,700","283,950","2,900","3,700","283,840","2,900","3,700","281,310","3,000","3,800","278,690","3,100","4,000","277,200","3,200","4,000","277,710","3,300","4,200","246,430","10,400","11,300","268,940","10,500","11,300","277,390","10,900","11,700","260,510","11,800","12,700","221,050","11,800","12,700","230,920","12,800","13,700","221,420","12,900","13,800","236,590","14,300","15,200","216,370","14,900","15,800","212,810","15,500","16,300","207,200","16,400","17,200","203,640"
"Total Income £20,000 - £29,999","Total Income £20,000 - £29,999","Total Income £20,000 - £29,999Total Income £20,000 - £29,999"," 3,000 "," 3,700 "," 775,470 ","3,000","3,700","813,380","3,000","3,700","833,640",3100,3800,680260,"3,100","3,800","685,520","3,200","3,900","684,510","3,100","3,900","677,610","3,200","4,000","669,630","3,300","4,200","665,330","3,400","4,200","665,420","3,500","4,400","579,700","10,800","11,700","707,180","10,900","11,800","718,110","11,300","12,200","671,420","12,000","13,000","542,220","12,000","13,000","566,480","13,000","13,900","541,130","13,100","14,100","579,230","14,600","15,500","528,250","15,200","16,200","519,600","15,900","16,800","505,260","16,800","17,600","496,470"
"Total Income £30,000 - £39,999","Total Income £30,000 - £39,999","Total Income £30,000 - £39,999Total Income £30,000 - £39,999"," 3,200 "," 3,900 "," 664,370 ","3,300","4,100","650,610","3,300","4,000","666,000",3400,4100,558050,"3,500","4,200","562,000","3,500","4,300","561,080","3,500","4,300","555,590","3,600","4,300","549,580","3,700","4,500","545,710","3,800","4,600","544,740","3,900","4,700","485,060","11,700","12,600","608,880","12,000","12,900","580,390","12,400","13,300","540,950","13,000","14,000","449,080","12,900","13,900","470,120","14,000","15,000","447,760","14,200","15,100","478,910","15,700","16,600","437,720","16,300","17,200","429,050","17,000","17,900","416,670","17,800","18,700","411,900"
"Total Income £40,000 - £49,999","Total Income £40,000 - £49,999","Total Income £40,000 - £49,999Total Income £40,000 - £49,999"," 3,600 "," 4,200 "," 503,820 ","3,700","4,400","488,300","3,700","4,300","500,110",3700,4400,427710,"3,900","4,500","430,980","3,900","4,500","430,400","3,900","4,500","425,940","3,900","4,600","420,500","4,100","4,800","418,420","4,100","4,800","417,540","4,100","4,900","373,160","12,800","13,700","466,620","13,100","14,000","439,980","13,600","14,500","409,570","14,000","14,900","349,690","13,900","14,900","366,660","15,000","16,000","348,600","15,100","16,100","372,370","16,700","17,600","340,880","17,300","18,200","332,830","18,100","18,900","323,090","18,800","19,600","320,320"
"Total Income £50,000 - £59,999","Total Income £50,000 - £59,999","Total Income £50,000 - £59,999Total Income £50,000 - £59,999"," 3,700 "," 4,400 "," 296,260 ","3,800","4,600","282,610","3,900","4,500","290,310",3900,4600,252680,"4,000","4,700","254,770","4,000","4,700","254,180","4,000","4,700","251,530","4,000","4,700","248,190","4,200","4,900","246,530","4,200","5,000","245,210","4,300","5,100","221,260","13,700","14,800","272,020","13,800","14,900","251,780","14,300","15,400","233,160","14,700","15,700","203,880","14,600","15,700","214,250","15,700","16,700","202,690","15,800","16,800","216,340","17,300","18,300","198,570","18,000","18,900","193,380","18,700","19,600","186,350","19,500","20,300","185,870"
"Total Income £60,000 - £69,999","Total Income £60,000 - £69,999","Total Income £60,000 - £69,999Total Income £60,000 - £69,999"," 3,900 "," 4,500 "," 184,410 ","4,000","4,700","174,040","4,000","4,600","179,220",4000,4800,158850,"4,200","4,900","160,020","4,200","4,900","159,730","4,200","4,900","157,960","4,200","4,900","155,900","4,400","5,100","154,730","4,400","5,200","153,800","4,400","5,200","139,400","14,500","15,600","167,170","14,600","15,700","153,680","15,100","16,200","142,220","15,400","16,500","126,730","15,300","16,400","133,360","16,400","17,500","125,840","16,500","17,600","134,150","18,100","19,100","123,640","18,700","19,700","119,580","19,400","20,400","114,700","20,100","21,000","115,240"
"Total Income £70,000 - £99,999","Total Income £70,000 - £99,999","Total Income £70,000 - £99,999Total Income £70,000 - £99,999"," 4,200 "," 4,900 "," 255,760 ","4,300","5,100","239,620","4,300","5,000","247,140",4300,5000,220500,"4,400","5,200","222,520","4,400","5,200","221,930","4,400","5,200","219,270","4,400","5,200","216,860","4,600","5,400","215,220","4,700","5,400","214,270","4,600","5,500","196,080","15,900","17,100","229,780","16,100","17,200","210,960","16,600","17,800","194,810","16,500","17,700","173,760","16,400","17,600","182,990","17,600","18,700","172,140","17,600","18,700","184,230","19,300","20,300","168,410","19,800","20,800","162,500","20,600","21,400","155,990","21,200","22,100","157,160"
"Total Income £100,000 - £149,999","Total Income £100,000 - £149,999","Total Income £100,000 - £149,999Total Income £100,000 - £149,999"," 4,700 "," 5,600 "," 119,510 ","4,900","6,100","108,840","5,000","5,800","112,790",4900,5800,106380,"5,100","5,900","107,480","5,100","6,000","107,270","5,000","5,900","105,920","5,000","5,900","104,920","5,200","6,100","104,260","5,300","6,100","104,020","5,300","6,200","95,940","18,400","19,700","105,060","18,900","20,200","92,610","19,500","20,800","84,730","19,100","20,400","80,760","18,900","20,200","85,330","20,200","21,400","80,350","20,100","21,300","86,090","21,800","22,800","77,790","22,300","23,300","74,760","23,100","23,900","71,470","23,500","24,500","72,040"
"Total Income £150,000 and over","Total Income £150,000 and over","Total Income £150,000 and overTotal Income £150,000 and over"," 5,400 "," 6,500 "," 43,600 ","5,800","7,400","37,180","5,800","6,900","38,320",5300,6500,36490,"5,500","6,700","36,910","5,500","6,700","36,860","5,500","6,600","36,380","5,500","6,600","36,090","5,700","6,700","35,850","5,700","6,800","35,780","5,600","6,700","33,510","20,900","22,300","36,590","21,600","22,900","30,100","22,100","23,500","27,320","20,200","22,000","26,830","20,000","21,700","28,320","21,200","22,800","26,450","21,100","22,700","28,650","22,700","24,000","25,340","23,100","24,300","24,280","23,800","24,800","23,200","24,300","25,300","23,250"
Total Region North East,Total Region North East,Total Region North EastTotal Region North East," 2,900 "," 3,500 "," 198,750 ","3,000","3,500","197,790","3,000","3,500","204,010",3000,3500,178090,"3,100","3,600","179,790","3,100","3,600","188,300","3,100","3,600","186,440","3,100","3,600","185,240","3,200","3,800","185,150","3,300","3,900","184,860","3,300","3,900","183,100","12,300","13,200","186,400","12,500","13,300","186,980","13,000","13,800","174,300","13,500","14,400","151,640","13,400","14,300","157,510","14,400","15,200","158,850","14,600","15,500","169,620","16,400","17,200","155,790","17,100","17,900","153,390","17,900","18,600","147,830","18,900","19,600","146,970"
Total Region North West,Total Region North West,Total Region North WestTotal Region North West," 3,200 "," 3,800 "," 457,930 ","3,300","3,900","518,210","3,300","3,800","533,990",3300,3900,464220,"3,400","4,000","468,120","3,400","4,000","488,210","3,400","4,100","482,290","3,400","4,100","474,620","3,600","4,300","480,740","3,600","4,300","478,990","3,700","4,500","303,900","11,700","12,700","487,440","11,800","12,800","488,520","12,400","13,400","454,290","13,000","14,000","392,700","13,000","14,100","409,150","14,100","15,100","411,070","14,300","15,400","436,520","16,000","17,000","404,260","16,600","17,600","398,840","17,300","18,200","384,370","18,200","19,000","384,080"
Total Region Yorks & Humber,Total Region Yorks & Humber,Total Region Yorks & HumberTotal Region Yorks & Humber," 3,000 "," 3,700 "," 363,880 ","3,100","3,800","381,540","3,100","3,700","391,620",3100,3800,344270,"3,200","3,900","347,090","3,200","3,900","362,450","3,200","3,900","359,720","3,200","3,900","357,150","3,400","4,100","355,280","3,500","4,200","354,240","3,500","4,300","351,260","12,400","13,400","349,480","12,400","13,400","350,590","12,700","13,700","326,430","13,400","14,400","284,120","13,500","14,600","297,070","14,400","15,400","303,130","14,500","15,500","321,920","16,000","16,900","293,960","16,700","17,600","289,690","17,300","18,200","279,760","18,200","19,000","269,630"
Total Region East Midlands,Total Region East Midlands,Total Region East MidlandsTotal Region East Midlands," 3,200 "," 3,900 "," 322,800 ","3,200","4,000","322,940","3,200","3,900","331,150",3300,4000,286740,"3,400","4,100","288,530","3,400","4,100","301,380","3,400","4,100","299,250","3,400","4,200","298,130","3,600","4,400","298,450","3,600","4,400","296,590","3,700","4,500","290,760","12,300","13,300","292,790","12,400","13,300","293,010","12,800","13,700","273,740","13,300","14,300","234,760","13,400","14,300","245,340","14,400","15,300","247,530","14,400","15,300","263,200","15,900","16,700","240,530","16,500","17,400","240,410","17,200","17,900","227,080","18,200","18,900","226,840"
Total Region West Midlands,Total Region West Midlands,Total Region West MidlandsTotal Region West Midlands," 3,300 "," 4,000 "," 360,130 ","3,400","4,100","379,150","3,400","4,000","399,690",3400,4100,343860,"3,500","4,200","346,830","3,500","4,200","362,330","3,500","4,200","359,660","3,500","4,300","357,020","3,700","4,500","358,520","3,800","4,500","359,200","4,000","4,900","194,760","12,200","13,200","351,770","12,200","13,200","352,440","12,500","13,500","329,150","13,100","14,000","285,130","13,200","14,200","298,180","14,100","15,000","303,690","14,200","15,200","322,000","15,700","16,700","294,300","16,300","17,200","293,460","16,900","17,800","282,440","17,800","18,600","278,190"
Total Region East of England,Total Region East of England,Total Region East of EnglandTotal Region East of England," 3,400 "," 4,200 "," 415,370 ","3,500","4,400","414,750","3,500","4,300","420,540",3500,4400,369210,"3,600","4,400","371,770","3,600","4,500","385,920","3,600","4,500","382,430","3,600","4,500","380,050","3,800","4,800","379,210","3,900","4,800","376,710","3,900","4,900","373,010","12,200","13,300","339,380","12,100","13,200","340,050","12,400","13,600","318,680","13,000","14,100","276,810","13,000","14,100","289,500","14,000","15,100","288,100","14,100","15,100","305,840","15,300","16,400","286,490","15,900","17,000","280,000","16,400","17,400","268,960","17,300","18,300","270,310"
Total Region London,Total Region London,Total Region LondonTotal Region London," 3,200 "," 4,000 "," 469,600 ","3,300","4,200","468,300","3,500","4,300","615,510",3200,4100,446700,"3,300","4,100","452,420","3,400","4,200","464,440","3,300","4,200","459,320","3,400","4,200","458,810","3,500","4,300","457,240","3,500","4,400","454,370","3,600","4,500","450,070","12,400","13,900","422,410","12,300","13,700","425,200","12,800","14,200","393,060","12,900","14,400","359,700","13,000","14,400","378,180","14,300","15,600","366,620","14,100","15,500","404,570","15,500","16,800","356,740","16,000","17,300","349,640","16,600","17,700","345,190","17,400","18,400","338,940"
Total Region South East,Total Region South East,Total Region South EastTotal Region South East," 3,500 "," 4,200 "," 589,320 ","3,500","4,400","588,390","3,500","4,300","380,860",3500,4400,536540,"3,700","4,500","540,700","3,700","4,500","558,720","3,700","4,500","552,710","3,700","4,600","550,480","3,900","4,800","543,710","3,900","4,800","545,350","4,000","4,900","538,120","12,200","13,500","515,100","12,100","13,400","516,780","12,500","13,800","481,770","13,000","14,300","416,740","12,900","14,200","438,530","14,000","15,200","435,680","14,000","15,300","467,950","15,400","16,700","422,830","16,100","17,400","405,580","16,700","17,800","403,090","17,300","18,400","399,500"
Total Region South West,Total Region South West,Total Region South WestTotal Region South West," 3,400 "," 4,300 "," 346,250 ","3,500","4,400","362,570","3,200","3,800","220,230",3500,4400,337640,"3,600","4,500","340,590","3,600","4,500","346,290","3,600","4,600","343,990","3,700","4,600","341,900","3,800","4,800","337,220","3,900","4,900","339,350","4,000","5,000","311,500","10,500","11,600","281,850","10,600","11,700","283,080","10,900","12,000","264,370","11,300","12,400","231,940","11,200","12,300","243,610","12,400","13,400","243,270","12,500","13,500","257,400","13,900","14,900","234,550","14,500","15,600","229,260","15,100","16,100","224,040","16,000","17,000","217,370"
Total Region Wales,Total Region Wales,Total Region WalesTotal Region Wales," 3,200 "," 3,800 "," 200,330 ","3,200","3,900","212,550","3,400","4,000","399,690",3200,3900,190750,"3,300","4,000","192,210",n/a,n/a,n/a,n/a,n/a,n/a,n/a,n/a,n/a,n/a,n/a,n/a,n/a,n/a,n/a,n/a,n/a,n/a,"11,400","12,300","178,360","11,600","12,500","179,000","12,100","13,000","168,240","12,700","13,500","144,630","12,700","13,600","151,910",n/a,n/a,n/a,n/a,n/a,n/a,n/a,n/a,n/a,n/a,n/a,n/a,n/a,n/a,n/a,n/a,n/a,n/a
Total Number of Adults 1,Total Number of Adults 1,Total Number of Adults 1Total Number of Adults 1," 2,400 "," 3,200 "," 1,251,910 ","2,500","3,300","1,336,660","2,500","3,200","1,380,170",2500,3400,1224390,"2,600","3,300","1,237,130","2,500","3,400","1,235,370","2,600","3,400","1,222,390","2,600","3,500","1,207,810","2,700","3,700","1,197,390","2,800","3,700","1,195,530","2,900","3,900","1,051,410","9,900","11,000","1,088,620","10,000","11,000","1,131,310","10,300","11,400","1,051,520","10,800","11,900","930,560","10,800","11,900","974,960","11,700","12,700","926,340","11,800","12,900","1,000,950","13,100","14,200","906,830","13,800","14,900","891,310","14,400","15,400","864,710","15,200","16,200","853,070"
Total Number of Adults 2,Total Number of Adults 2,Total Number of Adults 2Total Number of Adults 2," 3,400 "," 4,100 "," 1,605,590 ","3,500","4,200","1,639,670","3,500","4,100","1,679,650",3500,4200,1441630,"3,600","4,300","1,451,520","3,600","4,300","1,450,330","3,600","4,300","1,436,250","3,600","4,300","1,420,530","3,700","4,500","1,412,830","3,800","4,600","1,410,740","3,800","4,700","1,254,130","12,400","13,500","1,475,830","12,500","13,500","1,464,170","12,900","13,900","1,366,320","13,500","14,500","1,165,830","13,400","14,500","1,220,540","14,500","15,500","1,162,820","14,600","15,600","1,238,860","16,000","17,000","1,136,960","16,600","17,600","1,111,670","17,300","18,200","1,076,970","18,200","19,000","1,065,830"
Total Number of Adults 3,Total Number of Adults 3,Total Number of Adults 3Total Number of Adults 3," 4,000 "," 4,700 "," 550,850 ","4,000","4,800","538,740","4,100","4,800","551,150",4000,4800,486770,"4,200","4,900","490,950","4,300","5,000","489,870","4,300","5,000","484,900","4,300","5,100","479,870","4,500","5,300","477,830","4,600","5,300","477,910","4,600","5,400","429,440","13,500","14,700","517,880","13,600","14,800","493,360","14,100","15,300","461,650","14,600","15,800","404,410","14,700","15,900","423,090","15,800","17,000","404,050","16,000","17,100","429,130","17,600","18,700","392,990","18,300","19,300","384,140","19,000","19,900","372,960","19,800","20,700","368,550"
Total Number of Adults 4,Total Number of Adults 4,Total Number of Adults 4Total Number of Adults 4," 4,500 "," 5,200 "," 219,080 ","4,500","5,300","223,210","4,700","5,300","227,920",4500,5200,199100,"4,800","5,500","200,780","4,900","5,600","200,270","4,900","5,600","198,260","5,000","5,700","196,270","5,200","5,900","195,730","5,300","6,000","195,750","5,300","6,000","176,680","14,800","16,100","207,920","14,800","16,100","206,220","15,400","16,700","192,910","15,800","17,100","166,560","16,000","17,300","174,490","17,200","18,400","166,810","17,400","18,600","176,870","19,100","20,200","161,470","19,800","20,800","157,490","20,500","21,400","153,160","21,200","22,100","151,100"
Total Number of Adults 5 or more,Total Number of Adults 5 or more,Total Number of Adults 5 or moreTotal Number of Adults 5 or more," 4,900 "," 5,700 "," 92,990 ","4,900","6,000","96,120","5,100","5,900","98,100",4900,5700,87300,"5,200","6,000","88,080","5,300","6,100","87,860","5,300","6,100","86,960","5,300","6,100","86,040","5,600","6,400","85,670","5,600","6,400","85,740","5,600","6,500","78,030","16,100","17,700","88,740","16,000","17,600","88,840","16,700","18,200","82,940","17,000","18,500","73,000","17,400","18,900","76,250","18,600","20,000","72,490","18,700","20,000","77,360","20,400","21,600","69,660","21,100","22,200","67,990","21,700","22,700","65,870","22,400","23,300","64,870"
Total Fuel Poverty Quintile FP - 1,Total Fuel Poverty Quintile FP - 1,Total Fuel Poverty Quintile FP - 1Total Fuel Poverty Quintile FP - 1," 3,300 "," 4,100 "," 667,520 ","3,200","4,000","706,990","3,200","3,900","745,510",3200,3900,692700,"3,300","4,000","698,620", n/a , n/a , n/a , n/a , n/a , n/a , n/a , n/a , n/a , n/a , n/a , n/a , n/a , n/a , n/a , n/a , n/a , n/a ,"11,200","12,400","555,660","11,300","12,300","631,810","11,800","12,900","596,600","11,300","12,200","539,630","11,300","12,200","565,570",n/a,n/a,n/a,n/a,n/a,n/a,n/a,n/a,n/a,n/a,n/a,n/a,n/a,n/a,n/a,n/a,n/a,n/a
Total Fuel Poverty Quintile FP - 2,Total Fuel Poverty Quintile FP - 2,Total Fuel Poverty Quintile FP - 2Total Fuel Poverty Quintile FP - 2," 3,200 "," 3,900 "," 665,720 ","3,300","4,100","731,420","3,300","4,000","748,260",3400,4100,679110,"3,500","4,200","684,550", n/a , n/a , n/a , n/a , n/a , n/a , n/a , n/a , n/a , n/a , n/a , n/a , n/a , n/a , n/a , n/a , n/a , n/a ,"11,500","12,700","619,070","11,600","12,700","645,370","12,300","13,400","590,610","12,700","13,800","541,410","12,700","13,800","567,200",n/a,n/a,n/a,n/a,n/a,n/a,n/a,n/a,n/a,n/a,n/a,n/a,n/a,n/a,n/a,n/a,n/a,n/a
Total Fuel Poverty Quintile FP - 3,Total Fuel Poverty Quintile FP - 3,Total Fuel Poverty Quintile FP - 3Total Fuel Poverty Quintile FP - 3," 3,200 "," 3,900 "," 707,110 ","3,300","4,100","721,020","3,300","4,000","754,660",3400,4200,676410,"3,500","4,300","682,180", n/a , n/a , n/a , n/a , n/a , n/a , n/a , n/a , n/a , n/a , n/a , n/a , n/a , n/a , n/a , n/a , n/a , n/a ,"12,100","13,300","673,070","12,100","13,200","642,350","12,800","14,000","614,500","13,300","14,400","534,080","13,300","14,400","559,520",n/a,n/a,n/a,n/a,n/a,n/a,n/a,n/a,n/a,n/a,n/a,n/a,n/a,n/a,n/a,n/a,n/a,n/a
Total Fuel Poverty Quintile FP - 4,Total Fuel Poverty Quintile FP - 4,Total Fuel Poverty Quintile FP - 4Total Fuel Poverty Quintile FP - 4," 3,300 "," 4,000 "," 748,700 ","3,400","4,200","737,160","3,400","4,100","742,350",3400,4200,635120,"3,500","4,300","640,560", n/a , n/a , n/a , n/a , n/a , n/a , n/a , n/a , n/a , n/a , n/a , n/a , n/a , n/a , n/a , n/a , n/a , n/a ,"12,600","13,800","704,370","12,700","13,800","663,780","13,000","14,100","608,070","13,900","15,000","510,810","13,900","15,000","534,500",n/a,n/a,n/a,n/a,n/a,n/a,n/a,n/a,n/a,n/a,n/a,n/a,n/a,n/a,n/a,n/a,n/a,n/a
Total Fuel Poverty Quintile FP - 5,Total Fuel Poverty Quintile FP - 5,Total Fuel Poverty Quintile FP - 5Total Fuel Poverty Quintile FP - 5," 3,400 "," 4,100 "," 734,970 ","3,400","4,200","737,040","3,400","4,000","787,140",3300,4100,623410,"3,400","4,100","629,920", n/a , n/a , n/a , n/a , n/a , n/a , n/a , n/a , n/a , n/a , n/a , n/a , n/a , n/a , n/a , n/a , n/a , n/a ,"12,400","13,500","674,440","12,500","13,600","653,340","12,300","13,300","606,010","13,900","15,000","507,500","13,900","15,100","530,270",n/a,n/a,n/a,n/a,n/a,n/a,n/a,n/a,n/a,n/a,n/a,n/a,n/a,n/a,n/a,n/a,n/a,n/a
Total Index of Multiple Deprivation Quintile IMD - 1,Total Index of Multiple Deprivation Quintile IMD - 1,Total Index of Multiple Deprivation Quintile IMD - 1Total Index of Multiple Deprivation Quintile IMD - 1," 3,600 "," 4,300 "," 737,350 ","3,000","3,600","726,730","2,900","3,500","755,320",2900,3600,668510,"3,000","3,600","676,910", n/a , n/a , n/a , n/a , n/a , n/a , n/a , n/a , n/a , n/a , n/a , n/a , n/a , n/a , n/a , n/a , n/a , n/a ,"14,500","15,800","702,780","9,800","10,600","647,390","10,300","11,100","607,290","10,800","11,600","549,010","10,900","11,800","572,150",n/a,n/a,n/a,n/a,n/a,n/a,n/a,n/a,n/a,n/a,n/a,n/a,n/a,n/a,n/a,n/a,n/a,n/a
Total Index of Multiple Deprivation Quintile IMD - 2,Total Index of Multiple Deprivation Quintile IMD - 2,Total Index of Multiple Deprivation Quintile IMD - 2Total Index of Multiple Deprivation Quintile IMD - 2," 3,400 "," 4,200 "," 734,750 ","3,200","3,900","726,850","3,100","3,800","754,900",3100,3900,665540,"3,200","3,900","671,680", n/a , n/a , n/a , n/a , n/a , n/a , n/a , n/a , n/a , n/a , n/a , n/a , n/a , n/a , n/a , n/a , n/a , n/a ,"13,000","14,200","651,920","11,000","11,900","647,330","11,400","12,400","600,280","11,900","12,900","537,190","12,000","13,000","562,090",n/a,n/a,n/a,n/a,n/a,n/a,n/a,n/a,n/a,n/a,n/a,n/a,n/a,n/a,n/a,n/a,n/a,n/a
Total Index of Multiple Deprivation Quintile IMD - 3,Total Index of Multiple Deprivation Quintile IMD - 3,Total Index of Multiple Deprivation Quintile IMD - 3Total Index of Multiple Deprivation Quintile IMD - 3," 3,300 "," 4,100 "," 738,760 ","3,400","4,300","726,660","3,300","4,100","755,340",3400,4200,667430,"3,500","4,300","672,640", n/a , n/a , n/a , n/a , n/a , n/a , n/a , n/a , n/a , n/a , n/a , n/a , n/a , n/a , n/a , n/a , n/a , n/a ,"12,000","13,100","634,680","12,000","13,100","647,310","12,400","13,500","599,620","13,000","14,000","506,320","12,900","14,000","530,580",n/a,n/a,n/a,n/a,n/a,n/a,n/a,n/a,n/a,n/a,n/a,n/a,n/a,n/a,n/a,n/a,n/a,n/a
Total Index of Multiple Deprivation Quintile IMD - 4,Total Index of Multiple Deprivation Quintile IMD - 4,Total Index of Multiple Deprivation Quintile IMD - 4Total Index of Multiple Deprivation Quintile IMD - 4," 3,100 "," 3,800 "," 751,700 ","3,500","4,400","726,700","3,500","4,300","755,360",3500,4400,653730,"3,700","4,500","659,010", n/a , n/a , n/a , n/a , n/a , n/a , n/a , n/a , n/a , n/a , n/a , n/a , n/a , n/a , n/a , n/a , n/a , n/a ,"11,000","12,000","687,160","13,100","14,200","647,350","13,500","14,700","603,000","14,000","15,200","499,730","13,900","15,100","524,850",n/a,n/a,n/a,n/a,n/a,n/a,n/a,n/a,n/a,n/a,n/a,n/a,n/a,n/a,n/a,n/a,n/a,n/a
Total Index of Multiple Deprivation Quintile IMD - 5,Total Index of Multiple Deprivation Quintile IMD - 5,Total Index of Multiple Deprivation Quintile IMD - 5Total Index of Multiple Deprivation Quintile IMD - 5," 2,900 "," 3,500 "," 761,800 ","3,600","4,400","726,690","3,700","4,400","756,600",3700,4500,651550,"3,800","4,600","655,600", n/a , n/a , n/a , n/a , n/a , n/a , n/a , n/a , n/a , n/a , n/a , n/a , n/a , n/a , n/a , n/a , n/a , n/a ,"9,800","10,700","728,440","14,600","15,900","647,270","15,000","16,200","605,360","15,500","16,800","541,180","15,300","16,600","567,390",n/a,n/a,n/a,n/a,n/a,n/a,n/a,n/a,n/a,n/a,n/a,n/a,n/a,n/a,n/a,n/a,n/a,n/a
Total All Properties,Total All Properties,Total All PropertiesTotal All Properties," 3,300 "," 4,000 "," 3,724,360 ","3,300","4,100","3,846,180","3,300","4,000","3,998,160",3300,4100,3498160,"3,400","4,200","3,528,760","3,500","4,200","3,458,030","3,400","4,200","3,425,800","3,500","4,300","3,403,390","3,600","4,500","3,395,530","3,700","4,500","3,389,650","3,800","4,600","2,996,480","12,200","13,100","3,404,980","12,000","13,100","3,415,650","12,400","13,500","3,184,030","12,900","14,000","2,778,260","12,900","14,100","2,909,210","14,000","15,100","2,757,930","14,100","15,200","2,949,010","15,600","16,600","2,689,450","16,200","17,200","2,640,270","16,800","17,800","2,562,760","17,700","18,600","2,531,820"
